"행정구역별(시도)","성별","연령별","항목","단위","2009 년","2010 년","2011 년","2012 년","2013 년","2014 년","2015 년","2016 년","2017 년","2018 년","2019 년","2020 년","2021 년","2022 년","2023 년","2024 년",
"전국","계","계","수급자수","","1482719","1458198","1379865","1300499","1258582","1237386","1554484","1539539","1491650","1653781","1792012","2046213","2268852","2359228","2458608","2573778",
"전국","계","0 - 4세","수급자수","","28338","27106","25014","22412","20871","20428","24242","21988","19886","21744","24198","27383","27473","25829","25145","24655",
"전국","계","0세","수급자수","","3523","3711","3570","3091","2631","2582","3084","2640","2370","2630","2691","2963","2747","2459","2546","2497",
"전국","계","1세","수급자수","","4988","4552","4551","4250","3902","3479","4121","3916","3491","3664","4181","4652","4653","4038","3951","4028",
"전국","계","2세","수급자수","","6133","5521","4694","4654","4527","4281","4694","4424","4155","4438","4771","5551","5639","5292","4846","4884",
"전국","계","3세","수급자수","","6392","6552","5591","4744","4872","4882","5752","4973","4630","5222","5770","6349","6685","6427","6251","5801",
"전국","계","4세","수급자수","","7302","6770","6608","5673","4939","5204","6591","6035","5240","5790","6785","7868","7749","7613","7551","7445",
"전국","계","5 - 9세","수급자수","","65428","56051","47787","41804","37804","34928","73176","73282","65139","64948","68695","75857","79313","75178","73831","72880",
"전국","계","5세","수급자수","","8714","7721","6896","6699","5944","5272","6977","6933","6355","6627","7372","9174","9653","8839","8898","8865",
"전국","계","6세","수급자수","","10314","9175","7816","6943","6916","6309","6999","7419","7321","7991","8274","9896","11117","10869","10172","10445",
"전국","계","7세","수급자수","","12156","10816","9260","7895","7232","7320","18173","15883","15238","15796","16226","16216","17305","16565","16108","15097",
"전국","계","8세","수급자수","","15155","12669","10965","9300","8146","401","20667","20246","16398","17066","17906","19344","18966","18587","18421","18101",
"전국","계","9세","수급자수","","19089","15670","12850","10967","9566","259","20360","22801","19827","17468","18917","21227","22272","20318","20232","20372",
"전국","계","10 - 14세","수급자수","","135623","124724","109979","93517","81506","71185","137462","133922","120662","115363","112100","122728","130213","129601","129758","132000",
"전국","계","10세","수급자수","","21244","19673","15721","12820","11189","173","21341","22362","22125","20401","18801","22071","23928","23655","22043","22066",
"전국","계","11세","수급자수","","23919","21828","19726","15616","13100","7586","23983","23214","21595","22852","21487","21906","24687","25418","25308","23757",
"전국","계","12세","수급자수","","27228","24554","21827","19385","15945","8441","26393","26185","22573","22268","23950","24585","24323","26096","27099","27212",
"전국","계","13세","수급자수","","29901","28067","24676","21481","19686","9891","30417","29509","25927","23497","23626","27725","27410","25934","28067","29236",
"전국","계","14세","수급자수","","33331","30602","28029","24215","21586","11469","35328","32652","28442","26345","24236","26441","29865","28498","27241","29729",
"전국","계","15 - 19세","수급자수","","179584","176277","163648","146939","136087","125294","216066","209498","181195","165861","151038","150991","147840","145926","145882","147170",
"전국","계","15세","수급자수","","36248","34126","30589","27524","24378","13433","42871","38065","31772","29058","27156","27187","28386","31046","29881","28733",
"전국","계","16세","수급자수","","38245","37086","34053","29999","27643","16363","47269","48124","38297","33335","30726","31418","29278","29568","32741","31659",
"전국","계","17세","수급자수","","40361","38291","36201","32409","29534","20029","50300","49485","45376","38189","33239","33349","32467","29680","30393","33863",
"전국","계","18세","수급자수","","37245","38173","35165","32255","30134","21870","49266","48781","42961","42505","36257","34824","34064","32498","30214","31150",
"전국","계","19세","수급자수","","27485","28601","27640","24752","24398","24676","26360","25043","22789","22774","23660","24213","23645","23134","22653","21765",
"전국","계","20 - 24세","수급자수","","57899","60922","60897","59978","61542","63768","73263","72059","69115","73096","75153","87004","91310","87433","86651","87412",
"전국","계","20세","수급자수","","18083","18921","18822","18039","17551","27485","20051","19421","18279","18062","18048","20991","20251","18645","18516","18342",
"전국","계","21세","수급자수","","13405","14142","14686","14645","14867","27791","16038","15892","15427","16552","16263","18308","20312","18523","17562","17932",
"전국","계","22세","수급자수","","11220","11926","11888","12283","13169","23472","15501","15063","14254","15430","16284","18092","19096","19785","18547","18024",
"전국","계","23세","수급자수","","8591","9098","8972","8653","9429","17310","12422","12088","11836","12666","13471","16112","16788","16272","17700","16993",
"전국","계","24세","수급자수","","6600","6835","6529","6358","6526","14746","9251","9595","9319","10386","11087","13501","14863","14208","14326","16121",
"전국","계","25 - 29세","수급자수","","22906","21940","19979","17953","17639","18358","21631","22173","22767","26275","29684","38506","43814","44776","46439","50302",
"전국","계","25세","수급자수","","5033","5303","5101","4705","4847","13909","6455","6978","7225","8015","8855","10799","12065","12283","12182","12699",
"전국","계","26세","수급자수","","4472","4193","3969","3859","3775","10353","4561","4825","5029","5845","6394","8564","9389","9664","10162","11117",
"전국","계","27세","수급자수","","4495","3988","3475","3144","3275","7450","3857","3798","3979","4729","5416","7000","8241","8226","8729","9688",
"전국","계","28세","수급자수","","4378","4197","3489","3006","2874","5105","3334","3390","3347","3979","4725","6307","7184","7613","7784","8717",
"전국","계","29세","수급자수","","4528","4259","3945","3239","2868","3972","3424","3182","3187","3707","4294","5836","6935","6990","7582","8081",
"전국","계","30 - 34세","수급자수","","30736","28280","25767","23562","22293","21259","23686","21897","20323","23137","27200","35868","41330","43843","47286","52195",
"전국","계","30세","수급자수","","4846","4625","4210","3964","3361","3267","3502","3534","3339","3989","4819","6375","7735","8196","8465","9648",
"전국","계","31세","수급자수","","5076","5097","4678","4283","4097","3099","3880","3667","3680","4190","5102","6937","7940","8712","9684","9971",
"전국","계","32세","수급자수","","6115","5345","5141","4745","4507","2915","4487","4025","3877","4605","5229","7151","8287","8656","9757","10953",
"전국","계","33세","수급자수","","6590","6370","5364","5160","4947","3051","5604","4747","4319","4922","5790","7325","8538","9002","9482","10973",
"전국","계","34세","수급자수","","8109","6843","6374","5410","5381","3574","6213","5924","5108","5431","6260","8080","8830","9277","9898","10650",
"전국","계","35 - 39세","수급자수","","68599","61726","52480","45027","39104","35806","40575","38960","37593","42944","47494","57293","61695","59932","60391","63243",
"전국","계","35세","수급자수","","9887","8447","6899","6458","5677","4428","6903","6509","6367","6570","6784","8699","9859","9686","10436","11194",
"전국","계","36세","수급자수","","12172","10353","8525","6991","6686","4874","7390","7305","6915","7995","8298","9415","10498","10766","10827","11762",
"전국","계","37세","수급자수","","13455","12626","10416","8551","7182","5332","7702","7718","7732","8628","9963","11281","11401","11690","11932","12229",
"전국","계","38세","수급자수","","15632","14042","12677","10415","8870","5722","9024","7978","8206","9583","10694","13457","13731","12721","12998","13425",
"전국","계","39세","수급자수","","17453","16258","13963","12612","10689","6064","9556","9450","8373","10168","11755","14441","16206","15069","14198","14633",
"전국","계","40 - 44세","수급자수","","113626","108072","99253","88518","80048","73102","78434","69911","63530","65376","69158","84302","94957","98097","102611","103752",
"전국","계","40세","수급자수","","20066","17977","16254","13845","12877","7123","11521","9863","9867","10291","12363","15684","17346","17731","16769","15849",
"전국","계","41세","수급자수","","22833","20454","17800","16011","14131","7599","13774","11832","10254","11808","12223","16450","18707","19034","19639","18676",
"전국","계","42세","수급자수","","22761","23246","20078","17335","16138","9298","16176","14045","12176","12176","13939","15957","19269","20368","20994","21670",
"전국","계","43세","수급자수","","23228","23092","22757","19452","17430","11179","17446","16505","14412","14378","14096","18058","18650","20916","22353","23109",
"전국","계","44세","수급자수","","24738","23303","22364","21875","19472","13301","19517","17666","16821","16723","16537","18153","20985","20048","22856","24448",
"전국","계","45 - 49세","수급자수","","132883","128224","118337","108244","105967","103602","113304","109808","105217","109274","112882","127874","131142","128450","125794","128026",
"전국","계","45세","수급자수","","24628","24651","22382","21225","21596","14413","20772","19587","17992","19125","18994","20720","21042","22356","21723","24974",
"전국","계","46세","수급자수","","24580","24469","23619","21119","20793","16522","22526","20732","19856","20299","21460","23710","23581","22388","24026","23468",
"전국","계","47세","수급자수","","27305","24332","23460","22311","20612","17687","24311","22453","20812","22235","22535","26280","26595","25055","24016","25726",
"전국","계","48세","수급자수","","28120","27090","23163","21960","21641","19573","23137","24058","22494","23134","24562","27524","29385","28016","26572","25611",
"전국","계","49세","수급자수","","28250","27682","25713","21629","21325","21573","22558","22978","24063","24481","25331","29640","30539","30635","29457","28247",
"전국","계","50 - 54세","수급자수","","114124","119558","121081","117505","115051","113678","121131","116896","114606","125644","134888","157281","172713","175140","175218","175641",
"전국","계","50세","수급자수","","25828","27915","26263","24056","21037","20670","23489","22371","22939","26163","26489","30436","33050","31923","32055","30994",
"전국","계","51세","수급자수","","23375","25376","26832","24599","23361","20384","23166","23174","22292","24972","28113","31384","33589","34227","33504","33688",
"전국","계","52세","수급자수","","23121","22993","24153","25240","23829","21402","23093","23055","23100","24206","26878","33147","34812","34969","35705","35385",
"전국","계","53세","수급자수","","20679","22764","21949","22782","24545","21126","25332","22971","23139","25156","26178","31533","36489","36127","36284","37566",
"전국","계","54세","수급자수","","21121","20510","21884","20828","22279","21018","26051","25325","23136","25147","27230","30781","34773","37894","37670","38008",
"전국","계","55 - 59세","수급자수","","75402","82738","87834","89775","95502","102817","119446","125858","130303","142546","151959","170538","180683","183502","191828","199635",
"전국","계","55세","수급자수","","17687","20929","19786","20801","20456","23109","27026","26172","25570","25102","27458","31894","33958","36147","39301","39497",
"전국","계","56세","수급자수","","14837","17574","20250","18907","20513","23774","24815","27239","26653","27916","27388","32313","35292","35386","37504","41079",
"전국","계","57세","수급자수","","16779","14795","17122","19596","18670","24651","23061","25204","27942","29510","30467","32087","35697","36959","36993","39380",
"전국","계","58세","수급자수","","12597","16770","14374","16581","19468","22337","23271","23473","25887","31051","32531","35965","35590","37493","38623","38965",
"전국","계","59세","수급자수","","13502","12670","16302","13890","16395","20791","21273","23770","24251","28967","34115","38279","40146","37517","39407","40714",
"전국","계","60 - 64세","수급자수","","69724","71366","69398","69167","69056","74113","92616","102556","110765","134317","155921","187074","213973","225456","232395","236409",
"전국","계","60세","수급자수","","14149","13627","12346","15991","13936","20769","22811","21934","24745","27344","32310","40329","43015","42502","39672","41583",
"전국","계","61세","수급자수","","14291","14310","13275","12107","16019","18935","19309","23442","22781","28371","30588","38376","45410","45795","44970","41811",
"전국","계","62세","수급자수","","15336","14489","14035","13068","12091","19985","16700","19938","24326","26104","31816","36037","42826","48080","48505","47807",
"전국","계","63세","수급자수","","13048","15583","14297","13771","13117","16924","19121","17378","20710","28072","29315","37394","40361","45632","50582","51376",
"전국","계","64세","수급자수","","12900","13357","15445","14230","13893","14441","14675","19864","18203","24426","31892","34938","42361","43447","48666","53832",
"전국","계","65 - 69세","수급자수","","100694","97496","89530","83114","82310","83965","97282","98293","102114","122669","143794","175071","211688","232980","255906","278012",
"전국","계","65세","수급자수","","15899","14198","14412","16875","15823","16525","17666","16479","22678","23939","31038","40891","42880","48721","49108","55067",
"전국","계","66세","수급자수","","18028","16963","14702","15199","18126","12597","19437","18954","17766","28187","28398","36800","47715","47462","53012","53685",
"전국","계","67세","수급자수","","24223","18941","17032","14994","15715","13626","19966","20123","19845","21611","32559","32624","42095","51667","50677","56822",
"전국","계","68세","수급자수","","21724","25066","18800","17209","15273","15977","21859","20573","20821","23844","24661","37032","37129","45362","55011","54065",
"전국","계","69세","수급자수","","20820","22328","24584","18837","17373","17129","18354","22164","21004","25088","27138","27724","41869","39768","48098","58373",
"전국","계","70 - 74세","수급자수","","107321","107653","105191","107652","104860","101872","108550","103040","99355","120076","136615","155542","175069","191775","205406","226112",
"전국","계","70세","수급자수","","22522","21208","21758","24466","18843","18972","17717","18436","22497","25416","28551","30448","31400","44812","42232","51148",
"전국","계","71세","수급자수","","21926","22803","20512","21422","24382","16259","19755","17779","18622","27069","28633","31755","34305","33719","47611","44996",
"전국","계","72세","수급자수","","21025","22111","21934","20159","21289","15628","21191","19598","17909","22587","30367","31814","35835","36786","35837","50628",
"전국","계","73세","수급자수","","20670","21009","21123","21231","19729","17655","26838","20880","19672","21364","25261","33689","35718","38333","39100","38012",
"전국","계","74세","수급자수","","21178","20522","19864","20374","20617","19173","23049","26347","20655","23640","23803","27836","37811","38125","40626","41328",
"전국","계","75 - 79세","수급자수","","85696","89153","88186","88017","89284","90349","99203","101057","106275","131496","145663","155790","169612","174625","186765","201448",
"전국","계","75세","수급자수","","20076","20949","19218","19106","19812","24424","21037","22626","25808","25051","26448","26238","31299","40383","40463","43151",
"전국","계","76세","수급자수","","17971","19658","19500","18363","18351","21152","21609","20345","22064","31387","27934","29032","29287","33187","42800","42762",
"전국","계","77세","수급자수","","17345","17414","18189","18484","17513","19468","20510","20833","19652","26711","34970","30476","32378","31119","35038","44890",
"전국","계","78세","수급자수","","15134","16730","16045","17083","17482","20105","18618","19527","20099","23932","29788","37960","34184","34125","32632","36634",
"전국","계","79세","수급자수","","15170","14402","15234","14981","16126","19329","17429","17726","18652","24415","26523","32084","42464","35811","35832","34011",
"전국","계","80 - 84세","수급자수","","55341","57394","56731","57429","57999","59601","66928","69276","71051","97572","115936","129738","157110","178361","188943","195342",
"전국","계","80세","수급자수","","13941","14184","13023","14120","13969","17611","17008","16414","16820","22860","27136","28379","35952","44406","37189","37011",
"전국","계","81세","수급자수","","12587","13052","12770","11981","13089","16739","15352","15873","15492","21136","25075","28949","31897","37287","45953","38373",
"전국","계","82세","수급자수","","11321","11646","11602","11652","10975","16565","13003","14247","14786","19391","22959","26513","32495","32929","38304","47157",
"전국","계","83세","수급자수","","9099","10361","10352","10473","10553","15172","11917","11932","13054","18292","20991","24140","29827","33418","33579","38948",
"전국","계","84세","수급자수","","8393","8151","8984","9203","9413","12932","9648","10810","10899","15893","19775","21757","26939","30321","33918","33853",
"전국","계","85 - 89세","수급자수","","27845","28287","27505","27807","28599","30078","33388","34396","35835","49202","61447","73360","94691","107148","120231","132942",
"전국","계","85세","수급자수","","6822","7375","7004","7943","8210","12049","9048","8625","9795","13188","17062","20316","24293","27195","30292","33807",
"전국","계","86세","수급자수","","7158","5995","6274","6093","7016","9973","7915","8083","7718","11670","14009","17330","22517","24215","26988","29803",
"전국","계","87세","수급자수","","6036","6208","5004","5338","5295","9475","6744","6942","7173","9087","12354","14024","19186","22259","23727","26193",
"전국","계","88세","수급자수","","4308","5112","5093","4215","4587","8357","5621","5897","6092","8350","9481","12319","15395","18724","21445","22801",
"전국","계","89세","수급자수","","3521","3597","4130","4218","3491","7244","4060","4849","5057","6907","8541","9371","13300","14755","17779","20338",
"전국","계","90 - 94세","수급자수","","8577","8848","8994","9694","10647","10642","11389","11715","12540","17349","22363","27117","35340","40772","45902","52476",
"전국","계","90세","수급자수","","2662","2874","2908","3389","3532","6125","3340","3425","4154","5679","7000","8311","10091","12496","13661","16458",
"전국","계","91세","수급자수","","2017","2118","2250","2346","2793","4523","2402","2772","2861","4563","5714","6702","8673","9314","11583","12496",
"전국","계","92세","수급자수","","1746","1553","1641","1767","1913","3829","2531","1958","2304","3055","4485","5392","7021","7913","8350","10356",
"전국","계","93세","수급자수","","1244","1361","1185","1300","1389","2841","1888","2075","1579","2401","2913","4056","5524","6259","6911","7250",
"전국","계","94세","수급자수","","908","942","1010","892","1020","2980","1228","1485","1642","1651","2251","2656","4031","4790","5397","5916",
"전국","계","95 - 99세","수급자수","","1959","1910","1926","2001","2024","2149","2323","2535","2924","4267","5063","6003","7718","9003","10529","12311",
"전국","계","95세","수급자수","","664","642","677","744","703","2245","851","944","1182","1622","1546","1963","2606","3428","4090","4518",
"전국","계","96세","수급자수","","481","495","460","505","545","1497","596","645","737","1167","1504","1366","1886","2151","2827","3346",
"전국","계","97세","수급자수","","395","343","347","345","355","1079","401","422","476","701","1053","1293","1271","1536","1693","2251",
"전국","계","98세","수급자수","","244","274","248","240","250","790","297","303","320","472","588","895","1184","1002","1170","1314",
"전국","계","99세","수급자수","","175","156","194","167","171","526","178","221","209","305","372","486","771","886","749","882",
"전국","계","100세 이상","수급자수","","414","473","348","384","389","392","389","419","455","625","761","893","1168","1401","1697","1815",
"전국","남자","계","수급자수","","638061","626798","594955","562115","547323","543391","700222","699735","682893","745306","803502","920321","1011833","1046016","1087444","1139833",
"전국","남자","0 - 4세","수급자수","","14676","14062","13002","11701","10888","10695","12591","11391","10280","11211","12352","14065","14167","13290","12784","12572",
"전국","남자","0세","수급자수","","1818","1893","1886","1597","1389","1361","1565","1349","1253","1325","1378","1554","1418","1302","1294","1276",
"전국","남자","1세","수급자수","","2632","2342","2324","2223","2043","1858","2163","2037","1801","1933","2144","2426","2411","2063","2060","2072",
"전국","남자","2세","수급자수","","3160","2935","2444","2381","2369","2235","2476","2318","2119","2315","2420","2821","2917","2688","2455","2482",
"전국","남자","3세","수급자수","","3359","3352","2972","2482","2479","2579","2958","2584","2384","2648","3001","3210","3444","3279","3147","2970",
"전국","남자","4세","수급자수","","3707","3540","3376","3018","2608","2662","3429","3103","2723","2990","3409","4054","3977","3958","3828","3772",
"전국","남자","5 - 9세","수급자수","","33643","28697","24568","21543","19492","18049","37584","37678","33666","33491","35376","38809","40683","38469","37869","37501",
"전국","남자","5세","수급자수","","4491","3909","3614","3415","3150","2789","3596","3611","3285","3405","3832","4661","4927","4525","4635","4562",
"전국","남자","6세","수급자수","","5298","4780","3943","3633","3495","3320","3742","3851","3807","4133","4277","5093","5645","5548","5189","5393",
"전국","남자","7세","수급자수","","6182","5563","4812","3971","3779","3710","9328","8245","7830","8101","8385","8324","8844","8499","8264","7718",
"전국","남자","8세","수급자수","","7715","6445","5661","4869","4092","38","10488","10460","8506","8809","9110","9958","9743","9489","9467","9314",
"전국","남자","9세","수급자수","","9957","8000","6538","5655","4976","21","10430","11511","10238","9043","9772","10773","11524","10408","10314","10514",
"전국","남자","10 - 14세","수급자수","","69737","64061","56335","47962","41736","36586","70258","68580","61832","59175","57358","62832","66546","66433","66428","67542",
"전국","남자","10세","수급자수","","10938","10179","8068","6500","5749","17","10797","11504","11215","10531","9636","11381","12148","12188","11287","11244",
"전국","남자","11세","수급자수","","12263","11245","10204","8028","6645","3980","12398","11759","11129","11597","11075","11204","12755","12867","13024","12172",
"전국","남자","12세","수급자수","","13832","12575","11187","10007","8212","4250","13581","13480","11479","11491","12082","12647","12432","13514","13699","13958",
"전국","남자","13세","수급자수","","15456","14221","12667","11022","10093","5153","15461","15166","13383","11981","12168","14003","14090","13245","14488","14816",
"전국","남자","14세","수급자수","","17248","15841","14209","12405","11037","5928","18021","16671","14626","13575","12397","13597","15121","14619","13930","15352",
"전국","남자","15 - 19세","수급자수","","89857","87996","81928","73612","68464","63016","108144","105250","91127","83461","75976","76163","74359","73301","73346","74021",
"전국","남자","15세","수급자수","","18693","17585","15787","13947","12435","6811","21831","19386","16223","14787","13978","13856","14580","15653","15316","14697",
"전국","남자","16세","수급자수","","19363","19062","17482","15447","13989","8385","24045","24460","19442","17071","15619","16119","14847","15255","16524","16257",
"전국","남자","17세","수급자수","","20292","19330","18551","16561","15142","10309","25181","25055","22947","19289","16939","16972","16540","15068","15625","17034",
"전국","남자","18세","수급자수","","18444","19060","17562","16419","15273","11196","24226","24474","21701","21412","18223","17699","17258","16379","15172","15908",
"전국","남자","19세","수급자수","","13065","12959","12546","11238","11625","12556","12861","11875","10814","10902","11217","11517","11134","10946","10709","10125",
"전국","남자","20 - 24세","수급자수","","25240","26149","25930","25697","26396","27810","32571","32636","31321","32889","33598","38332","39985","38141","37521","37384",
"전국","남자","20세","수급자수","","6625","6632","6121","5978","5875","13857","7844","7833","7167","7017","7052","7950","7601","6811","6788","6675",
"전국","남자","21세","수급자수","","5041","5185","5563","5338","5365","14216","5804","5937","6086","6348","6236","7050","7730","7035","6564","6616",
"전국","남자","22세","수급자수","","5299","5608","5654","5997","6215","11191","7243","7054","6504","7189","7380","8194","8557","8772","8213","7831",
"전국","남자","23세","수급자수","","4521","4866","4830","4714","5187","6161","6538","6439","6378","6540","6972","7918","8416","8037","8592","8105",
"전국","남자","24세","수급자수","","3754","3858","3762","3670","3754","5270","5142","5373","5186","5795","5958","7220","7681","7486","7364","8157",
"전국","남자","25 - 29세","수급자수","","11655","11229","10244","9302","9198","9658","11273","11591","11886","13507","15124","19344","22080","22288","23309","25077",
"전국","남자","25세","수급자수","","2852","3031","2899","2711","2809","6536","3705","3895","4017","4350","4891","5683","6447","6279","6429","6465",
"전국","남자","26세","수급자수","","2467","2293","2165","2085","2063","5492","2480","2662","2730","3100","3347","4558","4833","5030","5113","5775",
"전국","남자","27세","수급자수","","2277","2038","1741","1590","1679","4351","1996","1920","2076","2423","2665","3502","4248","4075","4449","4765",
"전국","남자","28세","수급자수","","2048","1969","1673","1417","1364","2955","1552","1658","1576","1963","2239","2948","3445","3709","3755","4295",
"전국","남자","29세","수급자수","","2011","1898","1766","1499","1283","2224","1540","1456","1487","1671","1982","2653","3107","3195","3563","3777",
"전국","남자","30 - 34세","수급자수","","12469","11686","10689","9807","9344","9051","9874","9183","8706","10021","12006","16117","18746","20064","21670","24183",
"전국","남자","30세","수급자수","","2029","2008","1826","1729","1518","1659","1503","1547","1511","1881","2230","3010","3652","3791","3944","4691",
"전국","남자","31세","수급자수","","2113","2135","1985","1823","1734","1480","1614","1581","1576","1873","2361","3241","3707","4112","4458","4639",
"전국","남자","32세","수급자수","","2580","2211","2081","1987","1905","1340","1928","1649","1686","1991","2312","3261","3819","3991","4632","4990",
"전국","남자","33세","수급자수","","2602","2627","2205","2042","2078","1331","2316","1981","1771","2066","2536","3117","3851","4052","4301","5099",
"전국","남자","34세","수급자수","","3145","2705","2592","2226","2109","1578","2513","2425","2162","2210","2567","3488","3717","4118","4335","4764",
"전국","남자","35 - 39세","수급자수","","26113","23462","20166","17454","15532","14328","16196","15773","15364","17534","19235","23201","25191","24462","24801","26241",
"전국","남자","35세","수급자수","","3887","3251","2684","2656","2332","1873","2828","2622","2566","2764","2760","3560","4205","4011","4550","4799",
"전국","남자","36세","수급자수","","4579","4066","3298","2747","2730","2040","2882","3026","2811","3251","3435","3827","4266","4559","4449","5113",
"전국","남자","37세","수급자수","","5116","4709","4067","3285","2814","2229","3082","3039","3216","3501","3960","4638","4637","4686","4994","5015",
"전국","남자","38세","수급자수","","5911","5324","4735","4062","3442","2255","3620","3245","3290","3938","4310","5363","5649","5107","5158","5540",
"전국","남자","39세","수급자수","","6620","6112","5382","4704","4214","2507","3784","3841","3481","4080","4770","5813","6434","6099","5650","5774",
"전국","남자","40 - 44세","수급자수","","47097","44068","39689","35614","32088","29586","31670","28457","26260","27350","28818","34976","39195","39847","41114","41390",
"전국","남자","40세","수급자수","","7876","6852","6176","5399","4867","2902","4477","3937","4055","4289","4938","6351","6990","7002","6714","6309",
"전국","남자","41세","수급자수","","9054","8065","6867","6214","5614","3011","5570","4720","4169","4868","5163","6687","7596","7612","7728","7465",
"전국","남자","42세","수급자수","","9121","9375","8063","6820","6375","3653","6314","5782","4997","5067","5842","6708","7856","8261","8340","8510",
"전국","남자","43세","수급자수","","10141","9414","9304","7977","7012","4501","7173","6575","6079","5967","5901","7520","7897","8471","9037","9188",
"전국","남자","44세","수급자수","","10905","10362","9279","9204","8220","5140","8136","7443","6960","7159","6974","7710","8856","8501","9295","9918",
"전국","남자","45 - 49세","수급자수","","68437","64253","58581","52421","50320","48841","52805","50565","48934","50288","51986","58238","59076","56882","55285","55239",
"전국","남자","45세","수급자수","","11494","11084","10223","9109","9363","5865","8874","8445","7832","8108","8314","8877","9046","9464","9187","10122",
"전국","남자","46세","수급자수","","12180","11666","10936","9942","9204","6727","10058","9088","8909","9080","9338","10485","10239","9673","10173","10024",
"전국","남자","47세","수급자수","","14040","12340","11494","10691","10070","7353","11263","10375","9433","10207","10422","11607","11938","11013","10479","10984",
"전국","남자","48세","수급자수","","15000","14207","12133","11083","10674","8535","10894","11485","10791","10867","11672","12947","13226","12724","11872","11341",
"전국","남자","49세","수급자수","","15723","14956","13795","11596","11009","9718","11716","11172","11969","12026","12240","14322","14627","14008","13574","12768",
"전국","남자","50 - 54세","수급자수","","65350","68348","69058","66771","65225","63964","67092","64434","62587","67547","71918","82810","89368","89752","88169","87223",
"전국","남자","50세","수급자수","","14699","15694","14450","13104","11489","9457","12160","11908","11463","13269","13340","15101","16270","15430","14903","14445",
"전국","남자","51세","수급자수","","13504","14457","15287","13757","12927","10282","12585","12266","12182","12797","14555","16036","17003","17084","16440","15906",
"전국","남자","52세","수급자수","","13289","13342","13872","14542","13547","10849","13014","12748","12514","13448","14030","17455","18103","17900","18043","17693",
"전국","남자","53세","수급자수","","11950","13108","12849","13156","14269","11230","14335","13074","13042","13820","14849","16631","19450","18982","18749","19259",
"전국","남자","54세","수급자수","","11908","11747","12600","12212","12993","11682","14998","14438","13386","14213","15144","17587","18542","20356","20034","19920",
"전국","남자","55 - 59세","수급자수","","40020","44650","48292","50229","54464","59136","68722","72774","75776","82107","87595","97401","103158","103330","106828","110523",
"전국","남자","55세","수급자수","","9918","11727","11352","11978","12059","12986","15727","15126","14732","14527","15660","17776","19503","19408","21340","21267",
"전국","남자","56세","수급자수","","7988","9780","11307","10809","11843","13652","14355","15875","15559","16043","15994","18431","19701","20347","20218","22430",
"전국","남자","57세","수급자수","","8900","7892","9522","10932","10672","14414","13468","14600","16336","17091","17560","18666","20374","20605","21307","21427",
"전국","남자","58세","수급자수","","6526","8775","7639","9183","10823","13037","13261","13710","15014","17932","18794","20653","20675","21294","21623","22552",
"전국","남자","59세","수급자수","","6688","6476","8472","7327","9067","12279","11911","13463","14135","16514","19587","21875","22905","21676","22340","22847",
"전국","남자","60 - 64세","수급자수","","29753","31414","31572","32846","33988","37940","48150","54345","59990","72678","84921","102600","117826","124027","128634","132054",
"전국","남자","60세","수급자수","","6693","6602","6229","8245","7317","11965","12429","12192","14018","15607","18344","22935","24402","24052","22867","23608",
"전국","남자","61세","수급자수","","6343","6678","6332","6064","8229","10778","10449","12685","12589","15742","17267","21398","25517","25649","25275","24030",
"전국","남자","62세","수급자수","","6533","6291","6464","6187","5981","11077","8550","10722","13073","14003","17457","19888","23505","26613","26892","26870",
"전국","남자","63세","수급자수","","5344","6522","6124","6300","6169","9340","9653","8838","11057","14644","15549","20159","21892","24578","27682","28330",
"전국","남자","64세","수급자수","","4840","5321","6423","6050","6292","7564","7069","9908","9253","12682","16304","18220","22510","23135","25918","29216",
"전국","남자","65 - 69세","수급자수","","34688","34108","32281","31178","32215","34340","41483","43309","47038","56851","68367","85024","103626","115194","127772","140811",
"전국","남자","65세","수급자수","","5766","5279","5718","6922","6681","8436","8197","7865","11286","11780","15784","20707","21938","25432","25759","29268",
"전국","남자","66세","수급자수","","6321","6089","5518","5971","7429","6220","8727","8744","8460","13548","13792","18502","23761","23940","27357","27994",
"전국","남자","67세","수급자수","","8472","6594","6099","5610","6150","6380","8443","9006","9104","10010","15496","15689","20825","25296","25194","29124",
"전국","남자","68세","수급자수","","7306","8691","6497","6130","5718","7154","8901","8691","9269","10639","11284","17452","17627","21977","26480","26593",
"전국","남자","69세","수급자수","","6823","7455","8449","6545","6237","7251","7215","9003","8919","10874","12011","12674","19475","18549","22982","27832",
"전국","남자","70 - 74세","수급자수","","32625","33319","33275","35100","35047","34925","38481","37219","37140","45621","53448","62791","72088","81271","88759","100053",
"전국","남자","70세","수급자수","","7179","6904","7247","8466","6571","7759","6639","7175","9055","10473","12224","13352","14059","20470","19345","24162",
"전국","남자","71세","수급자수","","6904","7242","6633","7141","8399","6347","7142","6624","7254","10575","11633","13461","14803","14906","21391","20355",
"전국","남자","72세","수급자수","","6383","6873","6913","6547","7112","5829","7480","7031","6645","8543","11663","12828","14927","15521","15539","22473",
"전국","남자","73세","수급자수","","6099","6325","6519","6704","6438","6320","9351","7272","7025","7783","9448","12878","14093","15703","16178","16218",
"전국","남자","74세","수급자수","","6060","5975","5963","6242","6527","6721","7869","9117","7161","8247","8480","10272","14206","14671","16306","16845",
"전국","남자","75 - 79세","수급자수","","20411","22541","23071","24061","25165","26353","30447","32018","34570","42876","47587","51417","56304","59401","64999","72307",
"전국","남자","75세","수급자수","","5508","5887","5467","5722","6029","8448","6938","7725","8918","8552","9070","9263","11340","14831","15279","17065",
"전국","남자","76세","수급자수","","4620","5313","5402","5175","5402","7074","6873","6656","7489","10509","9327","9844","10081","11801","15373","15805",
"전국","남자","77세","수급자수","","4027","4427","4812","5010","4874","6362","6239","6599","6362","8757","11482","10096","10648","10550","12253","15835",
"전국","남자","78세","수급자수","","3322","3825","3994","4503","4682","6343","5499","5880","6279","7606","9466","12161","11037","10970","10819","12562",
"전국","남자","79세","수급자수","","2934","3089","3396","3651","4178","5846","4898","5158","5522","7452","8242","10053","13198","11249","11275","11040",
"전국","남자","80 - 84세","수급자수","","10162","10517","10461","10904","11599","12764","15859","17191","18569","26465","31885","36308","43703","50111","53690","56025",
"전국","남자","80세","수급자수","","2727","2658","2702","3078","3316","5126","4588","4507","4822","6724","8017","8626","10881","13470","11376","11329",
"전국","남자","81세","수급자수","","2358","2520","2300","2404","2776","4675","3914","4200","4209","5956","7199","8382","9308","10924","13563","11385",
"전국","남자","82세","수급자수","","2023","2121","2151","2052","2139","4363","3081","3570","3859","5281","6293","7366","8966","9257","10894","13649",
"전국","남자","83세","수급자수","","1616","1793","1805","1824","1766","3868","2454","2757","3205","4676","5505","6420","7819","8846","9125","10741",
"전국","남자","84세","수급자수","","1438","1425","1503","1546","1602","3006","1822","2157","2474","3828","4871","5514","6729","7614","8732","8921",
"전국","남자","85 - 89세","수급자수","","4737","4726","4413","4349","4419","4582","5188","5495","5918","9301","12105","15299","20025","23103","26605","30044",
"전국","남자","85세","수급자수","","1296","1202","1144","1286","1325","2481","1457","1548","1869","3025","3941","4865","5807","6533","7344","8390",
"전국","남자","86세","수급자수","","1228","1102","970","929","1097","1889","1330","1245","1325","2230","3039","3850","5080","5477","6272","6977",
"전국","남자","87세","수급자수","","1010","1035","868","791","784","1520","1041","1121","1054","1623","2278","2902","4000","4774","5173","5871",
"전국","남자","88세","수급자수","","684","866","802","707","659","1391","822","897","933","1319","1590","2191","2967","3698","4446","4770",
"전국","남자","89세","수급자수","","519","521","629","636","554","1123","538","684","737","1104","1257","1491","2171","2621","3370","4036",
"전국","남자","90 - 94세","수급자수","","1108","1215","1175","1316","1489","1492","1556","1526","1558","2352","3082","3750","4668","5497","6566","8096",
"전국","남자","90세","수급자수","","397","430","391","510","521","928","423","431","543","817","1078","1182","1439","1883","2341","2990",
"전국","남자","91세","수급자수","","253","327","300","308","412","615","369","336","353","622","788","1002","1108","1276","1661","2053",
"전국","남자","92세","수급자수","","222","188","224","215","252","525","362","285","254","391","597","731","973","977","1082","1486",
"전국","남자","93세","수급자수","","133","165","145","182","160","442","257","279","210","286","357","525","664","804","810","905",
"전국","남자","94세","수급자수","","103","105","115","101","144","423","145","195","198","236","262","310","484","557","672","662",
"전국","남자","95 - 99세","수급자수","","222","206","190","205","210","235","245","281","332","529","691","754","923","1001","1108","1354",
"전국","남자","95세","수급자수","","69","69","70","75","74","308","96","115","150","204","228","215","287","395","449","555",
"전국","남자","96세","수급자수","","51","52","47","56","56","195","73","78","83","153","198","188","197","219","307","355",
"전국","남자","97세","수급자수","","47","37","28","39","34","124","38","47","51","88","153","166","165","156","164","238",
"전국","남자","98세","수급자수","","30","31","26","18","31","99","24","25","29","47","74","129","158","121","103","126",
"전국","남자","99세","수급자수","","25","17","19","17","15","60","14","16","19","37","38","56","116","110","85","80",
"전국","남자","100세 이상","수급자수","","61","91","35","43","45","40","33","39","39","52","74","90","116","152","187","193",
"전국","여자","계","수급자수","","844658","831400","784910","738384","711258","693995","854262","839804","808757","908475","988510","1125892","1257019","1313212","1371164","1433945",
"전국","여자","0 - 4세","수급자수","","13662","13044","12012","10711","9983","9733","11651","10597","9606","10533","11846","13318","13306","12539","12361","12083",
"전국","여자","0세","수급자수","","1705","1818","1684","1494","1242","1221","1519","1291","1117","1305","1313","1409","1329","1157","1252","1221",
"전국","여자","1세","수급자수","","2356","2210","2227","2027","1859","1621","1958","1879","1690","1731","2037","2226","2242","1975","1891","1956",
"전국","여자","2세","수급자수","","2973","2586","2250","2273","2158","2046","2218","2106","2036","2123","2351","2730","2722","2604","2391","2402",
"전국","여자","3세","수급자수","","3033","3200","2619","2262","2393","2303","2794","2389","2246","2574","2769","3139","3241","3148","3104","2831",
"전국","여자","4세","수급자수","","3595","3230","3232","2655","2331","2542","3162","2932","2517","2800","3376","3814","3772","3655","3723","3673",
"전국","여자","5 - 9세","수급자수","","31785","27354","23219","20261","18312","16879","35592","35604","31473","31457","33319","37048","38630","36709","35962","35379",
"전국","여자","5세","수급자수","","4223","3812","3282","3284","2794","2483","3381","3322","3070","3222","3540","4513","4726","4314","4263","4303",
"전국","여자","6세","수급자수","","5016","4395","3873","3310","3421","2989","3257","3568","3514","3858","3997","4803","5472","5321","4983","5052",
"전국","여자","7세","수급자수","","5974","5253","4448","3924","3453","3610","8845","7638","7408","7695","7841","7892","8461","8066","7844","7379",
"전국","여자","8세","수급자수","","7440","6224","5304","4431","4054","363","10179","9786","7892","8257","8796","9386","9223","9098","8954","8787",
"전국","여자","9세","수급자수","","9132","7670","6312","5312","4590","238","9930","11290","9589","8425","9145","10454","10748","9910","9918","9858",
"전국","여자","10 - 14세","수급자수","","65886","60663","53644","45555","39770","34599","67204","65342","58830","56188","54742","59896","63667","63168","63330","64458",
"전국","여자","10세","수급자수","","10306","9494","7653","6320","5440","156","10544","10858","10910","9870","9165","10690","11780","11467","10756","10822",
"전국","여자","11세","수급자수","","11656","10583","9522","7588","6455","3606","11585","11455","10466","11255","10412","10702","11932","12551","12284","11585",
"전국","여자","12세","수급자수","","13396","11979","10640","9378","7733","4191","12812","12705","11094","10777","11868","11938","11891","12582","13400","13254",
"전국","여자","13세","수급자수","","14445","13846","12009","10459","9593","4738","14956","14343","12544","11516","11458","13722","13320","12689","13579","14420",
"전국","여자","14세","수급자수","","16083","14761","13820","11810","10549","5541","17307","15981","13816","12770","11839","12844","14744","13879","13311","14377",
"전국","여자","15 - 19세","수급자수","","89727","88281","81720","73327","67623","62278","107922","104248","90068","82400","75062","74828","73481","72625","72536","73149",
"전국","여자","15세","수급자수","","17555","16541","14802","13577","11943","6622","21040","18679","15549","14271","13178","13331","13806","15393","14565","14036",
"전국","여자","16세","수급자수","","18882","18024","16571","14552","13654","7978","23224","23664","18855","16264","15107","15299","14431","14313","16217","15402",
"전국","여자","17세","수급자수","","20069","18961","17650","15848","14392","9720","25119","24430","22429","18900","16300","16377","15927","14612","14768","16829",
"전국","여자","18세","수급자수","","18801","19113","17603","15836","14861","10674","25040","24307","21260","21093","18034","17125","16806","16119","15042","15242",
"전국","여자","19세","수급자수","","14420","15642","15094","13514","12773","12120","13499","13168","11975","11872","12443","12696","12511","12188","11944","11640",
"전국","여자","20 - 24세","수급자수","","32659","34773","34967","34281","35146","35958","40692","39423","37794","40207","41555","48672","51325","49292","49130","50028",
"전국","여자","20세","수급자수","","11458","12289","12701","12061","11676","13628","12207","11588","11112","11045","10996","13041","12650","11834","11728","11667",
"전국","여자","21세","수급자수","","8364","8957","9123","9307","9502","13575","10234","9955","9341","10204","10027","11258","12582","11488","10998","11316",
"전국","여자","22세","수급자수","","5921","6318","6234","6286","6954","12281","8258","8009","7750","8241","8904","9898","10539","11013","10334","10193",
"전국","여자","23세","수급자수","","4070","4232","4142","3939","4242","11149","5884","5649","5458","6126","6499","8194","8372","8235","9108","8888",
"전국","여자","24세","수급자수","","2846","2977","2767","2688","2772","9476","4109","4222","4133","4591","5129","6281","7182","6722","6962","7964",
"전국","여자","25 - 29세","수급자수","","11251","10711","9735","8651","8441","8700","10358","10582","10881","12768","14560","19162","21734","22488","23130","25225",
"전국","여자","25세","수급자수","","2181","2272","2202","1994","2038","7373","2750","3083","3208","3665","3964","5116","5618","6004","5753","6234",
"전국","여자","26세","수급자수","","2005","1900","1804","1774","1712","4861","2081","2163","2299","2745","3047","4006","4556","4634","5049","5342",
"전국","여자","27세","수급자수","","2218","1950","1734","1554","1596","3099","1861","1878","1903","2306","2751","3498","3993","4151","4280","4923",
"전국","여자","28세","수급자수","","2330","2228","1816","1589","1510","2150","1782","1732","1771","2016","2486","3359","3739","3904","4029","4422",
"전국","여자","29세","수급자수","","2517","2361","2179","1740","1585","1748","1884","1726","1700","2036","2312","3183","3828","3795","4019","4304",
"전국","여자","30 - 34세","수급자수","","18267","16594","15078","13755","12949","12208","13812","12714","11617","13116","15194","19751","22584","23779","25616","28012",
"전국","여자","30세","수급자수","","2817","2617","2384","2235","1843","1608","1999","1987","1828","2108","2589","3365","4083","4405","4521","4957",
"전국","여자","31세","수급자수","","2963","2962","2693","2460","2363","1619","2266","2086","2104","2317","2741","3696","4233","4600","5226","5332",
"전국","여자","32세","수급자수","","3535","3134","3060","2758","2602","1575","2559","2376","2191","2614","2917","3890","4468","4665","5125","5963",
"전국","여자","33세","수급자수","","3988","3743","3159","3118","2869","1720","3288","2766","2548","2856","3254","4208","4687","4950","5181","5874",
"전국","여자","34세","수급자수","","4964","4138","3782","3184","3272","1996","3700","3499","2946","3221","3693","4592","5113","5159","5563","5886",
"전국","여자","35 - 39세","수급자수","","42486","38264","32314","27573","23572","21478","24379","23187","22229","25410","28259","34092","36504","35470","35590","37002",
"전국","여자","35세","수급자수","","6000","5196","4215","3802","3345","2555","4075","3887","3801","3806","4024","5139","5654","5675","5886","6395",
"전국","여자","36세","수급자수","","7593","6287","5227","4244","3956","2834","4508","4279","4104","4744","4863","5588","6232","6207","6378","6649",
"전국","여자","37세","수급자수","","8339","7917","6349","5266","4368","3103","4620","4679","4516","5127","6003","6643","6764","7004","6938","7214",
"전국","여자","38세","수급자수","","9721","8718","7942","6353","5428","3467","5404","4733","4916","5645","6384","8094","8082","7614","7840","7885",
"전국","여자","39세","수급자수","","10833","10146","8581","7908","6475","3557","5772","5609","4892","6088","6985","8628","9772","8970","8548","8859",
"전국","여자","40 - 44세","수급자수","","66529","64004","59564","52904","47960","43516","46764","41454","37270","38026","40340","49326","55762","58250","61497","62362",
"전국","여자","40세","수급자수","","12190","11125","10078","8446","8010","4221","7044","5926","5812","6002","7425","9333","10356","10729","10055","9540",
"전국","여자","41세","수급자수","","13779","12389","10933","9797","8517","4588","8204","7112","6085","6940","7060","9763","11111","11422","11911","11211",
"전국","여자","42세","수급자수","","13640","13871","12015","10515","9763","5645","9862","8263","7179","7109","8097","9249","11413","12107","12654","13160",
"전국","여자","43세","수급자수","","13087","13678","13453","11475","10418","6678","10273","9930","8333","8411","8195","10538","10753","12445","13316","13921",
"전국","여자","44세","수급자수","","13833","12941","13085","12671","11252","8161","11381","10223","9861","9564","9563","10443","12129","11547","13561","14530",
"전국","여자","45 - 49세","수급자수","","64446","63971","59756","55823","55647","54761","60499","59243","56283","58986","60896","69636","72066","71568","70509","72787",
"전국","여자","45세","수급자수","","13134","13567","12159","12116","12233","8548","11898","11142","10160","11017","10680","11843","11996","12892","12536","14852",
"전국","여자","46세","수급자수","","12400","12803","12683","11177","11589","9795","12468","11644","10947","11219","12122","13225","13342","12715","13853","13444",
"전국","여자","47세","수급자수","","13265","11992","11966","11620","10542","10334","13048","12078","11379","12028","12113","14673","14657","14042","13537","14742",
"전국","여자","48세","수급자수","","13120","12883","11030","10877","10967","11038","12243","12573","11703","12267","12890","14577","16159","15292","14700","14270",
"전국","여자","49세","수급자수","","12527","12726","11918","10033","10316","11855","10842","11806","12094","12455","13091","15318","15912","16627","15883","15479",
"전국","여자","50 - 54세","수급자수","","48774","51210","52023","50734","49826","49714","54039","52462","52019","58097","62970","74471","83345","85388","87049","88418",
"전국","여자","50세","수급자수","","11129","12221","11813","10952","9548","11213","11329","10463","11476","12894","13149","15335","16780","16493","17152","16549",
"전국","여자","51세","수급자수","","9871","10919","11545","10842","10434","10102","10581","10908","10110","12175","13558","15348","16586","17143","17064","17782",
"전국","여자","52세","수급자수","","9832","9651","10281","10698","10282","10553","10079","10307","10586","10758","12848","15692","16709","17069","17662","17692",
"전국","여자","53세","수급자수","","8729","9656","9100","9626","10276","9896","10997","9897","10097","11336","11329","14902","17039","17145","17535","18307",
"전국","여자","54세","수급자수","","9213","8763","9284","8616","9286","9336","11053","10887","9750","10934","12086","13194","16231","17538","17636","18088",
"전국","여자","55 - 59세","수급자수","","35382","38088","39542","39546","41038","43681","50724","53084","54527","60439","64364","73137","77525","80172","85000","89112",
"전국","여자","55세","수급자수","","7769","9202","8434","8823","8397","10123","11299","11046","10838","10575","11798","14118","14455","16739","17961","18230",
"전국","여자","56세","수급자수","","6849","7794","8943","8098","8670","10122","10460","11364","11094","11873","11394","13882","15591","15039","17286","18649",
"전국","여자","57세","수급자수","","7879","6903","7600","8664","7998","10237","9593","10604","11606","12419","12907","13421","15323","16354","15686","17953",
"전국","여자","58세","수급자수","","6071","7995","6735","7398","8645","9300","10010","9763","10873","13119","13737","15312","14915","16199","17000","16413",
"전국","여자","59세","수급자수","","6814","6194","7830","6563","7328","8512","9362","10307","10116","12453","14528","16404","17241","15841","17067","17867",
"전국","여자","60 - 64세","수급자수","","39971","39952","37826","36321","35068","36173","44466","48211","50775","61639","71000","84474","96147","101429","103761","104355",
"전국","여자","60세","수급자수","","7456","7025","6117","7746","6619","8804","10382","9742","10727","11737","13966","17394","18613","18450","16805","17975",
"전국","여자","61세","수급자수","","7948","7632","6943","6043","7790","8157","8860","10757","10192","12629","13321","16978","19893","20146","19695","17781",
"전국","여자","62세","수급자수","","8803","8198","7571","6881","6110","8908","8150","9216","11253","12101","14359","16149","19321","21467","21613","20937",
"전국","여자","63세","수급자수","","7704","9061","8173","7471","6948","7584","9468","8540","9653","13428","13766","17235","18469","21054","22900","23046",
"전국","여자","64세","수급자수","","8060","8036","9022","8180","7601","6877","7606","9956","8950","11744","15588","16718","19851","20312","22748","24616",
"전국","여자","65 - 69세","수급자수","","66006","63388","57249","51936","50095","49625","55799","54984","55076","65818","75427","90047","108062","117786","128134","137201",
"전국","여자","65세","수급자수","","10133","8919","8694","9953","9142","8089","9469","8614","11392","12159","15254","20184","20942","23289","23349","25799",
"전국","여자","66세","수급자수","","11707","10874","9184","9228","10697","6377","10710","10210","9306","14639","14606","18298","23954","23522","25655","25691",
"전국","여자","67세","수급자수","","15751","12347","10933","9384","9565","7246","11523","11117","10741","11601","17063","16935","21270","26371","25483","27698",
"전국","여자","68세","수급자수","","14418","16375","12303","11079","9555","8823","12958","11882","11552","13205","13377","19580","19502","23385","28531","27472",
"전국","여자","69세","수급자수","","13997","14873","16135","12292","11136","9878","11139","13161","12085","14214","15127","15050","22394","21219","25116","30541",
"전국","여자","70 - 74세","수급자수","","74696","74334","71916","72552","69813","66947","70069","65821","62215","74455","83167","92751","102981","110504","116647","126059",
"전국","여자","70세","수급자수","","15343","14304","14511","16000","12272","11213","11078","11261","13442","14943","16327","17096","17341","24342","22887","26986",
"전국","여자","71세","수급자수","","15022","15561","13879","14281","15983","9912","12613","11155","11368","16494","17000","18294","19502","18813","26220","24641",
"전국","여자","72세","수급자수","","14642","15238","15021","13612","14177","9799","13711","12567","11264","14044","18704","18986","20908","21265","20298","28155",
"전국","여자","73세","수급자수","","14571","14684","14604","14527","13291","11335","17487","13608","12647","13581","15813","20811","21625","22630","22922","21794",
"전국","여자","74세","수급자수","","15118","14547","13901","14132","14090","12452","15180","17230","13494","15393","15323","17564","23605","23454","24320","24483",
"전국","여자","75 - 79세","수급자수","","65285","66612","65115","63956","64119","63996","68756","69039","71705","88620","98076","104373","113308","115224","121766","129141",
"전국","여자","75세","수급자수","","14568","15062","13751","13384","13783","15976","14099","14901","16890","16499","17378","16975","19959","25552","25184","26086",
"전국","여자","76세","수급자수","","13351","14345","14098","13188","12949","14078","14736","13689","14575","20878","18607","19188","19206","21386","27427","26957",
"전국","여자","77세","수급자수","","13318","12987","13377","13474","12639","13106","14271","14234","13290","17954","23488","20380","21730","20569","22785","29055",
"전국","여자","78세","수급자수","","11812","12905","12051","12580","12800","13762","13119","13647","13820","16326","20322","25799","23147","23155","21813","24072",
"전국","여자","79세","수급자수","","12236","11313","11838","11330","11948","13483","12531","12568","13130","16963","18281","22031","29266","24562","24557","22971",
"전국","여자","80 - 84세","수급자수","","45179","46877","46270","46525","46400","46837","51069","52085","52482","71107","84051","93430","113407","128250","135253","139317",
"전국","여자","80세","수급자수","","11214","11526","10321","11042","10653","12485","12420","11907","11998","16136","19119","19753","25071","30936","25813","25682",
"전국","여자","81세","수급자수","","10229","10532","10470","9577","10313","12064","11438","11673","11283","15180","17876","20567","22589","26363","32390","26988",
"전국","여자","82세","수급자수","","9298","9525","9451","9600","8836","12202","9922","10677","10927","14110","16666","19147","23529","23672","27410","33508",
"전국","여자","83세","수급자수","","7483","8568","8547","8649","8787","11304","9463","9175","9849","13616","15486","17720","22008","24572","24454","28207",
"전국","여자","84세","수급자수","","6955","6726","7481","7657","7811","9926","7826","8653","8425","12065","14904","16243","20210","22707","25186","24932",
"전국","여자","85 - 89세","수급자수","","23108","23561","23092","23458","24180","25496","28200","28901","29917","39901","49342","58061","74666","84045","93626","102898",
"전국","여자","85세","수급자수","","5526","6173","5860","6657","6885","9568","7591","7077","7926","10163","13121","15451","18486","20662","22948","25417",
"전국","여자","86세","수급자수","","5930","4893","5304","5164","5919","8084","6585","6838","6393","9440","10970","13480","17437","18738","20716","22826",
"전국","여자","87세","수급자수","","5026","5173","4136","4547","4511","7955","5703","5821","6119","7464","10076","11122","15186","17485","18554","20322",
"전국","여자","88세","수급자수","","3624","4246","4291","3508","3928","6966","4799","5000","5159","7031","7891","10128","12428","15026","16999","18031",
"전국","여자","89세","수급자수","","3002","3076","3501","3582","2937","6121","3522","4165","4320","5803","7284","7880","11129","12134","14409","16302",
"전국","여자","90 - 94세","수급자수","","7469","7633","7819","8378","9158","9150","9833","10189","10982","14997","19281","23367","30672","35275","39336","44380",
"전국","여자","90세","수급자수","","2265","2444","2517","2879","3011","5197","2917","2994","3611","4862","5922","7129","8652","10613","11320","13468",
"전국","여자","91세","수급자수","","1764","1791","1950","2038","2381","3908","2033","2436","2508","3941","4926","5700","7565","8038","9922","10443",
"전국","여자","92세","수급자수","","1524","1365","1417","1552","1661","3304","2169","1673","2050","2664","3888","4661","6048","6936","7268","8870",
"전국","여자","93세","수급자수","","1111","1196","1040","1118","1229","2399","1631","1796","1369","2115","2556","3531","4860","5455","6101","6345",
"전국","여자","94세","수급자수","","805","837","895","791","876","2557","1083","1290","1444","1415","1989","2346","3547","4233","4725","5254",
"전국","여자","95 - 99세","수급자수","","1737","1704","1736","1796","1814","1914","2078","2254","2592","3738","4372","5249","6795","8002","9421","10957",
"전국","여자","95세","수급자수","","595","573","607","669","629","1937","755","829","1032","1418","1318","1748","2319","3033","3641","3963",
"전국","여자","96세","수급자수","","430","443","413","449","489","1302","523","567","654","1014","1306","1178","1689","1932","2520","2991",
"전국","여자","97세","수급자수","","348","306","319","306","321","955","363","375","425","613","900","1127","1106","1380","1529","2013",
"전국","여자","98세","수급자수","","214","243","222","222","219","691","273","278","291","425","514","766","1026","881","1067","1188",
"전국","여자","99세","수급자수","","150","139","175","150","156","466","164","205","190","268","334","430","655","776","664","802",
"전국","여자","100세 이상","수급자수","","353","382","313","341","344","352","356","380","416","573","687","803","1052","1249","1510","1622",
"서울특별시","계","계","수급자수","","202445","201204","194119","188017","190480","194808","246580","255226","251809","277991","306548","359244","392527","402664","418212","434287",
"서울특별시","계","0 - 4세","수급자수","","3557","3305","2997","2817","2854","3065","3573","3310","3004","3156","3412","3841","3583","3127","2902","2774",
"서울특별시","계","0세","수급자수","","497","388","414","492","504","538","565","552","512","476","462","602","442","362","355","313",
"서울특별시","계","1세","수급자수","","674","622","488","528","595","616","705","626","614","635","665","707","674","517","468","470",
"서울특별시","계","2세","수급자수","","726","711","603","482","563","663","683","668","558","626","694","729","692","638","571","527",
"서울특별시","계","3세","수급자수","","785","748","712","594","537","624","798","656","628","653","768","821","805","709","685","651",
"서울특별시","계","4세","수급자수","","875","836","780","721","655","624","822","808","692","766","823","982","970","901","823","813",
"서울특별시","계","5 - 9세","수급자수","","7771","6640","5662","5117","4807","4617","9590","10184","8947","8622","8761","9307","9080","8396","7953","7565",
"서울특별시","계","5세","수급자수","","1057","915","852","808","784","715","857","871","807","902","923","1136","1136","1065","999","944",
"서울특별시","계","6세","수급자수","","1229","1094","912","866","863","855","916","957","938","1016","1094","1196","1314","1237","1131","1112",
"서울특별시","계","7세","수급자수","","1418","1323","1106","941","931","952","2380","2179","2055","2095","2014","2003","1889","1819","1687","1551",
"서울특별시","계","8세","수급자수","","1756","1475","1309","1149","1014","66","2666","2938","2249","2265","2293","2327","2173","2019","1970","1835",
"서울특별시","계","9세","수급자수","","2311","1833","1483","1353","1215","34","2771","3239","2898","2344","2437","2645","2568","2256","2166","2123",
"서울특별시","계","10 - 14세","수급자수","","16671","15295","13377","11478","10268","9313","18913","20342","18276","17188","15939","16563","16414","15524","14968","14469",
"서울특별시","계","10세","수급자수","","2494","2403","1866","1515","1433","22","2892","3355","3159","2922","2481","2776","2865","2647","2433","2268",
"서울특별시","계","11세","수급자수","","2852","2577","2422","1884","1598","992","3321","3475","3272","3255","3045","2808","2939","2998","2826","2551",
"서울특별시","계","12세","수급자수","","3312","2967","2603","2419","1988","1103","3609","3976","3416","3373","3359","3403","3037","3074","3148","2952",
"서울특별시","계","13세","수급자수","","3799","3434","3028","2630","2522","1307","4221","4475","3980","3513","3482","3793","3614","3115","3268","3306",
"서울특별시","계","14세","수급자수","","4214","3914","3458","3030","2727","1523","4870","5061","4449","4125","3572","3783","3959","3690","3293","3392",
"서울특별시","계","15 - 19세","수급자수","","24015","23618","21879","19560","18442","17296","32671","34411","29783","26780","23954","23428","21959","20706","20089","19337",
"서울특별시","계","15세","수급자수","","4697","4340","3935","3446","3155","1701","6271","5854","4992","4499","4237","3945","3959","4035","3852","3424",
"서울특별시","계","16세","수급자수","","5099","4822","4378","3935","3600","2105","7091","7984","6155","5325","4792","4875","4127","4031","4278","4052",
"서울특별시","계","17세","수급자수","","5355","5153","4717","4215","3978","2677","7686","8385","7672","6123","5300","5214","4960","4142","4179","4396",
"서울특별시","계","18세","수급자수","","4998","5183","4853","4328","4120","2849","7587","8301","7368","7183","5843","5538","5217","4899","4219","4283",
"서울특별시","계","19세","수급자수","","3866","4120","3996","3636","3589","3303","4036","3887","3596","3650","3782","3856","3696","3599","3561","3182",
"서울특별시","계","20 - 24세","수급자수","","8370","9142","9295","9447","10035","10723","12356","12419","12190","12719","12944","15266","15725","14714","14413","14522",
"서울특별시","계","20세","수급자수","","2455","2809","2772","2784","2717","3706","3098","3155","3028","2925","2919","3499","3234","2957","2937","2935",
"서울특별시","계","21세","수급자수","","1926","1960","2208","2211","2362","3926","2525","2561","2533","2744","2610","2997","3314","2905","2758","2789",
"서울특별시","계","22세","수급자수","","1677","1824","1714","1965","2093","3512","2710","2498","2442","2691","2822","3027","3224","3328","2979","2919",
"서울특별시","계","23세","수급자수","","1353","1436","1492","1379","1699","2621","2222","2356","2246","2305","2517","3052","3037","2849","3167","2900",
"서울특별시","계","24세","수급자수","","959","1113","1109","1108","1164","2482","1801","1849","1941","2054","2076","2691","2916","2675","2572","2979",
"서울특별시","계","25 - 29세","수급자수","","3444","3320","3199","2994","3149","3469","4227","4456","4657","5347","6025","7786","8786","8731","8957","9665",
"서울특별시","계","25세","수급자수","","808","784","838","823","911","2274","1348","1436","1494","1716","1808","2145","2465","2421","2376","2371",
"서울특별시","계","26세","수급자수","","728","680","625","658","721","1858","888","1033","1079","1204","1361","1753","1872","1935","1998","2211",
"서울특별시","계","27세","수급자수","","685","630","582","507","579","1488","787","760","844","976","1093","1474","1661","1584","1716","1920",
"서울특별시","계","28세","수급자수","","604","635","568","497","472","997","605","661","634","789","962","1279","1446","1449","1478","1699",
"서울특별시","계","29세","수급자수","","619","591","586","509","466","798","599","566","606","662","801","1135","1342","1342","1389","1464",
"서울특별시","계","30 - 34세","수급자수","","4022","3650","3346","3205","3210","3227","3639","3499","3334","3933","4791","6802","7930","8373","8870","9854",
"서울특별시","계","30세","수급자수","","643","632","542","589","528","621","593","596","564","734","883","1303","1566","1611","1597","1793",
"서울특별시","계","31세","수급자수","","654","660","614","534","608","555","606","633","607","719","957","1344","1608","1739","1883","1953",
"서울특별시","계","32세","수급자수","","766","676","697","639","604","498","737","628","663","774","901","1422","1597","1689","1887","2069",
"서울특별시","계","33세","수급자수","","854","805","684","720","688","495","837","782","685","836","984","1301","1632","1633","1756","2094",
"서울특별시","계","34세","수급자수","","1105","877","809","723","782","586","866","860","815","870","1066","1432","1527","1701","1747","1945",
"서울특별시","계","35 - 39세","수급자수","","8861","7863","6718","5857","5330","5170","5856","5730","5578","6592","7433","9376","10146","9691","9987","10484",
"서울특별시","계","35세","수급자수","","1229","1139","879","827","790","667","1004","903","937","1056","1091","1513","1693","1657","1868","1920",
"서울특별시","계","36세","수급자수","","1568","1259","1123","919","908","692","1100","1080","975","1205","1346","1535","1799","1773","1831","2061",
"서울특별시","계","37세","수급자수","","1710","1607","1295","1152","976","787","1063","1185","1162","1251","1549","1883","1841","1938","1939","2003",
"서울특별시","계","38세","수급자수","","1993","1795","1641","1306","1225","875","1297","1162","1276","1472","1629","2161","2236","1963","2163","2160",
"서울특별시","계","39세","수급자수","","2361","2063","1780","1653","1431","849","1392","1400","1228","1608","1818","2284","2577","2360","2186","2340",
"서울특별시","계","40 - 44세","수급자수","","15327","14601","13434","12033","11247","10558","11500","10525","9686","10073","10938","13474","14818","14938","15741","15651",
"서울특별시","계","40세","수급자수","","2612","2416","2123","1854","1795","1020","1671","1460","1501","1535","1974","2486","2695","2708","2621","2426",
"서울특별시","계","41세","수급자수","","3033","2688","2418","2129","1965","1103","1949","1760","1543","1805","1857","2668","2903","2863","3001","2836",
"서울특별시","계","42세","수급자수","","3097","3116","2656","2379","2266","1323","2360","2053","1856","1914","2189","2440","3074","3096","3166","3224",
"서울특별시","계","43세","수급자수","","3172","3152","3107","2595","2485","1525","2588","2519","2156","2208","2271","2889","2809","3295","3400","3463",
"서울특별시","계","44세","수급자수","","3413","3229","3130","3076","2736","1934","2932","2733","2630","2611","2647","2991","3337","2976","3553","3702",
"서울특별시","계","45 - 49세","수급자수","","19010","18414","17182","15917","15881","15675","17639","17689","17290","18145","19189","22179","22458","21351","20328","20421",
"서울특별시","계","45세","수급자수","","3629","3451","3144","3073","3157","2082","3202","3089","2870","3053","3079","3414","3505","3512","3271","3915",
"서울특별시","계","46세","수급자수","","3569","3617","3351","3020","3092","2388","3445","3374","3188","3311","3572","3976","3896","3721","3774","3557",
"서울특별시","계","47세","수급자수","","3902","3575","3515","3199","3022","2629","3806","3553","3511","3702","3819","4547","4485","4119","3956","4063",
"서울특별시","계","48세","수급자수","","3923","3881","3422","3378","3226","2847","3645","3911","3668","3969","4220","4903","5105","4682","4360","4250",
"서울특별시","계","49세","수급자수","","3987","3890","3750","3247","3384","3233","3541","3762","4053","4110","4499","5339","5467","5317","4967","4636",
"서울특별시","계","50 - 54세","수급자수","","16555","17387","17720","17461","17705","18176","19818","19751","19750","21824","23853","28965","31889","32100","31865","31172",
"서울특별시","계","50세","수급자수","","3652","3994","3747","3584","3293","3198","3747","3680","3859","4452","4667","5637","5925","5665","5559","5181",
"서울특별시","계","51세","수급자수","","3422","3660","3914","3562","3596","3089","3895","3861","3752","4301","4984","5766","6268","6089","5979","5829",
"서울특별시","계","52세","수급자수","","3327","3397","3552","3747","3580","3308","3838","4026","3931","4130","4741","6105","6514","6497","6411","6254",
"서울특별시","계","53세","수급자수","","3068","3285","3281","3389","3788","3441","4116","3937","4135","4370","4597","5801","6775","6750","6816","6844",
"서울특별시","계","54세","수급자수","","3086","3051","3226","3179","3448","3403","4222","4247","4073","4571","4864","5656","6407","7099","7100","7064",
"서울특별시","계","55 - 59세","수급자수","","10734","11990","13196","13789","15148","16859","19821","21373","22636","25010","27806","32544","34895","35036","36371","37278",
"서울특별시","계","55세","수급자수","","2603","3097","2999","3151","3248","3657","4436","4378","4383","4496","5151","5995","6335","6676","7385","7406",
"서울특별시","계","56세","수급자수","","2183","2592","3062","2920","3223","3728","4047","4573","4589","4903","5063","6373","6737","6557","6968","7654",
"서울특별시","계","57세","수급자수","","2412","2188","2571","2999","2942","3947","3888","4246","4786","5100","5565","6186","7136","7043","6848","7305",
"서울특별시","계","58세","수급자수","","1647","2441","2168","2555","3127","3546","3897","4059","4513","5439","5813","6899","6943","7420","7352","7234",
"서울특별시","계","59세","수급자수","","1889","1672","2396","2164","2608","3415","3553","4117","4365","5072","6214","7091","7744","7340","7818","7679",
"서울특별시","계","60 - 64세","수급자수","","10012","10333","10077","10434","11014","12185","15537","17905","19767","24277","28826","35917","41155","42973","44650","45367",
"서울특별시","계","60세","수급자수","","2011","1949","1657","2434","2274","3412","3912","3791","4380","4982","5856","7668","8074","8178","7779","8183",
"서울특별시","계","61세","수급자수","","2026","2064","1954","1705","2574","3109","3253","4113","4042","5076","5744","7360","8746","8522","8708","8153",
"서울특별시","계","62세","수급자수","","2100","2093","2117","1980","1821","3377","2883","3471","4326","4667","5893","6949","8306","9118","9142","9185",
"서울특별시","계","63세","수급자수","","1954","2198","2100","2140","2067","2813","3180","3080","3703","5077","5420","7208","7821","8797","9611","9661",
"서울특별시","계","64세","수급자수","","1921","2029","2249","2175","2278","2454","2309","3450","3316","4475","5913","6732","8208","8358","9410","10185",
"서울특별시","계","65 - 69세","수급자수","","15488","15280","14538","13881","14602","15497","17754","18007","18848","22625","27362","34008","41271","44966","49199","53206",
"서울특별시","계","65세","수급자수","","2396","2291","2342","2699","2681","2707","3117","2774","4149","4517","6063","7975","8311","9344","9428","10576",
"서울특별시","계","66세","수급자수","","2675","2675","2476","2588","3136","1967","3524","3470","3084","5184","5530","7259","9302","9109","10140","10254",
"서울특별시","계","67세","수급자수","","3774","2854","2768","2641","2881","2244","3596","3811","3731","3769","6133","6453","8249","9997","9720","10844",
"서울특별시","계","68세","수급자수","","3422","3941","2950","2901","2836","2869","4001","3783","3969","4430","4448","7191","7298","8773","10672","10334",
"서울특별시","계","69세","수급자수","","3221","3519","4002","3052","3068","3045","3516","4169","3915","4725","5188","5130","8111","7743","9239","11198",
"서울특별시","계","70 - 74세","수급자수","","15492","15976","16345","17596","18209","18408","19694","19414","19099","22593","26421","30620","33765","36604","39207","42663",
"서울특별시","계","70세","수급자수","","3390","3295","3518","4136","3221","3492","3392","3648","4316","4688","5551","5942","5825","8582","8182","9771",
"서울특별시","계","71세","수급자수","","3276","3478","3279","3584","4360","3097","3605","3492","3733","5042","5428","6353","6703","6194","9095","8621",
"서울특별시","계","72세","수급자수","","2952","3265","3417","3312","3733","2994","3727","3654","3593","4390","5793","6162","7063","7077","6573","9552",
"서울특별시","계","73세","수급자수","","2979","2974","3223","3382","3424","3245","4868","3750","3714","4135","5007","6544","6842","7520","7445","6913",
"서울특별시","계","74세","수급자수","","2895","2964","2908","3182","3471","3376","4102","4870","3743","4338","4642","5619","7332","7231","7912","7806",
"서울특별시","계","75 - 79세","수급자수","","11247","11874","12371","12943","14107","15100","16745","17746","19267","23029","26283","29592","31860","32741","35365","38299",
"서울특별시","계","75세","수급자수","","2675","2885","2851","2878","3238","4502","3703","4135","4820","4362","4932","5317","6229","7671","7642","8328",
"서울특별시","계","76세","수급자수","","2336","2634","2761","2816","2948","3820","3690","3696","4104","5648","4967","5625","5783","6539","8099","7994",
"서울특별시","계","77세","수급자수","","2231","2285","2537","2720","2802","3465","3406","3586","3595","4735","6397","5611","6104","6035","6821","8365",
"서울특별시","계","78세","수급자수","","1981","2173","2189","2418","2719","3463","3090","3318","3533","4190","5360","7114","6081","6266","6308","7073",
"서울특별시","계","79세","수급자수","","2024","1897","2033","2111","2400","3275","2856","3011","3215","4094","4627","5925","7663","6230","6495","6539",
"서울특별시","계","80 - 84세","수급자수","","7134","7509","7677","7941","8413","8989","10150","11030","11724","15431","18931","22268","26118","29729","31721","33022",
"서울특별시","계","80세","수급자수","","1767","1875","1780","1952","2039","2921","2688","2773","2886","3731","4619","5094","6369","7796","6431","6631",
"서울특별시","계","81세","수급자수","","1650","1660","1739","1676","1900","2777","2326","2568","2669","3355","4116","5058","5394","6422","8000","6564",
"서울특별시","계","82세","수급자수","","1465","1549","1534","1620","1592","2664","1962","2221","2442","3143","3664","4508","5363","5404","6452","8077",
"서울특별시","계","83세","수급자수","","1178","1360","1414","1426","1537","2325","1767","1839","2059","2825","3433","3964","4803","5376","5432","6400",
"서울특별시","계","84세","수급자수","","1074","1065","1210","1267","1345","1956","1407","1629","1668","2377","3099","3644","4189","4731","5406","5350",
"서울특별시","계","85 - 89세","수급자수","","3417","3540","3634","3886","4188","4529","5036","5254","5511","7239","9250","11674","14047","15571","17467","19487",
"서울특별시","계","85세","수급자수","","825","937","961","1121","1178","1799","1351","1284","1518","1949","2582","3294","3753","4093","4607","5238",
"서울특별시","계","86세","수급자수","","869","738","852","885","1039","1475","1177","1235","1158","1743","2099","2687","3389","3621","4002","4433",
"서울특별시","계","87세","수급자수","","724","773","624","748","804","1434","1010","1055","1104","1316","1887","2206","2708","3248","3457","3818",
"서울특별시","계","88세","수급자수","","559","631","657","565","669","1241","851","924","940","1210","1408","1996","2225","2552","3033","3211",
"서울특별시","계","89세","수급자수","","440","461","540","567","498","1065","647","756","791","1021","1274","1491","1972","2057","2368","2787",
"서울특별시","계","90 - 94세","수급자수","","1055","1151","1197","1354","1537","1574","1687","1781","1986","2704","3521","4485","5238","5815","6326","7006",
"서울특별시","계","90세","수급자수","","324","378","388","468","495","935","495","564","667","884","1049","1307","1451","1791","1844","2151",
"서울특별시","계","91세","수급자수","","251","269","291","330","403","715","362","423","474","711","909","1090","1273","1291","1626","1658",
"서울특별시","계","92세","수급자수","","224","204","233","239","287","573","361","299","356","472","710","920","1041","1127","1147","1428",
"서울특별시","계","93세","수급자수","","158","187","150","198","193","426","282","273","258","374","487","698","846","882","944","973",
"서울특별시","계","94세","수급자수","","98","113","135","119","159","420","187","222","231","263","366","470","627","724","765","796",
"서울특별시","계","95 - 99세","수급자수","","223","222","240","260","268","317","325","355","415","620","796","990","1193","1360","1575","1758",
"서울특별시","계","95세","수급자수","","87","70","80","105","89","337","123","144","182","242","251","321","413","521","606","644",
"서울특별시","계","96세","수급자수","","65","63","53","58","84","235","88","86","109","167","234","231","279","325","405","477",
"서울특별시","계","97세","수급자수","","38","50","46","41","43","156","44","54","62","104","159","207","218","224","252","317",
"서울특별시","계","98세","수급자수","","21","26","41","26","33","127","48","34","42","70","89","144","167","174","169","199",
"서울특별시","계","99세","수급자수","","12","13","20","30","19","68","22","37","20","37","63","87","116","116","143","121",
"서울특별시","계","100세 이상","수급자수","","40","94","35","47","66","61","49","45","61","84","113","159","197","218","258","287",
"서울특별시","남자","계","수급자수","","86761","86336","83658","81442","83295","86328","112291","117457","116980","128458","141682","167004","182557","186759","193810","201792",
"서울특별시","남자","0 - 4세","수급자수","","1810","1702","1541","1459","1511","1695","1967","1780","1628","1661","1778","2015","1918","1659","1525","1455",
"서울특별시","남자","0세","수급자수","","235","205","213","248","276","317","307","296","299","252","248","341","257","188","182","160",
"서울특별시","남자","1세","수급자수","","339","310","258","280","326","359","415","362","348","365","364","400","385","284","243","249",
"서울특별시","남자","2세","수급자수","","362","371","298","252","295","369","386","370","293","325","375","367","377","349","309","267",
"서울특별시","남자","3세","수급자수","","431","371","384","300","284","338","418","340","317","328","385","417","407","381","361","349",
"서울특별시","남자","4세","수급자수","","443","445","388","379","330","312","441","412","371","391","406","490","492","457","430","430",
"서울특별시","남자","5 - 9세","수급자수","","3900","3328","2827","2589","2434","2388","4864","5105","4527","4372","4427","4722","4566","4214","3981","3821",
"서울특별시","남자","5세","수급자수","","528","472","450","405","410","371","431","461","417","465","474","557","562","532","487","499",
"서울특별시","남자","6세","수급자수","","610","551","468","443","424","452","489","474","486","529","560","615","649","607","577","550",
"서울특별시","남자","7세","수급자수","","699","668","545","483","476","472","1194","1079","1036","1061","1030","1023","944","908","832","774",
"서울특별시","남자","8세","수급자수","","890","705","652","580","516","7","1341","1481","1114","1138","1146","1177","1106","1013","993","912",
"서울특별시","남자","9세","수급자수","","1173","932","712","678","608","0","1409","1610","1474","1179","1217","1350","1305","1154","1092","1086",
"서울특별시","남자","10 - 14세","수급자수","","8592","7861","6838","5799","5113","4660","9578","10356","9369","8816","8150","8427","8347","7933","7621","7387",
"서울특별시","남자","10세","수급자수","","1306","1196","944","720","712","5","1509","1743","1573","1486","1239","1394","1476","1345","1256","1143",
"서울특별시","남자","11세","수급자수","","1496","1349","1192","942","766","520","1692","1797","1678","1634","1533","1426","1481","1549","1424","1338",
"서울특별시","남자","12세","수급자수","","1703","1549","1337","1201","993","573","1852","2022","1787","1751","1689","1697","1556","1576","1604","1468",
"서울특별시","남자","13세","수급자수","","1942","1769","1596","1343","1253","664","2067","2301","2036","1840","1824","1917","1823","1595","1673","1705",
"서울특별시","남자","14세","수급자수","","2145","1998","1769","1593","1389","767","2458","2493","2295","2105","1865","1993","2011","1868","1664","1733",
"서울특별시","남자","15 - 19세","수급자수","","11818","11645","10767","9690","9339","8741","16480","17384","14956","13537","12141","11876","11172","10524","10222","9786",
"서울특별시","남자","15세","수급자수","","2371","2179","2018","1753","1653","823","3163","2920","2472","2299","2181","2049","2080","2036","1946","1727",
"서울특별시","남자","16세","수급자수","","2539","2443","2207","1998","1833","1050","3619","4054","3096","2699","2448","2488","2126","2140","2179","2078",
"서울특별시","남자","17세","수급자수","","2633","2548","2381","2122","2004","1356","3904","4255","3875","3095","2672","2675","2521","2148","2200","2209",
"서울특별시","남자","18세","수급자수","","2487","2545","2368","2187","2069","1443","3781","4210","3754","3657","2961","2811","2673","2468","2176","2246",
"서울특별시","남자","19세","수급자수","","1788","1930","1793","1630","1780","1725","2013","1945","1759","1787","1879","1853","1772","1732","1721","1526",
"서울특별시","남자","20 - 24세","수급자수","","3718","3904","4011","4100","4337","4772","5529","5719","5736","5998","6055","7020","7063","6556","6294","6299",
"서울특별시","남자","20세","수급자수","","950","969","978","972","931","1875","1255","1344","1315","1239","1226","1463","1235","1117","1129","1159",
"서울특별시","남자","21세","수급자수","","722","715","805","858","869","1982","925","996","1036","1145","1074","1200","1307","1073","1009","1019",
"서울특별시","남자","22세","수급자수","","800","850","790","946","1024","1716","1262","1205","1169","1282","1352","1424","1468","1503","1300","1260",
"서울특별시","남자","23세","수급자수","","697","767","802","703","889","983","1092","1207","1202","1195","1298","1492","1570","1408","1532","1375",
"서울특별시","남자","24세","수급자수","","549","603","636","621","624","940","995","967","1014","1137","1105","1441","1483","1455","1324","1486",
"서울특별시","남자","25 - 29세","수급자수","","1846","1772","1695","1607","1700","1840","2268","2405","2477","2790","3219","4054","4645","4592","4839","5140",
"서울특별시","남자","25세","수급자수","","447","444","463","486","512","1039","742","814","790","873","1019","1142","1342","1270","1307","1226",
"서울특별시","남자","26세","수급자수","","401","386","355","356","415","997","487","564","630","625","726","962","1008","1048","1072","1195",
"서울특별시","남자","27세","수급자수","","369","320","317","274","308","813","427","386","438","545","555","759","924","828","944","1046",
"서울특별시","남자","28세","수급자수","","317","322","265","254","236","540","322","347","318","414","515","605","739","782","772","913",
"서울특별시","남자","29세","수급자수","","312","300","295","237","229","432","290","294","301","333","404","586","632","664","744","760",
"서울특별시","남자","30 - 34세","수급자수","","1717","1665","1531","1501","1487","1528","1675","1586","1552","1862","2348","3449","4099","4356","4608","5201",
"서울특별시","남자","30세","수급자수","","297","313","262","285","252","347","267","281","284","383","459","673","842","823","813","1003",
"서울특별시","남자","31세","수급자수","","307","316","300","258","287","276","290","290","271","356","492","715","848","934","968","1001",
"서울특별시","남자","32세","수급자수","","326","313","314","308","291","245","342","277","308","359","450","743","838","869","1032","1051",
"서울특별시","남자","33세","수급자수","","348","349","322","322","319","240","370","365","304","378","469","624","853","849","917","1143",
"서울특별시","남자","34세","수급자수","","439","374","333","328","338","268","406","373","385","386","478","694","718","881","878","1003",
"서울특별시","남자","35 - 39세","수급자수","","3326","2988","2601","2272","2170","2161","2517","2535","2530","2982","3363","4277","4702","4503","4712","5019",
"서울특별시","남자","35세","수급자수","","499","454","363","350","362","310","470","422","399","492","492","699","820","778","966","957",
"서울특별시","남자","36세","수급자수","","585","516","429","380","384","334","458","511","454","530","633","696","838","861","832","1041",
"서울특별시","남자","37세","수급자수","","666","569","519","438","395","376","459","496","553","587","673","893","837","881","930","932",
"서울특별시","남자","38세","수급자수","","750","695","583","521","463","382","543","511","563","687","759","939","1063","897","984","1039",
"서울특별시","남자","39세","수급자수","","826","754","707","583","566","382","587","595","561","686","806","1050","1144","1086","1000","1050",
"서울특별시","남자","40 - 44세","수급자수","","6068","5657","5189","4769","4452","4213","4631","4264","4006","4302","4783","6022","6667","6718","7074","7093",
"서울특별시","남자","40세","수급자수","","1022","866","799","736","650","435","638","608","639","700","863","1125","1228","1183","1199","1104",
"서울특별시","남자","41세","수급자수","","1124","1052","877","836","786","462","787","687","648","751","854","1176","1329","1324","1310","1269",
"서울특별시","남자","42세","수급자수","","1177","1175","1076","880","891","500","913","842","758","834","931","1126","1357","1421","1446","1422",
"서울특별시","남자","43세","수급자수","","1309","1222","1195","1067","950","624","1065","982","886","914","986","1268","1292","1437","1572","1577",
"서울특별시","남자","44세","수급자수","","1436","1342","1242","1250","1175","721","1228","1145","1075","1103","1149","1327","1461","1353","1547","1721",
"서울특별시","남자","45 - 49세","수급자수","","9401","8868","8188","7459","7269","7194","7945","7940","7836","8229","8726","10227","10376","9731","9264","9301",
"서울특별시","남자","45세","수급자수","","1601","1486","1351","1265","1339","863","1313","1325","1211","1282","1348","1533","1596","1547","1491","1715",
"서울특별시","남자","46세","수급자수","","1719","1620","1491","1356","1314","962","1537","1422","1406","1457","1550","1784","1789","1701","1643","1641",
"서울특별시","남자","47세","수급자수","","1938","1785","1635","1492","1395","1043","1686","1657","1541","1669","1736","2031","2030","1911","1799","1785",
"서울특별시","남자","48세","수급자수","","1997","1972","1757","1623","1546","1248","1663","1772","1758","1812","1972","2306","2306","2123","2048","1960",
"서울특별시","남자","49세","수급자수","","2146","2005","1954","1723","1675","1414","1746","1764","1920","2009","2120","2573","2655","2449","2283","2200",
"서울특별시","남자","50 - 54세","수급자수","","9232","9692","9894","9721","9855","9951","10699","10572","10542","11421","12484","15065","16410","16399","16087","15513",
"서울특별시","남자","50세","수급자수","","2032","2180","1984","1899","1769","1424","1898","1847","1888","2163","2345","2766","2892","2754","2618","2420",
"서울특별시","남자","51세","수급자수","","1905","2044","2190","1932","1941","1468","2040","1995","1948","2168","2509","2961","3172","2992","2956","2801",
"서울특별시","남자","52세","수급자수","","1858","1906","2024","2126","1971","1640","2136","2151","2092","2174","2451","3149","3391","3344","3181","3124",
"서울특별시","남자","53세","수급자수","","1733","1839","1881","1939","2178","1756","2260","2211","2276","2370","2492","3035","3531","3546","3554","3443",
"서울특별시","남자","54세","수급자수","","1704","1723","1815","1825","1996","1842","2365","2368","2338","2546","2687","3154","3424","3763","3778","3725",
"서울특별시","남자","55 - 59세","수급자수","","5728","6473","7267","7676","8614","9663","11354","12261","13087","14457","16200","18879","20128","19909","20286","20709",
"서울특별시","남자","55세","수급자수","","1441","1716","1706","1788","1887","1999","2564","2499","2487","2582","2935","3367","3587","3594","3960","4015",
"서울특별시","남자","56세","수급자수","","1174","1426","1696","1647","1849","2069","2323","2639","2661","2848","2967","3665","3807","3726","3756","4138",
"서울특별시","남자","57세","수급자수","","1308","1180","1432","1653","1693","2285","2253","2446","2773","2968","3280","3636","4107","3983","3911","3989",
"서울특별시","남자","58세","수급자수","","843","1297","1174","1424","1734","2060","2224","2354","2604","3162","3404","4061","4088","4282","4185","4171",
"서울특별시","남자","59세","수급자수","","962","854","1259","1164","1451","1989","1990","2323","2562","2897","3614","4150","4539","4324","4474","4396",
"서울특별시","남자","60 - 64세","수급자수","","4330","4630","4694","5068","5543","6334","8194","9619","10765","13307","15879","19913","23054","24204","25333","25924",
"서울특별시","남자","60세","수급자수","","958","959","838","1284","1227","1966","2137","2106","2445","2867","3358","4437","4685","4762","4570","4693",
"서울특별시","남자","61세","수급자수","","920","981","956","866","1364","1773","1758","2242","2231","2818","3265","4187","5031","4888","5067","4773",
"서울특별시","남자","62세","수급자수","","913","940","1006","958","883","1875","1529","1874","2378","2516","3234","3887","4633","5167","5205","5323",
"서울특별시","남자","63세","수급자수","","781","952","938","1008","997","1554","1662","1623","1988","2724","2886","3917","4335","4837","5388","5472",
"서울특별시","남자","64세","수급자수","","758","798","956","952","1072","1321","1108","1774","1723","2382","3136","3485","4370","4550","5103","5663",
"서울특별시","남자","65 - 69세","수급자수","","5478","5553","5458","5433","5916","6592","7843","8208","8939","10765","13380","16950","20720","22747","25073","27545",
"서울특별시","남자","65세","수급자수","","871","901","940","1165","1174","1423","1504","1333","2102","2282","3153","4159","4276","4943","5081","5720",
"서울특별시","남자","66세","수급자수","","958","987","987","1035","1330","955","1609","1652","1477","2553","2773","3722","4802","4665","5315","5503",
"서울특별시","남자","67세","수급자수","","1342","1032","1020","1054","1141","1081","1619","1743","1777","1761","2994","3174","4163","5057","4892","5666",
"서울특별시","남자","68세","수급자수","","1205","1398","1078","1078","1117","1314","1698","1700","1813","2049","2061","3500","3577","4343","5296","5172",
"서울특별시","남자","69세","수급자수","","1102","1235","1433","1101","1154","1364","1413","1780","1770","2120","2399","2395","3902","3739","4489","5484",
"서울특별시","남자","70 - 74세","수급자수","","4964","5273","5476","6113","6493","6736","7450","7489","7560","9196","11003","13064","14553","16015","17468","19320",
"서울특별시","남자","70세","수급자수","","1153","1132","1218","1514","1192","1499","1340","1464","1825","2061","2500","2721","2652","4026","3871","4698",
"서울특별시","남자","71세","수급자수","","1077","1175","1134","1250","1602","1242","1359","1377","1511","2114","2329","2814","2999","2771","4178","3977",
"서울특별시","남자","72세","수급자수","","940","1074","1138","1160","1308","1173","1410","1383","1419","1785","2381","2601","3087","3091","2906","4343",
"서울특별시","남자","73세","수급자수","","950","935","1065","1141","1207","1222","1852","1418","1395","1614","2013","2693","2820","3226","3187","3004",
"서울특별시","남자","74세","수급자수","","844","957","921","1048","1184","1265","1489","1847","1410","1622","1780","2235","2995","2901","3326","3298",
"서울특별시","남자","75 - 79세","수급자수","","2710","3029","3357","3726","4318","4781","5588","6041","6817","8232","9423","10742","11684","12273","13447","14854",
"서울특별시","남자","75세","수급자수","","751","840","904","912","1073","1678","1322","1502","1829","1628","1840","2051","2447","3079","3038","3441",
"서울특별시","남자","76세","수급자수","","574","728","778","888","926","1353","1267","1309","1491","2102","1826","2074","2185","2524","3218","3095",
"서울특별시","남자","77세","수급자수","","506","550","706","765","882","1218","1121","1230","1255","1670","2323","2056","2187","2260","2594","3266",
"서울특별시","남자","78세","수급자수","","433","492","521","663","778","1173","982","1070","1203","1454","1860","2516","2213","2209","2341","2675",
"서울특별시","남자","79세","수급자수","","446","419","448","498","659","1074","896","930","1039","1378","1574","2045","2652","2201","2256","2377",
"서울특별시","남자","80 - 84세","수급자수","","1331","1420","1494","1586","1776","2038","2533","2983","3344","4580","5730","6837","8163","9496","10252","10855",
"서울특별시","남자","80세","수급자수","","370","395","376","426","485","909","775","874","881","1209","1513","1710","2151","2688","2226","2266",
"서울특별시","남자","81세","수급자수","","295","343","358","348","417","873","631","740","823","1005","1311","1596","1763","2128","2694","2231",
"서울특별시","남자","82세","수급자수","","267","272","309","323","319","752","472","589","694","967","1046","1387","1651","1701","2086","2687",
"서울특별시","남자","83세","수급자수","","194","235","253","267","297","630","380","434","546","789","1019","1109","1440","1584","1662","2040",
"서울특별시","남자","84세","수급자수","","205","175","198","222","258","462","275","346","400","610","841","1035","1158","1395","1584","1631",
"서울특별시","남자","85 - 89세","수급자수","","600","630","608","635","680","745","854","902","979","1474","1949","2668","3364","3822","4477","5084",
"서울특별시","남자","85세","수급자수","","170","169","147","183","191","390","256","244","310","478","627","879","1011","1091","1308","1476",
"서울특별시","남자","86세","수급자수","","155","146","159","125","169","283","221","218","209","366","484","656","885","955","1031","1194",
"서울특별시","남자","87세","수급자수","","120","137","115","135","119","273","161","189","187","234","395","464","639","822","875","954",
"서울특별시","남자","88세","수급자수","","87","104","107","101","114","238","129","145","166","207","241","426","448","561","749","783",
"서울특별시","남자","89세","수급자수","","68","74","80","91","87","171","87","106","107","189","202","243","381","393","514","677",
"서울특별시","남자","90 - 94세","수급자수","","157","175","186","201","247","246","278","257","273","384","522","655","769","923","1021","1226",
"서울특별시","남자","90세","수급자수","","54","64","65","68","90","141","78","70","95","132","181","195","227","335","336","438",
"서울특별시","남자","91세","수급자수","","34","45","48","49","58","100","66","68","57","101","133","173","183","195","295","299",
"서울특별시","남자","92세","수급자수","","33","26","37","37","44","95","67","50","49","57","108","133","146","159","166","260",
"서울특별시","남자","93세","수급자수","","18","27","18","33","26","71","40","42","38","55","52","106","122","127","114","136",
"서울특별시","남자","94세","수급자수","","18","13","18","14","29","75","27","27","34","39","48","48","91","107","110","93",
"서울특별시","남자","95 - 99세","수급자수","","27","33","30","32","32","43","38","47","52","87","112","130","138","164","200","235",
"서울특별시","남자","95세","수급자수","","10","16","7","10","9","49","15","24","22","37","38","41","45","77","87","96",
"서울특별시","남자","96세","수급자수","","8","8","12","3","9","29","13","11","18","18","37","28","33","26","62","67",
"서울특별시","남자","97세","수급자수","","3","6","5","11","2","22","5","6","6","17","17","31","20","27","22","45",
"서울특별시","남자","98세","수급자수","","4","0","6","2","10","23","5","3","5","9","12","18","22","17","19","18",
"서울특별시","남자","99세","수급자수","","2","3","0","6","2","8","0","3","1","6","8","12","18","17","10","9",
"서울특별시","남자","100세 이상","수급자수","","8","38","6","6","9","7","6","4","5","6","10","12","19","21","26","25",
"서울특별시","여자","계","수급자수","","115684","114868","110461","106575","107185","108480","134289","137769","134829","149533","164866","192240","209970","215905","224402","232495",
"서울특별시","여자","0 - 4세","수급자수","","1747","1603","1456","1358","1343","1370","1606","1530","1376","1495","1634","1826","1665","1468","1377","1319",
"서울특별시","여자","0세","수급자수","","262","183","201","244","228","221","258","256","213","224","214","261","185","174","173","153",
"서울특별시","여자","1세","수급자수","","335","312","230","248","269","257","290","264","266","270","301","307","289","233","225","221",
"서울특별시","여자","2세","수급자수","","364","340","305","230","268","294","297","298","265","301","319","362","315","289","262","260",
"서울특별시","여자","3세","수급자수","","354","377","328","294","253","286","380","316","311","325","383","404","398","328","324","302",
"서울특별시","여자","4세","수급자수","","432","391","392","342","325","312","381","396","321","375","417","492","478","444","393","383",
"서울특별시","여자","5 - 9세","수급자수","","3871","3312","2835","2528","2373","2229","4726","5079","4420","4250","4334","4585","4514","4182","3972","3744",
"서울특별시","여자","5세","수급자수","","529","443","402","403","374","344","426","410","390","437","449","579","574","533","512","445",
"서울특별시","여자","6세","수급자수","","619","543","444","423","439","403","427","483","452","487","534","581","665","630","554","562",
"서울특별시","여자","7세","수급자수","","719","655","561","458","455","480","1186","1100","1019","1034","984","980","945","911","855","777",
"서울특별시","여자","8세","수급자수","","866","770","657","569","498","59","1325","1457","1135","1127","1147","1150","1067","1006","977","923",
"서울특별시","여자","9세","수급자수","","1138","901","771","675","607","34","1362","1629","1424","1165","1220","1295","1263","1102","1074","1037",
"서울특별시","여자","10 - 14세","수급자수","","8079","7434","6539","5679","5155","4653","9335","9986","8907","8372","7789","8136","8067","7591","7347","7082",
"서울특별시","여자","10세","수급자수","","1188","1207","922","795","721","17","1383","1612","1586","1436","1242","1382","1389","1302","1177","1125",
"서울특별시","여자","11세","수급자수","","1356","1228","1230","942","832","472","1629","1678","1594","1621","1512","1382","1458","1449","1402","1213",
"서울특별시","여자","12세","수급자수","","1609","1418","1266","1218","995","530","1757","1954","1629","1622","1670","1706","1481","1498","1544","1484",
"서울특별시","여자","13세","수급자수","","1857","1665","1432","1287","1269","643","2154","2174","1944","1673","1658","1876","1791","1520","1595","1601",
"서울특별시","여자","14세","수급자수","","2069","1916","1689","1437","1338","756","2412","2568","2154","2020","1707","1790","1948","1822","1629","1659",
"서울특별시","여자","15 - 19세","수급자수","","12197","11973","11112","9870","9103","8555","16191","17027","14827","13243","11813","11552","10787","10182","9867","9551",
"서울특별시","여자","15세","수급자수","","2326","2161","1917","1693","1502","878","3108","2934","2520","2200","2056","1896","1879","1999","1906","1697",
"서울특별시","여자","16세","수급자수","","2560","2379","2171","1937","1767","1055","3472","3930","3059","2626","2344","2387","2001","1891","2099","1974",
"서울특별시","여자","17세","수급자수","","2722","2605","2336","2093","1974","1321","3782","4130","3797","3028","2628","2539","2439","1994","1979","2187",
"서울특별시","여자","18세","수급자수","","2511","2638","2485","2141","2051","1406","3806","4091","3614","3526","2882","2727","2544","2431","2043","2037",
"서울특별시","여자","19세","수급자수","","2078","2190","2203","2006","1809","1578","2023","1942","1837","1863","1903","2003","1924","1867","1840","1656",
"서울특별시","여자","20 - 24세","수급자수","","4652","5238","5284","5347","5698","5951","6827","6700","6454","6721","6889","8246","8662","8158","8119","8223",
"서울특별시","여자","20세","수급자수","","1505","1840","1794","1812","1786","1831","1843","1811","1713","1686","1693","2036","1999","1840","1808","1776",
"서울특별시","여자","21세","수급자수","","1204","1245","1403","1353","1493","1944","1600","1565","1497","1599","1536","1797","2007","1832","1749","1770",
"서울특별시","여자","22세","수급자수","","877","974","924","1019","1069","1796","1448","1293","1273","1409","1470","1603","1756","1825","1679","1659",
"서울특별시","여자","23세","수급자수","","656","669","690","676","810","1638","1130","1149","1044","1110","1219","1560","1467","1441","1635","1525",
"서울특별시","여자","24세","수급자수","","410","510","473","487","540","1542","806","882","927","917","971","1250","1433","1220","1248","1493",
"서울특별시","여자","25 - 29세","수급자수","","1598","1548","1504","1387","1449","1629","1959","2051","2180","2557","2806","3732","4141","4139","4118","4525",
"서울특별시","여자","25세","수급자수","","361","340","375","337","399","1235","606","622","704","843","789","1003","1123","1151","1069","1145",
"서울특별시","여자","26세","수급자수","","327","294","270","302","306","861","401","469","449","579","635","791","864","887","926","1016",
"서울특별시","여자","27세","수급자수","","316","310","265","233","271","675","360","374","406","431","538","715","737","756","772","874",
"서울특별시","여자","28세","수급자수","","287","313","303","243","236","457","283","314","316","375","447","674","707","667","706","786",
"서울특별시","여자","29세","수급자수","","307","291","291","272","237","366","309","272","305","329","397","549","710","678","645","704",
"서울특별시","여자","30 - 34세","수급자수","","2305","1985","1815","1704","1723","1699","1964","1913","1782","2071","2443","3353","3831","4017","4262","4653",
"서울특별시","여자","30세","수급자수","","346","319","280","304","276","274","326","315","280","351","424","630","724","788","784","790",
"서울특별시","여자","31세","수급자수","","347","344","314","276","321","279","316","343","336","363","465","629","760","805","915","952",
"서울특별시","여자","32세","수급자수","","440","363","383","331","313","253","395","351","355","415","451","679","759","820","855","1018",
"서울특별시","여자","33세","수급자수","","506","456","362","398","369","255","467","417","381","458","515","677","779","784","839","951",
"서울특별시","여자","34세","수급자수","","666","503","476","395","444","318","460","487","430","484","588","738","809","820","869","942",
"서울특별시","여자","35 - 39세","수급자수","","5535","4875","4117","3585","3160","3009","3339","3195","3048","3610","4070","5099","5444","5188","5275","5465",
"서울특별시","여자","35세","수급자수","","730","685","516","477","428","357","534","481","538","564","599","814","873","879","902","963",
"서울특별시","여자","36세","수급자수","","983","743","694","539","524","358","642","569","521","675","713","839","961","912","999","1020",
"서울특별시","여자","37세","수급자수","","1044","1038","776","714","581","411","604","689","609","664","876","990","1004","1057","1009","1071",
"서울특별시","여자","38세","수급자수","","1243","1100","1058","785","762","493","754","651","713","785","870","1222","1173","1066","1179","1121",
"서울특별시","여자","39세","수급자수","","1535","1309","1073","1070","865","467","805","805","667","922","1012","1234","1433","1274","1186","1290",
"서울특별시","여자","40 - 44세","수급자수","","9259","8944","8245","7264","6795","6345","6869","6261","5680","5771","6155","7452","8151","8220","8667","8558",
"서울특별시","여자","40세","수급자수","","1590","1550","1324","1118","1145","585","1033","852","862","835","1111","1361","1467","1525","1422","1322",
"서울특별시","여자","41세","수급자수","","1909","1636","1541","1293","1179","641","1162","1073","895","1054","1003","1492","1574","1539","1691","1567",
"서울특별시","여자","42세","수급자수","","1920","1941","1580","1499","1375","823","1447","1211","1098","1080","1258","1314","1717","1675","1720","1802",
"서울특별시","여자","43세","수급자수","","1863","1930","1912","1528","1535","901","1523","1537","1270","1294","1285","1621","1517","1858","1828","1886",
"서울특별시","여자","44세","수급자수","","1977","1887","1888","1826","1561","1213","1704","1588","1555","1508","1498","1664","1876","1623","2006","1981",
"서울특별시","여자","45 - 49세","수급자수","","9609","9546","8994","8458","8612","8481","9694","9749","9454","9916","10463","11952","12082","11620","11064","11120",
"서울특별시","여자","45세","수급자수","","2028","1965","1793","1808","1818","1219","1889","1764","1659","1771","1731","1881","1909","1965","1780","2200",
"서울특별시","여자","46세","수급자수","","1850","1997","1860","1664","1778","1426","1908","1952","1782","1854","2022","2192","2107","2020","2131","1916",
"서울특별시","여자","47세","수급자수","","1964","1790","1880","1707","1627","1586","2120","1896","1970","2033","2083","2516","2455","2208","2157","2278",
"서울특별시","여자","48세","수급자수","","1926","1909","1665","1755","1680","1599","1982","2139","1910","2157","2248","2597","2799","2559","2312","2290",
"서울특별시","여자","49세","수급자수","","1841","1885","1796","1524","1709","1819","1795","1998","2133","2101","2379","2766","2812","2868","2684","2436",
"서울특별시","여자","50 - 54세","수급자수","","7323","7695","7826","7740","7850","8225","9119","9179","9208","10403","11369","13900","15479","15701","15778","15659",
"서울특별시","여자","50세","수급자수","","1620","1814","1763","1685","1524","1774","1849","1833","1971","2289","2322","2871","3033","2911","2941","2761",
"서울특별시","여자","51세","수급자수","","1517","1616","1724","1630","1655","1621","1855","1866","1804","2133","2475","2805","3096","3097","3023","3028",
"서울특별시","여자","52세","수급자수","","1469","1491","1528","1621","1609","1668","1702","1875","1839","1956","2290","2956","3123","3153","3230","3130",
"서울특별시","여자","53세","수급자수","","1335","1446","1400","1450","1610","1685","1856","1726","1859","2000","2105","2766","3244","3204","3262","3401",
"서울특별시","여자","54세","수급자수","","1382","1328","1411","1354","1452","1561","1857","1879","1735","2025","2177","2502","2983","3336","3322","3339",
"서울특별시","여자","55 - 59세","수급자수","","5006","5517","5929","6113","6534","7196","8467","9112","9549","10553","11606","13665","14767","15127","16085","16569",
"서울특별시","여자","55세","수급자수","","1162","1381","1293","1363","1361","1658","1872","1879","1896","1914","2216","2628","2748","3082","3425","3391",
"서울특별시","여자","56세","수급자수","","1009","1166","1366","1273","1374","1659","1724","1934","1928","2055","2096","2708","2930","2831","3212","3516",
"서울특별시","여자","57세","수급자수","","1104","1008","1139","1346","1249","1662","1635","1800","2013","2132","2285","2550","3029","3060","2937","3316",
"서울특별시","여자","58세","수급자수","","804","1144","994","1131","1393","1486","1673","1705","1909","2277","2409","2838","2855","3138","3167","3063",
"서울특별시","여자","59세","수급자수","","927","818","1137","1000","1157","1426","1563","1794","1803","2175","2600","2941","3205","3016","3344","3283",
"서울특별시","여자","60 - 64세","수급자수","","5682","5703","5383","5366","5471","5851","7343","8286","9002","10970","12947","16004","18101","18769","19317","19443",
"서울특별시","여자","60세","수급자수","","1053","990","819","1150","1047","1446","1775","1685","1935","2115","2498","3231","3389","3416","3209","3490",
"서울특별시","여자","61세","수급자수","","1106","1083","998","839","1210","1336","1495","1871","1811","2258","2479","3173","3715","3634","3641","3380",
"서울특별시","여자","62세","수급자수","","1187","1153","1111","1022","938","1502","1354","1597","1948","2151","2659","3062","3673","3951","3937","3862",
"서울특별시","여자","63세","수급자수","","1173","1246","1162","1132","1070","1259","1518","1457","1715","2353","2534","3291","3486","3960","4223","4189",
"서울특별시","여자","64세","수급자수","","1163","1231","1293","1223","1206","1133","1201","1676","1593","2093","2777","3247","3838","3808","4307","4522",
"서울특별시","여자","65 - 69세","수급자수","","10010","9727","9080","8448","8686","8905","9911","9799","9909","11860","13982","17058","20551","22219","24126","25661",
"서울특별시","여자","65세","수급자수","","1525","1390","1402","1534","1507","1284","1613","1441","2047","2235","2910","3816","4035","4401","4347","4856",
"서울특별시","여자","66세","수급자수","","1717","1688","1489","1553","1806","1012","1915","1818","1607","2631","2757","3537","4500","4444","4825","4751",
"서울특별시","여자","67세","수급자수","","2432","1822","1748","1587","1740","1163","1977","2068","1954","2008","3139","3279","4086","4940","4828","5178",
"서울특별시","여자","68세","수급자수","","2217","2543","1872","1823","1719","1555","2303","2083","2156","2381","2387","3691","3721","4430","5376","5162",
"서울특별시","여자","69세","수급자수","","2119","2284","2569","1951","1914","1681","2103","2389","2145","2605","2789","2735","4209","4004","4750","5714",
"서울특별시","여자","70 - 74세","수급자수","","10528","10703","10869","11483","11716","11672","12244","11925","11539","13397","15418","17556","19212","20589","21739","23343",
"서울특별시","여자","70세","수급자수","","2237","2163","2300","2622","2029","1993","2052","2184","2491","2627","3051","3221","3173","4556","4311","5073",
"서울특별시","여자","71세","수급자수","","2199","2303","2145","2334","2758","1855","2246","2115","2222","2928","3099","3539","3704","3423","4917","4644",
"서울특별시","여자","72세","수급자수","","2012","2191","2279","2152","2425","1821","2317","2271","2174","2605","3412","3561","3976","3986","3667","5209",
"서울특별시","여자","73세","수급자수","","2029","2039","2158","2241","2217","2023","3016","2332","2319","2521","2994","3851","4022","4294","4258","3909",
"서울특별시","여자","74세","수급자수","","2051","2007","1987","2134","2287","2111","2613","3023","2333","2716","2862","3384","4337","4330","4586","4508",
"서울특별시","여자","75 - 79세","수급자수","","8537","8845","9014","9217","9789","10319","11157","11705","12450","14797","16860","18850","20176","20468","21918","23445",
"서울특별시","여자","75세","수급자수","","1924","2045","1947","1966","2165","2824","2381","2633","2991","2734","3092","3266","3782","4592","4604","4887",
"서울특별시","여자","76세","수급자수","","1762","1906","1983","1928","2022","2467","2423","2387","2613","3546","3141","3551","3598","4015","4881","4899",
"서울특별시","여자","77세","수급자수","","1725","1735","1831","1955","1920","2247","2285","2356","2340","3065","4074","3555","3917","3775","4227","5099",
"서울특별시","여자","78세","수급자수","","1548","1681","1668","1755","1941","2290","2108","2248","2330","2736","3500","4598","3868","4057","3967","4398",
"서울특별시","여자","79세","수급자수","","1578","1478","1585","1613","1741","2201","1960","2081","2176","2716","3053","3880","5011","4029","4239","4162",
"서울특별시","여자","80 - 84세","수급자수","","5803","6089","6183","6355","6637","6951","7617","8047","8380","10851","13201","15431","17955","20233","21469","22167",
"서울특별시","여자","80세","수급자수","","1397","1480","1404","1526","1554","2012","1913","1899","2005","2522","3106","3384","4218","5108","4205","4365",
"서울특별시","여자","81세","수급자수","","1355","1317","1381","1328","1483","1904","1695","1828","1846","2350","2805","3462","3631","4294","5306","4333",
"서울특별시","여자","82세","수급자수","","1198","1277","1225","1297","1273","1912","1490","1632","1748","2176","2618","3121","3712","3703","4366","5390",
"서울특별시","여자","83세","수급자수","","984","1125","1161","1159","1240","1695","1387","1405","1513","2036","2414","2855","3363","3792","3770","4360",
"서울특별시","여자","84세","수급자수","","869","890","1012","1045","1087","1494","1132","1283","1268","1767","2258","2609","3031","3336","3822","3719",
"서울특별시","여자","85 - 89세","수급자수","","2817","2910","3026","3251","3508","3784","4182","4352","4532","5765","7301","9006","10683","11749","12990","14403",
"서울특별시","여자","85세","수급자수","","655","768","814","938","987","1409","1095","1040","1208","1471","1955","2415","2742","3002","3299","3762",
"서울특별시","여자","86세","수급자수","","714","592","693","760","870","1192","956","1017","949","1377","1615","2031","2504","2666","2971","3239",
"서울특별시","여자","87세","수급자수","","604","636","509","613","685","1161","849","866","917","1082","1492","1742","2069","2426","2582","2864",
"서울특별시","여자","88세","수급자수","","472","527","550","464","555","1003","722","779","774","1003","1167","1570","1777","1991","2284","2428",
"서울특별시","여자","89세","수급자수","","372","387","460","476","411","894","560","650","684","832","1072","1248","1591","1664","1854","2110",
"서울특별시","여자","90 - 94세","수급자수","","898","976","1011","1153","1290","1328","1409","1524","1713","2320","2999","3830","4469","4892","5305","5780",
"서울특별시","여자","90세","수급자수","","270","314","323","400","405","794","417","494","572","752","868","1112","1224","1456","1508","1713",
"서울특별시","여자","91세","수급자수","","217","224","243","281","345","615","296","355","417","610","776","917","1090","1096","1331","1359",
"서울특별시","여자","92세","수급자수","","191","178","196","202","243","478","294","249","307","415","602","787","895","968","981","1168",
"서울특별시","여자","93세","수급자수","","140","160","132","165","167","355","242","231","220","319","435","592","724","755","830","837",
"서울특별시","여자","94세","수급자수","","80","100","117","105","130","345","160","195","197","224","318","422","536","617","655","703",
"서울특별시","여자","95 - 99세","수급자수","","196","189","210","228","236","274","287","308","363","533","684","860","1055","1196","1375","1523",
"서울특별시","여자","95세","수급자수","","77","54","73","95","80","288","108","120","160","205","213","280","368","444","519","548",
"서울특별시","여자","96세","수급자수","","57","55","41","55","75","206","75","75","91","149","197","203","246","299","343","410",
"서울특별시","여자","97세","수급자수","","35","44","41","30","41","134","39","48","56","87","142","176","198","197","230","272",
"서울특별시","여자","98세","수급자수","","17","26","35","24","23","104","43","31","37","61","77","126","145","157","150","181",
"서울특별시","여자","99세","수급자수","","10","10","20","24","17","60","22","34","19","31","55","75","98","99","133","112",
"서울특별시","여자","100세 이상","수급자수","","32","56","29","41","57","54","43","41","56","78","103","147","178","197","232","262",
"부산광역시","계","계","수급자수","","138062","138317","134837","128650","124218","120989","146599","143911","139779","153741","167251","191283","212567","222452","230100","238549",
"부산광역시","계","0 - 4세","수급자수","","2177","2183","2048","1773","1583","1523","1736","1596","1401","1489","1675","1738","1755","1698","1663","1593",
"부산광역시","계","0세","수급자수","","250","362","327","240","201","180","228","173","139","151","203","174","182","166","179","165",
"부산광역시","계","1세","수급자수","","375","321","438","321","305","261","272","294","241","238","247","285","279","281","259","269",
"부산광역시","계","2세","수급자수","","448","457","327","390","332","324","348","306","316","303","328","326","343","346","328","303",
"부산광역시","계","3세","수급자수","","496","506","460","339","394","357","415","366","314","407","380","432","411","408","409","382",
"부산광역시","계","4세","수급자수","","608","537","496","483","351","401","473","457","391","390","517","521","540","497","488","474",
"부산광역시","계","5 - 9세","수급자수","","5385","4572","3995","3435","3066","2722","5204","5118","4611","4613","4985","5509","5961","5694","5493","5245",
"부산광역시","계","5세","수급자수","","716","647","570","509","500","366","491","504","500","487","522","677","664","649","602","567",
"부산광역시","계","6세","수급자수","","847","742","667","568","523","517","479","508","545","596","594","697","829","748","760","691",
"부산광역시","계","7세","수급자수","","982","884","764","664","589","541","1281","1081","1084","1121","1252","1209","1370","1312","1162","1142",
"부산광역시","계","8세","수급자수","","1256","1017","929","765","675","22","1466","1419","1074","1255","1246","1441","1426","1459","1427","1282",
"부산광역시","계","9세","수급자수","","1584","1282","1065","929","779","19","1487","1606","1408","1154","1371","1485","1672","1526","1542","1563",
"부산광역시","계","10 - 14세","수급자수","","11691","10785","9493","8126","6943","5977","11139","10087","8808","8318","7988","8793","9385","9397","9358","9540",
"부산광역시","계","10세","수급자수","","1727","1656","1329","1093","937","10","1618","1607","1570","1460","1266","1603","1711","1755","1640","1645",
"부산광역시","계","11세","수급자수","","2002","1806","1702","1355","1086","605","1815","1693","1539","1609","1561","1467","1840","1848","1835","1730",
"부산광역시","계","12세","수급자수","","2285","2098","1839","1673","1404","693","2099","1929","1618","1621","1686","1814","1666","1945","1923","1943",
"부산광역시","계","13세","수급자수","","2707","2384","2186","1827","1683","795","2498","2292","1915","1686","1726","1984","2011","1773","2103","2043",
"부산광역시","계","14세","수급자수","","2970","2841","2437","2178","1833","961","3109","2566","2166","1942","1749","1925","2157","2076","1857","2179",
"부산광역시","계","15 - 19세","수급자수","","16234","16128","15479","13834","12719","11323","19168","17614","14795","13411","12078","11900","11466","11129","10839","10653",
"부산광역시","계","15세","수급자수","","3218","3087","2918","2416","2201","1080","3745","3215","2464","2249","2046","1981","2059","2279","2145","1961",
"부산광역시","계","16세","수급자수","","3418","3383","3190","2882","2445","1434","4104","3954","3107","2616","2370","2394","2169","2175","2387","2281",
"부산광역시","계","17세","수급자수","","3732","3472","3385","3085","2833","1707","4478","4080","3704","3124","2650","2613","2477","2224","2243","2478",
"부산광역시","계","18세","수급자수","","3415","3573","3325","3045","2871","1865","4375","4108","3529","3533","3012","2821","2721","2530","2244","2277",
"부산광역시","계","19세","수급자수","","2451","2613","2661","2406","2369","2187","2466","2257","1991","1889","2000","2091","2040","1921","1820","1656",
"부산광역시","계","20 - 24세","수급자수","","5587","5975","6326","6277","6423","6481","7261","7030","6664","6821","6962","8181","8554","8194","7941","7842",
"부산광역시","계","20세","수급자수","","1706","1718","1823","1745","1698","2401","1850","1796","1631","1550","1502","1815","1716","1639","1535","1454",
"부산광역시","계","21세","수급자수","","1244","1436","1486","1523","1538","2642","1528","1537","1486","1510","1486","1631","1834","1689","1577","1571",
"부산광역시","계","22세","수급자수","","1137","1183","1316","1293","1450","2228","1596","1512","1399","1512","1579","1777","1852","1908","1724","1670",
"부산광역시","계","23세","수급자수","","841","971","979","997","996","1610","1306","1229","1194","1234","1316","1611","1669","1535","1744","1581",
"부산광역시","계","24세","수급자수","","659","667","722","719","741","1483","981","956","954","1015","1079","1347","1483","1423","1361","1566",
"부산광역시","계","25 - 29세","수급자수","","2153","2106","1950","1857","1760","1687","1954","2106","2121","2437","2705","3581","4102","4258","4457","4628",
"부산광역시","계","25세","수급자수","","513","540","517","544","509","1494","647","763","691","808","864","1046","1225","1213","1242","1180",
"부산광역시","계","26세","수급자수","","429","439","412","404","393","1120","428","467","524","527","599","836","900","953","986","1077",
"부산광역시","계","27세","수급자수","","409","377","357","309","329","774","311","339","367","456","472","650","763","781","864","878",
"부산광역시","계","28세","수급자수","","405","372","319","306","256","527","297","269","285","334","414","544","646","707","695","831",
"부산광역시","계","29세","수급자수","","397","378","345","294","273","357","271","268","254","312","356","505","568","604","670","662",
"부산광역시","계","30 - 34세","수급자수","","2671","2473","2324","2210","2018","1927","2043","1829","1669","1777","2014","2735","3234","3497","3769","4015",
"부산광역시","계","30세","수급자수","","431","422","388","347","294","309","269","270","265","313","373","499","631","657","669","791",
"부산광역시","계","31세","수급자수","","441","448","436","416","366","259","343","291","285","328","360","574","595","720","763","746",
"부산광역시","계","32세","수급자수","","481","494","459","439","415","235","385","349","299","337","394","485","710","655","768","862",
"부산광역시","계","33세","수급자수","","597","512","525","468","453","279","480","422","379","354","427","566","607","771","742","821",
"부산광역시","계","34세","수급자수","","721","597","516","540","490","321","566","497","441","445","460","611","691","694","827","795",
"부산광역시","계","35 - 39세","수급자수","","6641","5868","5066","4262","3617","3252","3529","3436","3343","3694","3888","4560","4889","4761","4685","4879",
"부산광역시","계","35세","수급자수","","956","756","629","546","546","381","598","565","531","553","537","635","759","769","775","913",
"부산광역시","계","36세","수급자수","","1135","1018","783","631","569","462","662","646","621","635","659","745","778","846","832","848",
"부산광역시","계","37세","수급자수","","1305","1173","1028","796","653","484","701","722","681","746","763","917","920","891","929","957",
"부산광역시","계","38세","수급자수","","1477","1371","1218","1058","814","530","754","715","750","860","906","1057","1113","1038","997","1033",
"부산광역시","계","39세","수급자수","","1768","1550","1408","1231","1035","581","814","788","760","900","1023","1206","1319","1217","1152","1128",
"부산광역시","계","40 - 44세","수급자수","","11021","10721","10186","9087","8037","7214","7320","6416","5734","5713","5936","7231","8181","8535","8775","8601",
"부산광역시","계","40세","수급자수","","1960","1831","1608","1406","1249","604","1043","852","837","878","1094","1350","1474","1446","1372","1272",
"부산광역시","계","41세","수급자수","","2244","2010","1872","1602","1439","674","1273","1067","879","987","1023","1437","1638","1675","1577","1509",
"부산광역시","계","42세","수급자수","","2236","2339","2027","1837","1590","863","1512","1303","1107","1050","1157","1356","1712","1794","1798","1698",
"부산광역시","계","43세","수급자수","","2177","2339","2344","1981","1832","1074","1640","1550","1323","1299","1183","1494","1587","1868","1973","1982",
"부산광역시","계","44세","수급자수","","2404","2202","2335","2261","1927","1274","1852","1644","1588","1499","1479","1594","1770","1752","2055","2140",
"부산광역시","계","45 - 49세","수급자수","","13374","12904","12040","10987","10617","10280","11007","10686","10121","10178","10341","11729","11982","11595","11066","11268",
"부산광역시","계","45세","수급자수","","2332","2401","2176","2209","2214","1430","2087","1870","1678","1758","1682","1883","1852","1898","1871","2257",
"부산광역시","계","46세","수급자수","","2526","2373","2335","2061","2160","1624","2132","2041","1900","1845","1948","2079","2134","2012","2047","2017",
"부산광역시","계","47세","수급자수","","2819","2510","2324","2238","2014","1812","2385","2134","2056","2039","2065","2431","2358","2275","2111","2163",
"부산광역시","계","48세","수급자수","","2811","2840","2455","2180","2137","1936","2301","2325","2150","2219","2230","2552","2770","2491","2422","2260",
"부산광역시","계","49세","수급자수","","2886","2780","2750","2299","2092","2196","2102","2316","2337","2317","2416","2784","2868","2919","2615","2571",
"부산광역시","계","50 - 54세","수급자수","","12239","12758","13067","12696","12176","11663","11894","11336","11042","11963","12756","14983","16432","16635","16603","16365",
"부산광역시","계","50세","수급자수","","2704","2919","2727","2580","2226","2112","2216","2074","2274","2510","2470","2928","3134","3003","3049","2750",
"부산광역시","계","51세","수급자수","","2485","2709","2851","2590","2482","1944","2217","2210","2095","2465","2635","2929","3186","3267","3112","3201",
"부산광역시","계","52세","수급자수","","2496","2476","2609","2684","2475","2092","2347","2176","2177","2275","2637","3104","3254","3354","3401","3296",
"부산광역시","계","53세","수급자수","","2206","2456","2466","2478","2613","2063","2563","2331","2203","2356","2465","3064","3450","3422","3465","3529",
"부산광역시","계","54세","수급자수","","2348","2198","2414","2364","2380","2197","2551","2545","2293","2357","2549","2958","3408","3589","3576","3589",
"부산광역시","계","55 - 59세","수급자수","","8162","9194","9937","10262","10878","11372","12646","13006","13282","14132","14820","16470","17467","17694","18205","18771",
"부산광역시","계","55세","수급자수","","1929","2328","2192","2316","2324","2392","2783","2552","2562","2466","2562","2990","3293","3539","3668","3744",
"부산광역시","계","56세","수급자수","","1650","1949","2319","2159","2286","2425","2546","2822","2613","2762","2676","3032","3339","3462","3654","3816",
"부산광역시","계","57세","수급자수","","1811","1676","1949","2286","2142","2586","2487","2559","2877","2859","3027","3170","3348","3494","3573","3768",
"부산광역시","계","58세","수급자수","","1386","1820","1653","1888","2254","2358","2517","2515","2627","3130","3150","3564","3485","3530","3602","3714",
"부산광역시","계","59세","수급자수","","1386","1421","1824","1613","1872","2307","2313","2558","2603","2915","3405","3714","4002","3669","3708","3729",
"부산광역시","계","60 - 64세","수급자수","","7162","7489","7621","7829","7881","8451","10440","11413","12418","14819","16679","19505","21927","22755","22877","22805",
"부산광역시","계","60세","수급자수","","1503","1417","1438","1803","1644","2287","2548","2375","2701","2946","3213","4028","4196","4218","3887","3905",
"부산광역시","계","61세","수급자수","","1557","1561","1407","1460","1804","2121","2170","2634","2500","3062","3210","3825","4535","4517","4408","4047",
"부산광역시","계","62세","수급자수","","1560","1582","1572","1406","1439","2299","1903","2239","2766","2873","3446","3815","4325","4818","4749","4594",
"부산광역시","계","63세","수급자수","","1306","1589","1574","1544","1437","1905","2096","1975","2369","3178","3200","4021","4279","4589","4998","4973",
"부산광역시","계","64세","수급자수","","1236","1340","1630","1616","1557","1675","1723","2190","2082","2760","3610","3816","4592","4613","4835","5286",
"부산광역시","계","65 - 69세","수급자수","","10119","9848","9242","8861","8710","8891","10312","10663","11150","13376","15793","19484","22989","25237","27018","28666",
"부산광역시","계","65세","수급자수","","1706","1396","1509","1843","1769","1863","1880","1945","2461","2659","3442","4601","4602","5271","5053","5356",
"부산광역시","계","66세","수급자수","","1913","1818","1466","1650","1951","1502","2065","2023","2086","3027","3166","4002","5280","5088","5613","5449",
"부산광역시","계","67세","수급자수","","2337","2019","1835","1512","1678","1506","2145","2157","2108","2496","3485","3669","4530","5660","5341","5951",
"부산광역시","계","68세","수급자수","","2070","2448","2024","1825","1480","1747","2306","2182","2270","2505","2870","3984","4113","4820","5983","5640",
"부산광역시","계","69세","수급자수","","2093","2167","2408","2031","1832","1890","1916","2356","2225","2689","2830","3228","4464","4398","5028","6270",
"부산광역시","계","70 - 74세","수급자수","","9711","10227","10353","10800","10738","10482","10898","10482","10314","12467","14394","16565","19045","20992","22374","24254",
"부산광역시","계","70세","수급자수","","2113","2177","2151","2424","2017","2037","1679","1909","2402","2672","3062","3179","3656","4806","4644","5297",
"부산광역시","계","71세","수급자수","","1937","2200","2175","2119","2398","1715","2065","1670","1933","2897","3059","3442","3613","3930","5063","4880",
"부산광역시","계","72세","수급자수","","1922","2004","2135","2165","2125","1502","2235","2078","1684","2365","3285","3398","3910","3930","4141","5313",
"부산광역시","계","73세","수급자수","","1857","1968","1987","2135","2124","1862","2633","2213","2087","2055","2630","3679","3809","4188","4138","4394",
"부산광역시","계","74세","수급자수","","1882","1878","1905","1957","2074","2035","2286","2612","2208","2478","2358","2867","4057","4138","4388","4370",
"부산광역시","계","75 - 79세","수급자수","","7259","7952","8212","8398","8609","8725","9838","10172","10782","13459","15212","16017","17602","18627","19801","21151",
"부산광역시","계","75세","수급자수","","1833","1918","1818","1803","1900","2399","2249","2262","2546","2726","2809","2585","3223","4356","4383","4631",
"부산광역시","계","76세","수급자수","","1545","1838","1810","1749","1751","2106","2186","2215","2203","3040","3069","3117","2903","3444","4641","4593",
"부산광역시","계","77세","수급자수","","1450","1530","1773","1748","1686","2080","1949","2099","2168","2652","3464","3361","3522","3106","3632","4818",
"부산광역시","계","78세","수급자수","","1311","1411","1489","1687","1667","2012","1779","1865","2043","2575","2979","3766","3750","3752","3229","3782",
"부산광역시","계","79세","수급자수","","1120","1255","1322","1411","1605","1838","1675","1731","1822","2466","2891","3188","4204","3969","3916","3327",
"부산광역시","계","80 - 84세","수급자수","","4115","4461","4707","4939","5178","5518","6303","6700","6943","9162","11291","13015","15614","17923","19374","20271",
"부산광역시","계","80세","수급자수","","1022","1091","1160","1250","1319","1681","1631","1623","1658","2199","2776","3080","3546","4419","4077","4011",
"부산광역시","계","81세","수급자수","","1008","983","1004","1089","1194","1611","1488","1544","1546","1973","2451","2966","3414","3708","4565","4194",
"부산광역시","계","82세","수급자수","","836","964","901","939","1024","1583","1206","1406","1444","1834","2197","2600","3286","3540","3812","4647",
"부산광역시","계","83세","수급자수","","646","814","891","853","867","1488","1086","1109","1272","1686","2010","2293","2851","3359","3544","3885",
"부산광역시","계","84세","수급자수","","603","609","751","808","774","1213","892","1018","1023","1470","1857","2076","2517","2897","3376","3534",
"부산광역시","계","85 - 89세","수급자수","","1762","1982","2059","2167","2327","2501","2806","3031","3233","4150","5427","6609","8562","9845","11135","12552",
"부산광역시","계","85세","수급자수","","469","560","531","683","732","1110","735","798","923","1159","1586","1883","2315","2550","2870","3361",
"부산광역시","계","86세","수급자수","","431","437","496","461","592","918","664","687","711","1009","1265","1605","2072","2308","2479","2786",
"부산광역시","계","87세","수급자수","","372","396","373","413","398","789","614","591","592","786","1094","1247","1720","2069","2245","2384",
"부산광역시","계","88세","수급자수","","266","349","345","325","347","689","486","539","532","637","835","1056","1353","1650","2001","2132",
"부산광역시","계","89세","수급자수","","224","240","314","285","258","661","307","416","475","559","647","818","1102","1268","1540","1889",
"부산광역시","계","90 - 94세","수급자수","","462","542","598","704","790","834","907","956","1070","1402","1872","2164","2783","3196","3705","4321",
"부산광역시","계","90세","수급자수","","158","187","199","272","248","514","274","270","373","484","599","610","828","1035","1171","1419",
"부산광역시","계","91세","수급자수","","108","143","156","163","228","337","186","239","238","377","486","568","593","746","947","1063",
"부산광역시","계","92세","수급자수","","83","89","113","121","141","300","184","160","206","228","383","455","560","531","683","831",
"부산광역시","계","93세","수급자수","","67","70","75","90","97","218","161","154","129","197","216","337","456","506","489","608",
"부산광역시","계","94세","수급자수","","46","53","55","58","76","217","102","133","124","116","188","194","346","378","415","400",
"부산광역시","계","95 - 99세","수급자수","","117","103","108","119","125","142","170","205","247","323","382","448","553","702","852","1008",
"부산광역시","계","95세","수급자수","","39","31","40","46","45","192","63","79","102","119","115","167","176","304","334","357",
"부산광역시","계","96세","수급자수","","28","29","21","33","34","124","50","50","64","83","115","94","158","147","252","273",
"부산광역시","계","97세","수급자수","","17","24","18","16","24","83","26","40","38","54","71","93","89","126","123","213",
"부산광역시","계","98세","수급자수","","12","15","20","13","12","59","19","22","29","42","47","57","83","66","98","96",
"부산광역시","계","99세","수급자수","","21","4","9","11","10","32","12","14","14","25","34","37","47","59","45","69",
"부산광역시","계","100세 이상","수급자수","","20","46","26","27","23","24","24","29","31","37","53","66","84","88","110","121",
"부산광역시","남자","계","수급자수","","60466","60394","58750","55951","54228","53259","65785","65002","63458","68956","74582","85570","94314","97931","100765","104322",
"부산광역시","남자","0 - 4세","수급자수","","1177","1156","1084","923","847","818","947","855","728","769","837","887","866","869","845","839",
"부산광역시","남자","0세","수급자수","","139","192","179","113","116","100","120","91","66","75","100","88","82","99","95","83",
"부산광역시","남자","1세","수급자수","","198","174","229","183","160","137","151","140","133","118","126","144","141","149","149","144",
"부산광역시","남자","2세","수급자수","","248","245","176","203","189","167","193","173","149","159","163","166","168","185","165","170",
"부산광역시","남자","3세","수급자수","","265","270","239","170","205","201","221","205","168","204","202","212","213","185","220","190",
"부산광역시","남자","4세","수급자수","","327","275","261","254","177","213","262","246","212","213","246","277","262","251","216","252",
"부산광역시","남자","5 - 9세","수급자수","","2703","2302","2004","1748","1559","1412","2654","2619","2405","2435","2635","2832","3093","2907","2816","2666",
"부산광역시","남자","5세","수급자수","","331","342","292","277","259","186","255","281","264","253","282","325","356","327","316","263",
"부산광역시","남자","6세","수급자수","","426","347","350","293","271","277","253","268","303","315","309","372","399","385","368","353",
"부산광역시","남자","7세","수급자수","","480","447","355","340","309","277","644","577","563","588","666","629","711","659","608","579",
"부산광역시","남자","8세","수급자수","","629","520","463","370","336","0","731","705","576","662","651","761","730","759","724","676",
"부산광역시","남자","9세","수급자수","","837","646","544","468","384","1","771","788","699","617","727","745","897","777","800","795",
"부산광역시","남자","10 - 14세","수급자수","","5960","5581","4860","4178","3547","3039","5685","5169","4452","4192","4078","4541","4824","4874","4849","4920",
"부산광역시","남자","10세","수급자수","","884","875","681","548","471","0","789","840","776","723","680","848","871","943","831","849",
"부산광역시","남자","11세","수급자수","","1035","923","893","696","541","321","881","863","800","812","782","792","967","934","987","875",
"부산광역시","남자","12세","수급자수","","1138","1097","933","877","729","351","1096","943","811","842","855","907","890","1023","970","1029",
"부산광역시","남자","13세","수급자수","","1394","1211","1128","933","865","392","1274","1212","949","840","895","1000","1008","937","1095","1042",
"부산광역시","남자","14세","수급자수","","1509","1475","1225","1124","941","496","1645","1311","1116","975","866","994","1088","1037","966","1125",
"부산광역시","남자","15 - 19세","수급자수","","8219","8087","7674","6848","6347","5649","9516","8828","7375","6699","6033","5941","5712","5542","5392","5286",
"부산광역시","남자","15세","수급자수","","1688","1581","1491","1219","1126","533","1907","1676","1249","1168","1014","971","1074","1147","1079","1006",
"부산광역시","남자","16세","수급자수","","1715","1745","1604","1472","1240","744","2074","1985","1599","1337","1239","1179","1050","1143","1188","1154",
"부산광역시","남자","17세","수급자수","","1904","1732","1753","1535","1439","874","2267","2048","1843","1569","1332","1360","1240","1089","1175","1233",
"부산광역시","남자","18세","수급자수","","1762","1826","1624","1568","1416","957","2093","2078","1767","1751","1519","1433","1399","1255","1089","1177",
"부산광역시","남자","19세","수급자수","","1150","1203","1202","1054","1126","1123","1175","1041","917","874","929","998","949","908","861","716",
"부산광역시","남자","20 - 24세","수급자수","","2361","2557","2703","2665","2747","2829","3235","3131","2944","2972","2973","3498","3693","3527","3394","3332",
"부산광역시","남자","20세","수급자수","","538","570","580","542","510","1207","672","657","575","561","525","627","602","570","537","489",
"부산광역시","남자","21세","수급자수","","430","490","561","557","578","1327","549","529","523","512","540","586","678","627","593","585",
"부산광역시","남자","22세","수급자수","","550","547","603","641","679","1035","751","732","623","669","680","797","832","836","749","733",
"부산광역시","남자","23세","수급자수","","456","547","510","526","551","541","710","670","667","633","668","771","807","758","828","742",
"부산광역시","남자","24세","수급자수","","387","403","449","399","429","503","553","543","556","597","560","717","774","736","687","783",
"부산광역시","남자","25 - 29세","수급자수","","1215","1196","1107","1044","962","947","1094","1163","1164","1337","1499","1918","2172","2223","2301","2336",
"부산광역시","남자","25세","수급자수","","319","319","317","341","293","734","396","443","393","466","510","550","659","638","644","589",
"부산광역시","남자","26세","수급자수","","275","271","239","233","241","591","242","279","307","302","341","482","458","512","516","547",
"부산광역시","남자","27세","수급자수","","238","228","193","161","182","460","158","184","205","248","262","354","421","388","459","447",
"부산광역시","남자","28세","수급자수","","202","204","179","152","117","314","163","119","146","171","214","290","346","362","345","430",
"부산광역시","남자","29세","수급자수","","181","174","179","157","129","206","135","138","113","150","172","242","288","323","337","323",
"부산광역시","남자","30 - 34세","수급자수","","1101","1025","996","978","911","879","872","792","723","750","903","1264","1512","1660","1825","1944",
"부산광역시","남자","30세","수급자수","","176","181","175","175","147","185","100","128","130","141","189","237","306","336","350","399",
"부산광역시","남자","31세","수급자수","","197","181","191","183","180","139","141","118","130","152","165","296","272","354","382","374",
"부산광역시","남자","32세","수급자수","","207","223","177","192","182","103","173","137","125","145","181","217","358","297","372","432",
"부산광역시","남자","33세","수급자수","","229","212","238","181","203","129","232","178","145","140","180","247","272","366","338","385",
"부산광역시","남자","34세","수급자수","","292","228","215","247","199","156","226","231","193","172","188","267","304","307","383","354",
"부산광역시","남자","35 - 39세","수급자수","","2625","2352","2049","1715","1489","1360","1469","1451","1467","1603","1656","1912","2051","1994","1964","2118",
"부산광역시","남자","35세","수급자수","","381","313","250","226","242","184","267","225","242","237","214","262","335","333","327","421",
"부산광역시","남자","36세","수급자수","","455","413","324","255","233","192","262","292","250","289","275","306","310","372","358","365",
"부산광역시","남자","37세","수급자수","","515","469","415","327","268","218","316","289","309","305","350","386","375","360","405","413",
"부산광역시","남자","38세","수급자수","","578","543","494","416","338","215","296","322","317","390","367","465","459","424","397","454",
"부산광역시","남자","39세","수급자수","","696","614","566","491","408","264","328","323","349","382","450","493","572","505","477","465",
"부산광역시","남자","40 - 44세","수급자수","","4591","4442","4115","3684","3300","3034","3077","2737","2475","2538","2608","3177","3529","3637","3663","3590",
"부산광역시","남자","40세","수급자수","","799","730","646","574","494","249","444","367","348","408","458","589","620","618","562","537",
"부산광역시","남자","41세","수급자수","","909","815","752","642","603","270","529","470","386","418","466","606","699","694","656","612",
"부산광역시","남자","42세","수급자수","","900","942","814","743","648","362","629","548","499","471","489","620","724","767","743","709",
"부산광역시","남자","43세","수급자수","","963","950","939","799","752","433","681","655","565","581","529","637","720","774","837","816",
"부산광역시","남자","44세","수급자수","","1020","1005","964","926","803","528","794","697","677","660","666","725","766","784","865","916",
"부산광역시","남자","45 - 49세","수급자수","","7001","6456","5988","5318","4981","4780","5097","4895","4747","4759","4862","5438","5494","5221","4977","4932",
"부산광역시","남자","45세","수급자수","","1121","1039","1009","930","927","597","912","821","744","783","747","837","839","807","852","928",
"부산광역시","남자","46세","수급자수","","1268","1147","1056","980","936","697","945","904","883","826","889","935","957","902","870","927",
"부산광역시","남자","47세","수급자수","","1450","1296","1149","1047","983","779","1094","977","933","965","966","1102","1065","1007","933","924",
"부산광역시","남자","48세","수급자수","","1481","1489","1300","1123","1029","853","1033","1107","1021","1052","1085","1202","1256","1154","1090","1013",
"부산광역시","남자","49세","수급자수","","1681","1485","1474","1238","1106","962","1113","1086","1166","1133","1175","1362","1377","1351","1232","1140",
"부산광역시","남자","50 - 54세","수급자수","","6993","7389","7480","7224","6961","6645","6616","6313","6069","6481","6830","7899","8499","8537","8331","8137",
"부산광역시","남자","50세","수급자수","","1537","1715","1484","1399","1233","942","1131","1108","1101","1283","1255","1453","1549","1453","1425","1309",
"부산광역시","남자","51세","수급자수","","1439","1539","1682","1429","1368","992","1248","1171","1161","1234","1381","1501","1617","1642","1517","1519",
"부산광역시","남자","52세","수급자수","","1415","1445","1493","1588","1390","1031","1339","1234","1188","1298","1344","1650","1719","1719","1704","1631",
"부산광역시","남자","53세","수급자수","","1305","1400","1444","1445","1573","1139","1452","1344","1279","1296","1437","1577","1845","1799","1784","1803",
"부산광역시","남자","54세","수급자수","","1297","1290","1377","1363","1397","1247","1446","1456","1340","1370","1413","1718","1769","1924","1901","1875",
"부산광역시","남자","55 - 59세","수급자수","","4384","4946","5440","5696","6095","6461","7251","7551","7768","8168","8608","9388","9934","9801","9959","10205",
"부산광역시","남자","55세","수급자수","","1073","1270","1272","1314","1351","1344","1650","1459","1501","1437","1498","1657","1900","1844","1962","2008",
"부산광역시","남자","56세","수급자수","","917","1081","1258","1244","1291","1374","1448","1702","1515","1601","1533","1761","1813","1987","1933","2041",
"부산광역시","남자","57세","수급자수","","968","920","1070","1245","1227","1541","1446","1470","1732","1654","1762","1821","1929","1887","2035","2000",
"부산광역시","남자","58세","수급자수","","717","952","898","1023","1215","1370","1420","1485","1503","1847","1818","2043","1991","1999","1956","2127",
"부산광역시","남자","59세","수급자수","","709","723","942","870","1011","1348","1287","1435","1517","1629","1997","2106","2301","2084","2073","2029",
"부산광역시","남자","60 - 64세","수급자수","","3000","3264","3458","3650","3859","4269","5336","5948","6628","7922","8924","10657","11931","12393","12505","12619",
"부산광역시","남자","60세","수급자수","","700","705","727","911","880","1299","1348","1300","1508","1686","1821","2329","2340","2388","2213","2189",
"부산광역시","남자","61세","수급자수","","679","712","677","724","906","1215","1159","1354","1371","1680","1797","2118","2559","2470","2476","2316",
"부산광역시","남자","62세","수급자수","","666","662","713","670","711","1229","986","1209","1411","1529","1870","2089","2343","2690","2551","2559",
"부산광역시","남자","63세","수급자수","","504","675","659","687","670","1030","1027","1019","1267","1576","1688","2123","2287","2431","2754","2655",
"부산광역시","남자","64세","수급자수","","451","510","682","658","692","887","816","1066","1071","1451","1748","1998","2402","2414","2511","2900",
"부산광역시","남자","65 - 69세","수급자수","","3440","3345","3187","3260","3263","3504","4244","4540","4975","6124","7439","9281","11060","12214","13151","14076",
"부산광역시","남자","65세","수급자수","","613","495","570","750","700","926","861","926","1203","1310","1740","2196","2353","2690","2601","2752",
"부산광역시","남자","66세","수급자수","","677","622","517","632","783","735","884","923","980","1431","1539","1989","2504","2552","2823","2779",
"부산광역시","남자","67세","수급자수","","768","713","622","530","632","691","835","918","955","1151","1637","1763","2212","2617","2636","2978",
"부산광역시","남자","68세","수급자수","","695","801","701","623","518","766","927","838","974","1096","1301","1864","1952","2299","2737","2735",
"부산광역시","남자","69세","수급자수","","687","714","777","725","630","759","737","935","863","1136","1222","1469","2039","2056","2354","2832",
"부산광역시","남자","70 - 74세","수급자수","","2959","3156","3277","3458","3527","3513","3726","3638","3744","4537","5422","6481","7595","8646","9470","10577",
"부산광역시","남자","70세","수급자수","","672","708","704","782","724","811","596","726","945","1016","1275","1370","1619","2162","2141","2445",
"부산광역시","남자","71세","수급자수","","609","700","695","696","764","639","709","591","738","1107","1154","1410","1513","1711","2248","2225",
"부산광역시","남자","72세","수급자수","","591","618","677","699","698","529","803","703","590","873","1244","1297","1554","1633","1747","2325",
"부산광역시","남자","73세","수급자수","","536","606","614","679","689","634","859","776","701","728","950","1384","1417","1637","1671","1828",
"부산광역시","남자","74세","수급자수","","551","524","587","602","652","736","759","842","770","813","799","1020","1492","1503","1663","1754",
"부산광역시","남자","75 - 79세","수급자수","","1720","2029","2141","2272","2362","2505","2981","3163","3366","4261","4819","5139","5706","6176","6647","7252",
"부산광역시","남자","75세","수급자수","","482","541","501","544","558","788","712","758","829","923","913","875","1136","1567","1533","1725",
"부산광역시","남자","76세","수급자수","","435","481","500","466","529","684","698","697","724","971","997","1005","953","1192","1626","1571",
"부산광역시","남자","77세","수급자수","","330","428","443","469","439","671","578","654","674","851","1103","1088","1120","996","1269","1626",
"부산광역시","남자","78세","수급자수","","271","315","410","415","448","629","544","536","624","778","941","1187","1212","1172","1030","1294",
"부산광역시","남자","79세","수급자수","","202","264","287","378","388","539","449","518","515","738","865","984","1285","1249","1189","1036",
"부산광역시","남자","80 - 84세","수급자수","","723","762","822","886","1021","1149","1464","1613","1783","2426","3134","3673","4419","5032","5519","5761",
"부산광역시","남자","80세","수급자수","","196","187","227","262","347","499","437","431","498","618","826","922","1078","1310","1254","1189",
"부산광역시","남자","81세","수급자수","","188","179","162","212","247","418","345","393","399","604","690","861","989","1070","1338","1249",
"부산광역시","남자","82세","수급자수","","142","172","163","145","182","420","315","317","353","480","650","701","930","1014","1087","1324",
"부산광역시","남자","83세","수급자수","","106","128","153","135","124","346","202","290","273","417","523","655","749","905","962","1055",
"부산광역시","남자","84세","수급자수","","91","96","117","132","121","305","165","182","260","307","445","534","673","733","878","944",
"부산광역시","남자","85 - 89세","수급자수","","232","272","288","299","336","355","404","461","499","791","1031","1317","1798","2162","2510","2932",
"부산광역시","남자","85세","수급자수","","68","78","78","102","113","217","106","142","163","294","322","438","562","653","716","873",
"부산광역시","남자","86세","수급자수","","60","63","65","67","92","168","103","97","124","177","296","312","462","525","624","676",
"부산광역시","남자","87세","수급자수","","51","51","51","49","57","113","89","93","76","141","174","277","321","439","478","575",
"부산광역시","남자","88세","수급자수","","32","54","43","42","45","105","65","77","74","95","141","164","290","299","407","441",
"부산광역시","남자","89세","수급자수","","21","26","51","39","29","93","41","52","62","84","98","126","163","246","285","367",
"부산광역시","남자","90 - 94세","수급자수","","48","59","68","99","105","98","102","116","118","167","253","280","359","439","558","683",
"부산광역시","남자","90세","수급자수","","24","21","25","47","31","73","30","38","46","58","92","89","127","142","219","251",
"부산광역시","남자","91세","수급자수","","15","21","15","20","37","46","16","25","28","44","56","80","80","117","129","191",
"부산광역시","남자","92세","수급자수","","4","10","16","12","16","38","21","17","19","31","48","47","74","81","95","114",
"부산광역시","남자","93세","수급자수","","2","4","8","13","11","22","25","17","14","23","33","36","43","58","66","78",
"부산광역시","남자","94세","수급자수","","3","3","4","7","10","23","10","19","11","11","24","28","35","41","49","49",
"부산광역시","남자","95 - 99세","수급자수","","10","10","8","5","7","11","15","18","27","24","37","42","59","69","83","109",
"부산광역시","남자","95세","수급자수","","4","1","1","2","4","31","6","9","12","7","14","16","19","33","38","46",
"부산광역시","남자","96세","수급자수","","2","5","0","0","1","14","6","5","7","7","8","10","19","16","24","27",
"부산광역시","남자","97세","수급자수","","2","2","3","0","1","8","2","3","4","6","8","6","7","13","12","22",
"부산광역시","남자","98세","수급자수","","1","2","3","2","0","7","0","1","3","3","4","7","6","4","6","8",
"부산광역시","남자","99세","수급자수","","1","0","1","1","1","3","1","","1","1","3","3","8","3","3","6",
"부산광역시","남자","100세 이상","수급자수","","4","8","1","1","2","1","0","1","1","1","1","5","8","8","6","8",
"부산광역시","여자","계","수급자수","","77596","77923","76087","72699","69990","67730","80814","78909","76321","84785","92669","105713","118253","124521","129335","134227",
"부산광역시","여자","0 - 4세","수급자수","","1000","1027","964","850","736","705","789","741","673","720","838","851","889","829","818","754",
"부산광역시","여자","0세","수급자수","","111","170","148","127","85","80","108","82","73","76","103","86","100","67","84","82",
"부산광역시","여자","1세","수급자수","","177","147","209","138","145","124","121","154","108","120","121","141","138","132","110","125",
"부산광역시","여자","2세","수급자수","","200","212","151","187","143","157","155","133","167","144","165","160","175","161","163","133",
"부산광역시","여자","3세","수급자수","","231","236","221","169","189","156","194","161","146","203","178","220","198","223","189","192",
"부산광역시","여자","4세","수급자수","","281","262","235","229","174","188","211","211","179","177","271","244","278","246","272","222",
"부산광역시","여자","5 - 9세","수급자수","","2682","2270","1991","1687","1507","1310","2550","2499","2206","2178","2350","2677","2868","2787","2677","2579",
"부산광역시","여자","5세","수급자수","","385","305","278","232","241","180","236","223","236","234","240","352","308","322","286","304",
"부산광역시","여자","6세","수급자수","","421","395","317","275","252","240","226","240","242","281","285","325","430","363","392","338",
"부산광역시","여자","7세","수급자수","","502","437","409","324","280","264","637","504","521","533","586","580","659","653","554","563",
"부산광역시","여자","8세","수급자수","","627","497","466","395","339","22","735","714","498","593","595","680","696","700","703","606",
"부산광역시","여자","9세","수급자수","","747","636","521","461","395","18","716","818","709","537","644","740","775","749","742","768",
"부산광역시","여자","10 - 14세","수급자수","","5731","5204","4633","3948","3396","2938","5454","4918","4356","4126","3910","4252","4561","4523","4509","4620",
"부산광역시","여자","10세","수급자수","","843","781","648","545","466","10","829","767","794","737","586","755","840","812","809","796",
"부산광역시","여자","11세","수급자수","","967","883","809","659","545","284","934","830","739","797","779","675","873","914","848","855",
"부산광역시","여자","12세","수급자수","","1147","1001","906","796","675","342","1003","986","807","779","831","907","776","922","953","914",
"부산광역시","여자","13세","수급자수","","1313","1173","1058","894","818","403","1224","1080","966","846","831","984","1003","836","1008","1001",
"부산광역시","여자","14세","수급자수","","1461","1366","1212","1054","892","465","1464","1255","1050","967","883","931","1069","1039","891","1054",
"부산광역시","여자","15 - 19세","수급자수","","8015","8041","7805","6986","6372","5674","9652","8786","7420","6712","6045","5959","5754","5587","5447","5367",
"부산광역시","여자","15세","수급자수","","1530","1506","1427","1197","1075","547","1838","1539","1215","1081","1032","1010","985","1132","1066","955",
"부산광역시","여자","16세","수급자수","","1703","1638","1586","1410","1205","690","2030","1969","1508","1279","1131","1215","1119","1032","1199","1127",
"부산광역시","여자","17세","수급자수","","1828","1740","1632","1550","1394","833","2211","2032","1861","1555","1318","1253","1237","1135","1068","1245",
"부산광역시","여자","18세","수급자수","","1653","1747","1701","1477","1455","908","2282","2030","1762","1782","1493","1388","1322","1275","1155","1100",
"부산광역시","여자","19세","수급자수","","1301","1410","1459","1352","1243","1064","1291","1216","1074","1015","1071","1093","1091","1013","959","940",
"부산광역시","여자","20 - 24세","수급자수","","3226","3418","3623","3612","3676","3652","4026","3899","3720","3849","3989","4683","4861","4667","4547","4510",
"부산광역시","여자","20세","수급자수","","1168","1148","1243","1203","1188","1194","1178","1139","1056","989","977","1188","1114","1069","998","965",
"부산광역시","여자","21세","수급자수","","814","946","925","966","960","1315","979","1008","963","998","946","1045","1156","1062","984","986",
"부산광역시","여자","22세","수급자수","","587","636","713","652","771","1193","845","780","776","843","899","980","1020","1072","975","937",
"부산광역시","여자","23세","수급자수","","385","424","469","471","445","1069","596","559","527","601","648","840","862","777","916","839",
"부산광역시","여자","24세","수급자수","","272","264","273","320","312","980","428","413","398","418","519","630","709","687","674","783",
"부산광역시","여자","25 - 29세","수급자수","","938","910","843","813","798","740","860","943","957","1100","1206","1663","1930","2035","2156","2292",
"부산광역시","여자","25세","수급자수","","194","221","200","203","216","760","251","320","298","342","354","496","566","575","598","591",
"부산광역시","여자","26세","수급자수","","154","168","173","171","152","529","186","188","217","225","258","354","442","441","470","530",
"부산광역시","여자","27세","수급자수","","171","149","164","148","147","314","153","155","162","208","210","296","342","393","405","431",
"부산광역시","여자","28세","수급자수","","203","168","140","154","139","213","134","150","139","163","200","254","300","345","350","401",
"부산광역시","여자","29세","수급자수","","216","204","166","137","144","151","136","130","141","162","184","263","280","281","333","339",
"부산광역시","여자","30 - 34세","수급자수","","1570","1448","1328","1232","1107","1048","1171","1037","946","1027","1111","1471","1722","1837","1944","2071",
"부산광역시","여자","30세","수급자수","","255","241","213","172","147","124","169","142","135","172","184","262","325","321","319","392",
"부산광역시","여자","31세","수급자수","","244","267","245","233","186","120","202","173","155","176","195","278","323","366","381","372",
"부산광역시","여자","32세","수급자수","","274","271","282","247","233","132","212","212","174","192","213","268","352","358","396","430",
"부산광역시","여자","33세","수급자수","","368","300","287","287","250","150","248","244","234","214","247","319","335","405","404","436",
"부산광역시","여자","34세","수급자수","","429","369","301","293","291","165","340","266","248","273","272","344","387","387","444","441",
"부산광역시","여자","35 - 39세","수급자수","","4016","3516","3017","2547","2128","1892","2060","1985","1876","2091","2232","2648","2838","2767","2721","2761",
"부산광역시","여자","35세","수급자수","","575","443","379","320","304","197","331","340","289","316","323","373","424","436","448","492",
"부산광역시","여자","36세","수급자수","","680","605","459","376","336","270","400","354","371","346","384","439","468","474","474","483",
"부산광역시","여자","37세","수급자수","","790","704","613","469","385","266","385","433","372","441","413","531","545","531","524","544",
"부산광역시","여자","38세","수급자수","","899","828","724","642","476","315","458","393","433","470","539","592","654","614","600","579",
"부산광역시","여자","39세","수급자수","","1072","936","842","740","627","317","486","465","411","518","573","713","747","712","675","663",
"부산광역시","여자","40 - 44세","수급자수","","6430","6279","6071","5403","4737","4180","4243","3679","3259","3175","3328","4054","4652","4898","5112","5011",
"부산광역시","여자","40세","수급자수","","1161","1101","962","832","755","355","599","485","489","470","636","761","854","828","810","735",
"부산광역시","여자","41세","수급자수","","1335","1195","1120","960","836","404","744","597","493","569","557","831","939","981","921","897",
"부산광역시","여자","42세","수급자수","","1336","1397","1213","1094","942","501","883","755","608","579","668","736","988","1027","1055","989",
"부산광역시","여자","43세","수급자수","","1214","1389","1405","1182","1080","641","959","895","758","718","654","857","867","1094","1136","1166",
"부산광역시","여자","44세","수급자수","","1384","1197","1371","1335","1124","746","1058","947","911","839","813","869","1004","968","1190","1224",
"부산광역시","여자","45 - 49세","수급자수","","6373","6448","6052","5669","5636","5500","5910","5791","5374","5419","5479","6291","6488","6374","6089","6336",
"부산광역시","여자","45세","수급자수","","1211","1362","1167","1279","1287","833","1175","1049","934","975","935","1046","1013","1091","1019","1329",
"부산광역시","여자","46세","수급자수","","1258","1226","1279","1081","1224","927","1187","1137","1017","1019","1059","1144","1177","1110","1177","1090",
"부산광역시","여자","47세","수급자수","","1369","1214","1175","1191","1031","1033","1291","1157","1123","1074","1099","1329","1293","1268","1178","1239",
"부산광역시","여자","48세","수급자수","","1330","1351","1155","1057","1108","1083","1268","1218","1129","1167","1145","1350","1514","1337","1332","1247",
"부산광역시","여자","49세","수급자수","","1205","1295","1276","1061","986","1234","989","1230","1171","1184","1241","1422","1491","1568","1383","1431",
"부산광역시","여자","50 - 54세","수급자수","","5246","5369","5587","5472","5215","5018","5278","5023","4973","5482","5926","7084","7933","8098","8272","8228",
"부산광역시","여자","50세","수급자수","","1167","1204","1243","1181","993","1170","1085","966","1173","1227","1215","1475","1585","1550","1624","1441",
"부산광역시","여자","51세","수급자수","","1046","1170","1169","1161","1114","952","969","1039","934","1231","1254","1428","1569","1625","1595","1682",
"부산광역시","여자","52세","수급자수","","1081","1031","1116","1096","1085","1061","1008","942","989","977","1293","1454","1535","1635","1697","1665",
"부산광역시","여자","53세","수급자수","","901","1056","1022","1033","1040","924","1111","987","924","1060","1028","1487","1605","1623","1681","1726",
"부산광역시","여자","54세","수급자수","","1051","908","1037","1001","983","950","1105","1089","953","987","1136","1240","1639","1665","1675","1714",
"부산광역시","여자","55 - 59세","수급자수","","3778","4248","4497","4566","4783","4911","5395","5455","5514","5964","6212","7082","7533","7893","8246","8566",
"부산광역시","여자","55세","수급자수","","856","1058","920","1002","973","1048","1133","1093","1061","1029","1064","1333","1393","1695","1706","1736",
"부산광역시","여자","56세","수급자수","","733","868","1061","915","995","1051","1098","1120","1098","1161","1143","1271","1526","1475","1721","1775",
"부산광역시","여자","57세","수급자수","","843","756","879","1041","915","1045","1041","1089","1145","1205","1265","1349","1419","1607","1538","1768",
"부산광역시","여자","58세","수급자수","","669","868","755","865","1039","988","1097","1030","1124","1283","1332","1521","1494","1531","1646","1587",
"부산광역시","여자","59세","수급자수","","677","698","882","743","861","959","1026","1123","1086","1286","1408","1608","1701","1585","1635","1700",
"부산광역시","여자","60 - 64세","수급자수","","4162","4225","4163","4179","4022","4182","5104","5465","5790","6897","7755","8848","9996","10362","10372","10186",
"부산광역시","여자","60세","수급자수","","803","712","711","892","764","988","1200","1075","1193","1260","1392","1699","1856","1830","1674","1716",
"부산광역시","여자","61세","수급자수","","878","849","730","736","898","906","1011","1280","1129","1382","1413","1707","1976","2047","1932","1731",
"부산광역시","여자","62세","수급자수","","894","920","859","736","728","1070","917","1030","1355","1344","1576","1726","1982","2128","2198","2035",
"부산광역시","여자","63세","수급자수","","802","914","915","857","767","875","1069","956","1102","1602","1512","1898","1992","2158","2244","2318",
"부산광역시","여자","64세","수급자수","","785","830","948","958","865","788","907","1124","1011","1309","1862","1818","2190","2199","2324","2386",
"부산광역시","여자","65 - 69세","수급자수","","6679","6503","6055","5601","5447","5387","6068","6123","6175","7252","8354","10203","11929","13023","13867","14590",
"부산광역시","여자","65세","수급자수","","1093","901","939","1093","1069","937","1019","1019","1258","1349","1702","2405","2249","2581","2452","2604",
"부산광역시","여자","66세","수급자수","","1236","1196","949","1018","1168","767","1181","1100","1106","1596","1627","2013","2776","2536","2790","2670",
"부산광역시","여자","67세","수급자수","","1569","1306","1213","982","1046","815","1310","1239","1153","1345","1848","1906","2318","3043","2705","2973",
"부산광역시","여자","68세","수급자수","","1375","1647","1323","1202","962","981","1379","1344","1296","1409","1569","2120","2161","2521","3246","2905",
"부산광역시","여자","69세","수급자수","","1406","1453","1631","1306","1202","1131","1179","1421","1362","1553","1608","1759","2425","2342","2674","3438",
"부산광역시","여자","70 - 74세","수급자수","","6752","7071","7076","7342","7211","6969","7172","6844","6570","7930","8972","10084","11450","12346","12904","13677",
"부산광역시","여자","70세","수급자수","","1441","1469","1447","1642","1293","1226","1083","1183","1457","1656","1787","1809","2037","2644","2503","2852",
"부산광역시","여자","71세","수급자수","","1328","1500","1480","1423","1634","1076","1356","1079","1195","1790","1905","2032","2100","2219","2815","2655",
"부산광역시","여자","72세","수급자수","","1331","1386","1458","1466","1427","973","1432","1375","1094","1492","2041","2101","2356","2297","2394","2988",
"부산광역시","여자","73세","수급자수","","1321","1362","1373","1456","1435","1228","1774","1437","1386","1327","1680","2295","2392","2551","2467","2566",
"부산광역시","여자","74세","수급자수","","1331","1354","1318","1355","1422","1299","1527","1770","1438","1665","1559","1847","2565","2635","2725","2616",
"부산광역시","여자","75 - 79세","수급자수","","5539","5923","6071","6126","6247","6220","6857","7009","7416","9198","10393","10878","11896","12451","13154","13899",
"부산광역시","여자","75세","수급자수","","1351","1377","1317","1259","1342","1611","1537","1504","1717","1803","1896","1710","2087","2789","2850","2906",
"부산광역시","여자","76세","수급자수","","1110","1357","1310","1283","1222","1422","1488","1518","1479","2069","2072","2112","1950","2252","3015","3022",
"부산광역시","여자","77세","수급자수","","1120","1102","1330","1279","1247","1409","1371","1445","1494","1801","2361","2273","2402","2110","2363","3192",
"부산광역시","여자","78세","수급자수","","1040","1096","1079","1272","1219","1383","1235","1329","1419","1797","2038","2579","2538","2580","2199","2488",
"부산광역시","여자","79세","수급자수","","918","991","1035","1033","1217","1299","1226","1213","1307","1728","2026","2204","2919","2720","2727","2291",
"부산광역시","여자","80 - 84세","수급자수","","3392","3699","3885","4053","4157","4369","4839","5087","5160","6736","8157","9342","11195","12891","13855","14510",
"부산광역시","여자","80세","수급자수","","826","904","933","988","972","1182","1194","1192","1160","1581","1950","2158","2468","3109","2823","2822",
"부산광역시","여자","81세","수급자수","","820","804","842","877","947","1193","1143","1151","1147","1369","1761","2105","2425","2638","3227","2945",
"부산광역시","여자","82세","수급자수","","694","792","738","794","842","1163","891","1089","1091","1354","1547","1899","2356","2526","2725","3323",
"부산광역시","여자","83세","수급자수","","540","686","738","718","743","1142","884","819","999","1269","1487","1638","2102","2454","2582","2830",
"부산광역시","여자","84세","수급자수","","512","513","634","676","653","908","727","836","763","1163","1412","1542","1844","2164","2498","2590",
"부산광역시","여자","85 - 89세","수급자수","","1530","1710","1771","1868","1991","2146","2402","2570","2734","3359","4396","5292","6764","7683","8625","9620",
"부산광역시","여자","85세","수급자수","","401","482","453","581","619","893","629","656","760","865","1264","1445","1753","1897","2154","2488",
"부산광역시","여자","86세","수급자수","","371","374","431","394","500","750","561","590","587","832","969","1293","1610","1783","1855","2110",
"부산광역시","여자","87세","수급자수","","321","345","322","364","341","676","525","498","516","645","920","970","1399","1630","1767","1809",
"부산광역시","여자","88세","수급자수","","234","295","302","283","302","584","421","462","458","542","694","892","1063","1351","1594","1691",
"부산광역시","여자","89세","수급자수","","203","214","263","246","229","568","266","364","413","475","549","692","939","1022","1255","1522",
"부산광역시","여자","90 - 94세","수급자수","","414","483","530","605","685","736","805","840","952","1235","1619","1884","2424","2757","3147","3638",
"부산광역시","여자","90세","수급자수","","134","166","174","225","217","441","244","232","327","426","507","521","701","893","952","1168",
"부산광역시","여자","91세","수급자수","","93","122","141","143","191","291","170","214","210","333","430","488","513","629","818","872",
"부산광역시","여자","92세","수급자수","","79","79","97","109","125","262","163","143","187","197","335","408","486","450","588","717",
"부산광역시","여자","93세","수급자수","","65","66","67","77","86","196","136","137","115","174","183","301","413","448","423","530",
"부산광역시","여자","94세","수급자수","","43","50","51","51","66","194","92","114","113","105","164","166","311","337","366","351",
"부산광역시","여자","95 - 99세","수급자수","","107","93","100","114","118","131","155","187","220","299","345","406","494","633","769","899",
"부산광역시","여자","95세","수급자수","","35","30","39","44","41","161","57","70","90","112","101","151","157","271","296","311",
"부산광역시","여자","96세","수급자수","","26","24","21","33","33","110","44","45","57","76","107","84","139","131","228","246",
"부산광역시","여자","97세","수급자수","","15","22","15","16","23","75","24","37","34","48","63","87","82","113","111","191",
"부산광역시","여자","98세","수급자수","","11","13","17","11","12","52","19","21","26","39","43","50","77","62","92","88",
"부산광역시","여자","99세","수급자수","","20","4","8","10","9","29","11","14","13","24","31","34","39","56","42","63",
"부산광역시","여자","100세 이상","수급자수","","16","38","25","26","21","23","24","28","30","36","52","61","76","80","104","113",
"대구광역시","계","계","수급자수","","102100","102710","98791","93208","90766","87833","107264","102030","97675","105209","112501","126560","139178","143286","149706","156442",
"대구광역시","계","0 - 4세","수급자수","","2044","1952","1914","1688","1522","1361","1512","1322","1164","1233","1258","1425","1444","1409","1345","1366",
"대구광역시","계","0세","수급자수","","239","235","278","226","176","166","146","130","128","142","113","125","132","139","128","166",
"대구광역시","계","1세","수급자수","","332","327","320","338","283","207","247","212","188","216","226","226","213","205","224","218",
"대구광역시","계","2세","수급자수","","484","378","367","338","335","298","284","261","232","238","271","314","301","259","243","273",
"대구광역시","계","3세","수급자수","","467","524","413","362","349","329","405","306","284","293","295","345","377","367","324","312",
"대구광역시","계","4세","수급자수","","522","488","536","424","379","361","430","413","332","344","353","415","421","439","426","397",
"대구광역시","계","5 - 9세","수급자수","","4785","4121","3524","3142","2798","2557","5197","4495","3785","3664","3797","4104","4335","4032","4020","4071",
"대구광역시","계","5세","수급자수","","613","550","503","549","439","386","443","444","426","380","415","481","529","484","510","505",
"대구광역시","계","6세","수급자수","","800","652","562","507","554","441","504","460","455","507","466","559","611","623","563","599",
"대구광역시","계","7세","수급자수","","891","836","661","565","524","565","1232","917","873","886","902","865","948","835","917","851",
"대구광역시","계","8세","수급자수","","1085","929","837","668","599","16","1554","1195","920","933","981","1061","1017","999","938","1058",
"대구광역시","계","9세","수급자수","","1396","1154","961","853","682","11","1464","1479","1111","958","1033","1138","1230","1091","1092","1058",
"대구광역시","계","10 - 14세","수급자수","","10160","9467","8460","7215","6350","5404","10110","8751","7477","6756","6316","6574","6868","6810","6853","7112",
"대구광역시","계","10세","수급자수","","1507","1489","1189","973","876","3","1565","1416","1359","1125","1023","1161","1238","1307","1172","1239",
"대구광역시","계","11세","수급자수","","1746","1601","1510","1196","1020","558","1771","1524","1291","1339","1145","1167","1270","1309","1394","1279",
"대구광역시","계","12세","수급자수","","2063","1830","1677","1510","1230","607","1993","1719","1418","1279","1383","1282","1281","1341","1393","1532",
"대구광역시","계","13세","수급자수","","2239","2185","1873","1651","1559","702","2194","1964","1595","1409","1326","1533","1423","1366","1445","1530",
"대구광역시","계","14세","수급자수","","2605","2362","2211","1885","1665","860","2587","2128","1814","1604","1439","1431","1656","1487","1449","1532",
"대구광역시","계","15 - 19세","수급자수","","14445","14517","13460","12095","11145","9970","15575","13697","11682","10257","9184","8966","8540","8311","8144","8173",
"대구광역시","계","15세","수급자수","","2808","2738","2392","2213","1923","1029","3154","2495","1963","1810","1630","1540","1507","1726","1550","1546",
"대구광역시","계","16세","수급자수","","3012","3017","2757","2386","2234","1249","3255","3074","2341","1962","1849","1808","1665","1569","1850","1677",
"대구광역시","계","17세","수급자수","","3228","3134","2984","2665","2369","1564","3453","3138","2839","2305","1948","1953","1847","1701","1634","1936",
"대구광역시","계","18세","수급자수","","3109","3148","2960","2705","2508","1663","3632","3129","2708","2629","2216","2064","2028","1865","1760","1691",
"대구광역시","계","19세","수급자수","","2288","2480","2367","2126","2111","1927","2081","1861","1831","1551","1541","1601","1493","1450","1350","1323",
"대구광역시","계","20 - 24세","수급자수","","4878","5360","5563","5378","5660","5795","6306","5881","5502","5632","5571","6182","6480","6074","5941","5893",
"대구광역시","계","20세","수급자수","","1481","1613","1674","1522","1525","2196","1620","1455","1341","1302","1229","1363","1348","1159","1148","1106",
"대구광역시","계","21세","수급자수","","1134","1232","1338","1321","1337","2213","1363","1257","1183","1246","1168","1320","1403","1274","1179","1188",
"대구광역시","계","22세","수급자수","","951","1103","1127","1155","1261","1971","1390","1297","1184","1203","1227","1324","1418","1403","1334","1235",
"대구광역시","계","23세","수급자수","","732","815","837","789","921","1529","1119","1040","1012","1047","1040","1184","1254","1194","1259","1197",
"대구광역시","계","24세","수급자수","","580","597","587","591","616","1305","814","832","782","834","907","991","1057","1044","1021","1167",
"대구광역시","계","25 - 29세","수급자수","","1705","1663","1533","1319","1390","1419","1633","1664","1744","1971","2089","2744","3091","3070","3198","3566",
"대구광역시","계","25세","수급자수","","413","435","424","404","446","1293","530","575","608","640","668","842","879","828","885","939",
"대구광역시","계","26세","수급자수","","355","326","311","284","321","971","362","364","402","451","465","594","694","691","676","813",
"대구광역시","계","27세","수급자수","","348","299","257","218","246","697","268","274","293","349","363","493","568","587","607","650",
"대구광역시","계","28세","수급자수","","299","297","251","195","188","448","238","229","246","273","330","430","481","515","537","608",
"대구광역시","계","29세","수급자수","","290","306","290","218","189","319","235","222","195","258","263","385","469","449","493","556",
"대구광역시","계","30 - 34세","수급자수","","2064","1921","1807","1628","1549","1418","1564","1441","1306","1385","1578","2107","2454","2652","2919","3279",
"대구광역시","계","30세","수급자수","","343","296","298","282","223","252","212","227","224","229","293","395","483","519","535","633",
"대구광역시","계","31세","수급자수","","323","370","316","307","296","216","248","234","241","249","275","406","477","541","610","631",
"대구광역시","계","32세","수급자수","","409","347","385","305","322","184","283","262","240","286","302","401","495","512","601","692",
"대구광역시","계","33세","수급자수","","425","446","360","368","326","186","399","300","284","289","335","421","495","549","582","664",
"대구광역시","계","34세","수급자수","","564","462","448","366","382","226","422","418","317","332","373","484","504","531","591","659",
"대구광역시","계","35 - 39세","수급자수","","5101","4647","3929","3311","2840","2500","2761","2584","2481","2705","2914","3446","3684","3559","3580","3711",
"대구광역시","계","35세","수급자수","","707","598","485","453","389","318","460","428","435","382","400","511","593","553","601","660",
"대구광역시","계","36세","수급자수","","836","751","634","489","467","334","516","472","457","517","479","532","600","659","624","677",
"대구광역시","계","37세","수급자수","","1040","907","780","651","508","354","532","521","479","560","642","658","683","683","739","700",
"대구광역시","계","38세","수급자수","","1198","1097","934","781","674","394","603","540","539","604","681","827","802","775","753","821",
"대구광역시","계","39세","수급자수","","1320","1294","1096","937","802","401","650","623","571","642","712","918","1006","889","863","853",
"대구광역시","계","40 - 44세","수급자수","","9355","8925","8277","7260","6440","5680","5868","4986","4356","4352","4463","5233","5904","6083","6316","6438",
"대구광역시","계","40세","수급자수","","1655","1442","1306","1093","966","480","837","645","637","661","774","930","1102","1124","977","972",
"대구광역시","계","41세","수급자수","","1834","1694","1447","1297","1105","528","1013","856","672","750","780","1014","1144","1167","1239","1077",
"대구광역시","계","42세","수급자수","","1879","1898","1710","1384","1301","697","1177","1009","881","789","865","996","1169","1229","1302","1414",
"대구광역시","계","43세","수급자수","","1918","1951","1895","1661","1416","841","1303","1155","1023","1007","914","1148","1169","1300","1350","1467",
"대구광역시","계","44세","수급자수","","2069","1940","1919","1825","1652","998","1538","1321","1143","1145","1130","1145","1320","1263","1448","1508",
"대구광역시","계","45 - 49세","수급자수","","10471","10516","9767","8834","8783","8565","8942","8509","7997","7849","7822","8621","8783","8389","8191","8323",
"대구광역시","계","45세","수급자수","","1967","2096","1888","1809","1835","1098","1575","1540","1339","1255","1298","1382","1333","1409","1355","1586",
"대구광역시","계","46세","수급자수","","1951","1959","1989","1747","1761","1334","1818","1552","1537","1468","1376","1587","1583","1428","1518","1529",
"대구광역시","계","47세","수급자수","","2257","1957","1878","1858","1720","1409","1924","1756","1550","1647","1598","1687","1762","1691","1566","1636",
"대구광역시","계","48세","수급자수","","2218","2280","1845","1727","1796","1659","1856","1883","1707","1679","1757","1933","1948","1862","1785","1650",
"대구광역시","계","49세","수급자수","","2078","2224","2167","1693","1671","1788","1769","1778","1864","1800","1793","2032","2157","1999","1967","1922",
"대구광역시","계","50 - 54세","수급자수","","7729","8394","8850","8830","8944","8716","9180","8730","8376","9089","9676","11052","12034","12046","11977","11877",
"대구광역시","계","50세","수급자수","","1925","2102","2070","2001","1665","1723","1837","1683","1742","1928","1895","2098","2240","2219","2126","2067",
"대구광역시","계","51세","수급자수","","1524","1884","2007","1906","1929","1657","1735","1757","1639","1855","2042","2174","2321","2286","2341","2207",
"대구광역시","계","52세","수급자수","","1544","1510","1803","1866","1854","1738","1719","1677","1703","1738","1970","2373","2401","2406","2391","2486",
"대구광역시","계","53세","수급자수","","1360","1551","1466","1695","1834","1614","1945","1683","1621","1810","1863","2275","2592","2467","2525","2465",
"대구광역시","계","54세","수급자수","","1376","1347","1504","1362","1662","1590","1944","1930","1671","1758","1906","2132","2480","2668","2594","2652",
"대구광역시","계","55 - 59세","수급자수","","4940","5600","6008","6121","6437","7031","8082","8595","9031","9935","10474","11771","12436","12576","13266","13739",
"대구광역시","계","55세","수급자수","","1123","1399","1290","1429","1344","1867","1913","1883","1912","1775","1899","2184","2344","2551","2795","2695",
"대구광역시","계","56세","수급자수","","1047","1131","1365","1252","1413","1843","1759","1879","1887","2042","1925","2225","2410","2431","2642","2921",
"대구광역시","계","57세","수급자수","","1137","1060","1122","1334","1276","1802","1469","1761","1926","2073","2207","2205","2430","2512","2534","2739",
"대구광역시","계","58세","수급자수","","791","1172","1058","1073","1332","1648","1544","1469","1789","2069","2229","2540","2453","2534","2651","2635",
"대구광역시","계","59세","수급자수","","842","838","1173","1033","1072","1338","1397","1603","1517","1976","2214","2617","2799","2548","2644","2749",
"대구광역시","계","60 - 64세","수급자수","","4161","4500","4629","4838","4888","5142","6263","6797","7261","8479","10061","11897","13693","14636","15492","15533",
"대구광역시","계","60세","수급자수","","882","878","853","1154","1051","1424","1481","1451","1638","1676","2202","2565","2919","2949","2704","2753",
"대구광역시","계","61세","수급자수","","949","926","877","855","1167","1282","1211","1513","1499","1852","1882","2566","2860","3074","3129","2783",
"대구광역시","계","62세","수급자수","","922","999","923","887","858","1339","1209","1256","1551","1699","2054","2178","2836","3002","3272","3259",
"대구광역시","계","63세","수급자수","","701","947","1021","915","895","1075","1353","1224","1296","1765","1898","2369","2434","3005","3156","3420",
"대구광역시","계","64세","수급자수","","707","750","955","1027","917","1068","1009","1353","1277","1487","2025","2219","2644","2606","3231","3318",
"대구광역시","계","65 - 69세","수급자수","","6027","5879","5463","5103","5075","5155","5938","6144","6605","7837","9113","10968","13070","14114","15393","16889",
"대구광역시","계","65세","수급자수","","970","780","832","1056","1135","1215","1138","1080","1527","1587","1875","2518","2670","3011","2924","3585",
"대구광역시","계","66세","수급자수","","1156","1031","843","870","1110","877","1192","1188","1161","1850","1875","2179","2918","2889","3264","3107",
"대구광역시","계","67세","수급자수","","1417","1246","1027","862","884","907","1333","1234","1244","1383","2131","2091","2487","3137","3091","3445",
"대구광역시","계","68세","수급자수","","1280","1486","1245","1053","882","1035","1284","1366","1279","1460","1582","2410","2318","2617","3331","3238",
"대구광역시","계","69세","수급자수","","1204","1336","1516","1262","1064","1189","991","1276","1394","1557","1650","1770","2677","2460","2783","3514",
"대구광역시","계","70 - 74세","수급자수","","6003","6245","6284","6586","6583","6358","6487","6020","5751","6990","7898","9151","10463","11640","12532","13637",
"대구광역시","계","70세","수급자수","","1260","1233","1338","1528","1276","1135","972","996","1291","1637","1730","1818","1980","2833","2639","2936",
"대구광역시","계","71세","수급자수","","1213","1313","1199","1351","1510","909","1163","950","1008","1569","1810","1935","2019","2099","3003","2799",
"대구광역시","계","72세","수급자수","","1211","1256","1311","1211","1352","887","1372","1173","957","1235","1751","2000","2142","2110","2229","3202",
"대구광역시","계","73세","수급자수","","1171","1243","1217","1289","1189","1059","1585","1331","1163","1129","1375","1911","2207","2253","2263","2327",
"대구광역시","계","74세","수급자수","","1148","1200","1219","1207","1256","1298","1395","1570","1332","1420","1232","1487","2115","2345","2398","2373",
"대구광역시","계","75 - 79세","수급자수","","4353","4825","4989","5182","5372","5502","5956","6050","6326","7941","8754","9066","9548","9690","10311","11115",
"대구광역시","계","75세","수급자수","","1049","1175","1152","1212","1177","1499","1250","1353","1532","1571","1582","1337","1672","2243","2451","2552",
"대구광역시","계","76세","수급자수","","895","1045","1125","1129","1185","1327","1283","1190","1351","1828","1732","1701","1482","1733","2360","2566",
"대구광역시","계","77세","수급자수","","916","904","972","1077","1100","1175","1211","1252","1142","1632","2043","1881","1887","1561","1794","2467",
"대구광역시","계","78세","수급자수","","797","931","865","927","1017","1240","1166","1150","1215","1414","1811","2213","2089","1978","1637","1848",
"대구광역시","계","79세","수급자수","","696","770","875","837","893","1143","1046","1105","1086","1496","1586","1934","2418","2175","2069","1682",
"대구광역시","계","80 - 84세","수급자수","","2436","2644","2771","2990","3147","3317","3754","4004","4220","5579","6875","7692","9172","10155","10858","11080",
"대구광역시","계","80세","수급자수","","594","673","716","828","785","1130","972","986","1045","1347","1704","1694","2134","2469","2223","2077",
"대구광역시","계","81세","수급자수","","580","577","607","701","768","1019","849","921","946","1214","1513","1772","1860","2173","2561","2284",
"대구광역시","계","82세","수급자수","","513","539","524","552","663","970","704","811","857","1113","1342","1584","1921","1854","2194","2610",
"대구광역시","계","83세","수급자수","","387","481","487","469","498","836","676","675","767","1017","1223","1398","1741","1936","1911","2194",
"대구광역시","계","84세","수급자수","","362","374","437","440","433","737","553","611","605","888","1093","1244","1516","1723","1969","1915",
"대구광역시","계","85 - 89세","수급자수","","1067","1149","1139","1234","1336","1436","1589","1740","1924","2590","3422","4047","5137","5728","6627","7458",
"대구광역시","계","85세","수급자수","","259","318","326","393","397","692","430","523","545","700","980","1112","1349","1515","1731","1934",
"대구광역시","계","86세","수급자수","","271","220","264","290","347","594","355","386","486","636","771","992","1206","1326","1523","1723",
"대구광역시","계","87세","수급자수","","236","252","189","220","258","458","332","308","348","543","675","762","1060","1164","1318","1475",
"대구광역시","계","88세","수급자수","","171","198","201","163","190","389","275","286","289","415","557","653","823","984","1122","1255",
"대구광역시","계","89세","수급자수","","130","161","159","168","144","358","197","237","256","296","439","528","699","739","933","1071",
"대구광역시","계","90 - 94세","수급자수","","293","302","341","374","422","422","442","503","564","788","1015","1242","1695","1909","2252","2619",
"대구광역시","계","90세","수급자수","","77","101","133","133","138","303","149","176","214","264","304","419","545","618","697","835",
"대구광역시","계","91세","수급자수","","74","63","77","99","114","230","85","126","133","228","276","279","425","500","585","621",
"대구광역시","계","92세","수급자수","","69","53","54","65","85","156","97","67","102","126","225","244","278","364","438","507",
"대구광역시","계","93세","수급자수","","37","57","38","45","50","109","63","83","58","105","113","204","243","233","330","383",
"대구광역시","계","94세","수급자수","","36","28","39","32","35","119","48","51","57","65","97","96","204","194","202","273",
"대구광역시","계","95 - 99세","수급자수","","67","71","72","66","73","74","97","103","107","152","192","235","294","351","422","501",
"대구광역시","계","95세","수급자수","","25","25","24","30","27","87","33","41","36","56","61","86","102","156","172","175",
"대구광역시","계","96세","수급자수","","15","21","16","16","23","66","24","24","35","40","52","54","77","74","134","142",
"대구광역시","계","97세","수급자수","","15","10","15","8","13","41","17","15","17","30","36","44","52","57","58","102",
"대구광역시","계","98세","수급자수","","7","11","6","7","6","25","15","13","10","15","27","26","38","32","36","51",
"대구광역시","계","99세","수급자수","","5","4","11","5","4","19","8","10","9","11","16","25","25","32","22","31",
"대구광역시","계","100세 이상","수급자수","","16","12","11","14","12","11","8","14","16","25","29","37","53","52","69","62",
"대구광역시","남자","계","수급자수","","43602","43612","41848","39478","38575","37564","47310","45079","43276","45911","48726","55061","60218","61814","64660","67702",
"대구광역시","남자","0 - 4세","수급자수","","1047","1014","983","880","791","697","763","664","585","603","641","731","784","752","717","719",
"대구광역시","남자","0세","수급자수","","122","118","144","110","76","86","73","64","66","67","59","68","76","65","71","86",
"대구광역시","남자","1세","수급자수","","174","173","157","182","144","90","129","112","92","104","124","126","116","112","121","114",
"대구광역시","남자","2세","수급자수","","254","202","187","171","183","148","137","135","121","115","132","161","175","140","127","146",
"대구광역시","남자","3세","수급자수","","239","273","220","186","182","171","206","153","140","149","142","175","192","203","173","166",
"대구광역시","남자","4세","수급자수","","258","248","275","231","206","202","218","200","166","168","184","201","225","232","225","207",
"대구광역시","남자","5 - 9세","수급자수","","2488","2137","1866","1643","1468","1336","2676","2327","1943","1861","1972","2107","2191","2055","2066","2138",
"대구광역시","남자","5세","수급자수","","327","277","260","282","232","206","248","219","211","191","210","253","258","258","264","268",
"대구광역시","남자","6세","수급자수","","431","346","279","270","287","226","267","261","224","256","241","264","321","306","294","304",
"대구광역시","남자","7세","수급자수","","465","448","364","279","275","292","649","465","464","438","486","449","458","457","479","443",
"대구광역시","남자","8세","수급자수","","531","493","457","361","306","1","795","625","473","491","495","568","524","477","514","541",
"대구광역시","남자","9세","수급자수","","734","573","506","451","368","1","717","757","571","485","540","573","630","557","515","582",
"대구광역시","남자","10 - 14세","수급자수","","5327","4968","4454","3805","3341","2850","5213","4527","3877","3465","3163","3294","3465","3452","3494","3599",
"대구광역시","남자","10세","수급자수","","783","788","604","515","461","0","816","691","700","589","505","613","614","668","599","600",
"대구광역시","남자","11세","수급자수","","920","854","795","624","533","297","909","795","642","690","582","574","665","659","709","649",
"대구광역시","남자","12세","수급자수","","1106","964","894","782","638","315","1045","890","734","635","707","649","635","705","691","778",
"대구광역시","남자","13세","수급자수","","1148","1158","991","886","811","375","1135","1044","836","709","643","770","724","668","770","759",
"대구광역시","남자","14세","수급자수","","1370","1204","1170","998","898","465","1308","1107","965","842","726","688","827","752","725","813",
"대구광역시","남자","15 - 19세","수급자수","","7337","7279","6725","6005","5550","5040","7896","6886","5889","5121","4632","4521","4254","4127","4023","4008",
"대구광역시","남자","15세","수급자수","","1442","1418","1208","1152","1007","540","1610","1259","1024","958","854","787","736","859","782","773",
"대구광역시","남자","16세","수급자수","","1555","1537","1414","1207","1147","644","1704","1545","1173","1003","969","948","847","773","921","840",
"대구광역시","남자","17세","수급자수","","1680","1603","1514","1353","1204","826","1774","1612","1431","1127","998","1024","945","872","810","957",
"대구광역시","남자","18세","수급자수","","1555","1624","1502","1338","1245","893","1822","1592","1381","1297","1102","1033","1036","943","889","837",
"대구광역시","남자","19세","수급자수","","1105","1097","1087","955","947","1005","986","878","880","736","709","729","690","680","621","601",
"대구광역시","남자","20 - 24세","수급자수","","2145","2340","2405","2402","2504","2543","2746","2581","2391","2476","2472","2750","2853","2657","2577","2550",
"대구광역시","남자","20세","수급자수","","493","556","492","492","496","1123","552","512","466","466","445","470","456","384","393","382",
"대구광역시","남자","21세","수급자수","","430","425","531","503","505","1120","430","412","417","463","437","519","533","474","441","438",
"대구광역시","남자","22세","수급자수","","488","557","541","591","621","899","676","586","518","556","562","623","647","627","600","572",
"대구광역시","남자","23세","수급자수","","405","457","490","446","506","484","619","576","534","533","525","597","648","604","598","581",
"대구광역시","남자","24세","수급자수","","329","345","351","370","376","480","469","495","456","458","503","541","569","568","545","577",
"대구광역시","남자","25 - 29세","수급자수","","869","866","785","689","769","790","902","949","1011","1114","1121","1477","1647","1599","1675","1816",
"대구광역시","남자","25세","수급자수","","244","254","240","246","280","637","325","341","373","371","367","461","481","441","468","496",
"대구광역시","남자","26세","수급자수","","190","191","180","152","187","529","209","217","235","262","263","330","383","365","365","417",
"대구광역시","남자","27세","수급자수","","165","147","132","115","125","413","153","147","174","196","178","273","311","308","315","334",
"대구광역시","남자","28세","수급자수","","140","139","110","89","92","275","114","136","124","159","175","216","251","268","274","306",
"대구광역시","남자","29세","수급자수","","130","135","123","87","85","201","101","108","105","126","138","197","221","217","253","263",
"대구광역시","남자","30 - 34세","수급자수","","747","723","703","626","578","560","618","575","576","631","736","1014","1192","1276","1400","1599",
"대구광역시","남자","30세","수급자수","","121","131","125","108","89","135","86","97","111","123","134","201","259","244","264","318",
"대구광역시","남자","31세","수급자수","","132","136","141","121","102","102","112","99","105","118","144","187","229","288","286","298",
"대구광역시","남자","32세","수급자수","","143","132","136","127","120","77","109","112","102","130","148","207","224","246","319","342",
"대구광역시","남자","33세","수급자수","","154","159","146","131","134","84","150","118","129","112","160","202","238","244","278","330",
"대구광역시","남자","34세","수급자수","","197","165","155","139","133","88","161","149","129","148","150","217","242","254","253","311",
"대구광역시","남자","35 - 39세","수급자수","","1740","1553","1330","1119","1013","921","1077","1025","950","1051","1149","1385","1498","1532","1562","1614",
"대구광역시","남자","35세","수급자수","","248","200","168","167","158","115","193","164","156","150","171","204","253","264","289","281",
"대구광역시","남자","36세","수급자수","","294","258","214","173","174","125","184","194","167","184","190","241","242","291","287","327",
"대구광역시","남자","37세","수급자수","","352","318","263","217","178","148","213","190","198","217","220","270","310","269","317","315",
"대구광역시","남자","38세","수급자수","","403","355","324","254","235","137","240","222","190","257","272","297","320","345","298","344",
"대구광역시","남자","39세","수급자수","","443","422","361","308","268","166","247","255","239","243","296","373","373","363","371","347",
"대구광역시","남자","40 - 44세","수급자수","","3378","3169","2825","2546","2228","2000","2156","1897","1671","1747","1820","2132","2400","2432","2479","2584",
"대구광역시","남자","40세","수급자수","","545","484","439","370","332","184","307","246","257","275","292","376","442","419","395","413",
"대구광역시","남자","41세","수급자수","","652","560","488","438","378","188","365","327","254","302","326","389","458","458","471","427",
"대구광역시","남자","42세","수급자수","","637","692","554","489","452","246","419","377","349","313","362","418","447","496","503","543",
"대구광역시","남자","43세","수급자수","","744","658","691","551","499","292","490","428","382","409","380","475","504","521","536","582",
"대구광역시","남자","44세","수급자수","","800","775","653","698","567","342","575","519","429","448","460","474","549","538","574","619",
"대구광역시","남자","45 - 49세","수급자수","","4994","4800","4390","3783","3701","3556","3745","3531","3385","3338","3365","3705","3817","3586","3553","3588",
"대구광역시","남자","45세","수급자수","","831","822","778","639","716","386","601","604","541","485","527","570","565","593","577","632",
"대구광역시","남자","46세","수급자수","","896","846","810","751","640","480","691","610","628","627","554","646","657","622","645","657",
"대구광역시","남자","47세","수급자수","","1059","909","840","776","778","500","816","703","631","692","703","694","744","712","694","703",
"대구광역시","남자","48세","수급자수","","1099","1096","882","792","777","605","767","830","723","732","780","870","835","790","779","749",
"대구광역시","남자","49세","수급자수","","1109","1127","1080","825","790","735","870","784","862","802","801","925","1016","869","858","847",
"대구광역시","남자","50 - 54세","수급자수","","4311","4661","4822","4767","4751","4614","4793","4545","4286","4606","4849","5492","5858","5898","5744","5661",
"대구광역시","남자","50세","수급자수","","1072","1123","1073","1033","826","657","870","849","786","909","875","985","1033","1044","928","924",
"대구광역시","남자","51세","수급자수","","876","1049","1076","1015","1015","772","891","866","853","854","1006","1029","1119","1086","1116","1000",
"대구광역시","남자","52세","수급자수","","849","876","1016","1010","996","787","908","875","865","942","931","1198","1161","1169","1157","1180",
"대구광역시","남자","53세","수급자수","","786","855","837","930","999","797","1054","907","879","940","1032","1090","1328","1218","1240","1219",
"대구광역시","남자","54세","수급자수","","728","758","820","779","915","818","1070","1048","903","961","1005","1190","1217","1381","1303","1338",
"대구광역시","남자","55 - 59세","수급자수","","2501","2856","3158","3288","3537","3849","4444","4712","5007","5424","5697","6395","6807","6736","7097","7314",
"대구광역시","남자","55세","수급자수","","631","732","726","781","769","998","1047","1040","1066","976","1024","1164","1320","1249","1471","1363",
"대구광역시","남자","56세","수급자수","","541","629","720","700","769","1007","961","1011","1055","1127","1061","1224","1291","1369","1321","1553",
"대구광역시","남자","57세","수급자수","","561","537","617","701","707","994","836","954","1043","1139","1217","1210","1332","1353","1450","1399",
"대구광역시","남자","58세","수급자수","","380","573","531","583","703","907","845","840","969","1110","1229","1385","1338","1383","1419","1520",
"대구광역시","남자","59세","수급자수","","388","385","564","523","589","766","755","867","874","1072","1166","1412","1526","1382","1436","1479",
"대구광역시","남자","60 - 64세","수급자수","","1575","1812","1909","2113","2262","2487","3102","3446","3768","4432","5254","6163","7074","7597","8072","8210",
"대구광역시","남자","60세","수급자수","","375","390","386","553","520","769","775","793","885","936","1180","1329","1554","1602","1490","1497",
"대구광역시","남자","61세","수급자수","","361","394","380","396","570","701","661","777","807","1001","1033","1335","1460","1634","1681","1524",
"대구광역시","남자","62세","수급자수","","363","380","391","386","392","706","586","669","791","895","1093","1160","1439","1522","1714","1752",
"대구광역시","남자","63세","수급자수","","262","373","382","393","392","588","637","572","680","858","987","1217","1267","1502","1585","1790",
"대구광역시","남자","64세","수급자수","","214","275","370","385","388","521","443","635","605","742","961","1122","1354","1337","1602","1647",
"대구광역시","남자","65 - 69세","수급자수","","1897","1849","1778","1716","1783","1916","2330","2452","2758","3383","4022","4947","5981","6578","7309","8060",
"대구광역시","남자","65세","수급자수","","335","242","317","407","423","594","468","472","706","736","891","1173","1301","1502","1482","1747",
"대구광역시","남자","66세","수급자수","","351","350","264","317","426","399","498","479","510","838","864","1040","1345","1375","1607","1560",
"대구광역시","남자","67세","수급자수","","463","367","342","260","322","385","495","509","505","608","943","944","1169","1427","1452","1678",
"대구광역시","남자","68세","수급자수","","385","484","364","349","271","428","503","501","518","587","668","1047","1019","1199","1497","1500",
"대구광역시","남자","69세","수급자수","","363","406","491","383","341","446","366","491","519","614","656","743","1147","1075","1271","1575",
"대구광역시","남자","70 - 74세","수급자수","","1678","1774","1837","2011","2045","1997","2069","1965","1940","2383","2800","3400","3978","4496","5070","5643",
"대구광역시","남자","70세","수급자수","","375","363","406","505","390","445","303","359","485","585","665","724","832","1206","1143","1324",
"대구광역시","남자","71세","수급자수","","330","387","358","415","502","326","386","300","374","577","637","755","789","855","1263","1199",
"대구광역시","남자","72세","수급자수","","343","351","388","369","415","271","430","378","297","442","637","711","828","792","919","1318",
"대구광역시","남자","73세","수급자수","","321","351","342","387","365","345","516","411","371","341","487","695","773","849","849","928",
"대구광역시","남자","74세","수급자수","","309","322","343","335","373","399","434","517","413","438","374","515","756","794","896","874",
"대구광역시","남자","75 - 79세","수급자수","","962","1152","1222","1341","1398","1475","1656","1751","1890","2402","2602","2707","2883","3034","3271","3705",
"대구광역시","남자","75세","수급자수","","264","320","301","334","326","483","386","431","492","496","478","406","576","783","822","944",
"대구광역시","남자","76세","수급자수","","229","261","305","297","319","407","376","364","429","569","538","507","435","585","821","843",
"대구광역시","남자","77세","수급자수","","200","223","226","288","276","363","332","362","341","507","609","574","547","451","596","845",
"대구광역시","남자","78세","수급자수","","157","209","209","225","265","364","302","309","347","414","531","656","626","574","452","614",
"대구광역시","남자","79세","수급자수","","112","139","181","197","212","316","260","285","281","416","446","564","699","641","580","459",
"대구광역시","남자","80 - 84세","수급자수","","411","441","454","535","602","667","837","922","997","1343","1684","1892","2314","2603","2866","2918",
"대구광역시","남자","80세","수급자수","","111","110","125","172","179","301","245","231","261","340","463","462","604","688","650","551",
"대구광역시","남자","81세","수급자수","","110","103","94","120","162","252","201","228","231","297","382","471","490","591","712","654",
"대구광역시","남자","82세","수급자수","","77","95","89","88","110","242","153","198","206","256","320","374","494","463","564","715",
"대구광역시","남자","83세","수급자수","","63","77","81","82","79","199","145","145","179","245","266","326","391","479","470","553",
"대구광역시","남자","84세","수급자수","","50","56","65","73","72","159","93","120","120","205","253","259","335","382","470","445",
"대구광역시","남자","85 - 89세","수급자수","","170","181","165","165","184","207","227","259","274","405","598","779","1006","1167","1351","1543",
"대구광역시","남자","85세","수급자수","","45","43","43","58","65","141","58","82","94","142","219","262","279","321","364","438",
"대구광역시","남자","86세","수급자수","","55","37","34","33","51","102","57","54","73","99","151","208","271","265","326","355",
"대구광역시","남자","87세","수급자수","","32","52","27","24","28","66","53","45","43","83","105","146","209","253","255","307",
"대구광역시","남자","88세","수급자수","","20","33","39","21","22","61","40","42","34","49","76","92","155","194","233","235",
"대구광역시","남자","89세","수급자수","","18","16","22","29","18","61","19","36","30","32","47","71","92","134","173","208",
"대구광역시","남자","90 - 94세","수급자수","","19","29","28","36","62","52","52","57","67","98","118","134","172","193","284","382",
"대구광역시","남자","90세","수급자수","","7","17","12","17","27","45","17","14","31","39","28","43","60","75","125","151",
"대구광역시","남자","91세","수급자수","","4","4","9","7","16","23","8","15","11","34","42","27","40","52","69","107",
"대구광역시","남자","92세","수급자수","","3","3","4","7","7","17","16","4","9","10","28","35","22","30","50","65",
"대구광역시","남자","93세","수급자수","","3","3","1","4","7","10","10","16","4","11","11","21","30","19","23","40",
"대구광역시","남자","94세","수급자수","","2","2","2","1","5","22","1","8","12","4","9","8","20","17","17","19",
"대구광역시","남자","95 - 99세","수급자수","","5","6","8","8","7","6","8","7","11","26","28","31","39","38","38","44",
"대구광역시","남자","95세","수급자수","","2","2","2","2","1","12","5","2","6","13","7","9","9","13","16","13",
"대구광역시","남자","96세","수급자수","","1","2","2","2","1","4","3","4","2","8","12","6","6","7","11","15",
"대구광역시","남자","97세","수급자수","","1","1","2","2","2","4","0","1","2","3","5","12","8","5","3","8",
"대구광역시","남자","98세","수급자수","","0","1","1","1","2","3","0","0","1","0","3","3","10","5","4","3",
"대구광역시","남자","99세","수급자수","","1","0","1","1","1","1","0","0","0","2","1","1","6","8","4","5",
"대구광역시","남자","100세 이상","수급자수","","1","2","1","0","1","1","0","1","0","2","3","5","5","6","12","7",
"대구광역시","여자","계","수급자수","","58498","59098","56943","53730","52191","50269","59954","56951","54399","59298","63775","71499","78960","81472","85046","88740",
"대구광역시","여자","0 - 4세","수급자수","","997","938","931","808","731","664","749","658","579","630","617","694","660","657","628","647",
"대구광역시","여자","0세","수급자수","","117","117","134","116","100","80","73","66","62","75","54","57","56","74","57","80",
"대구광역시","여자","1세","수급자수","","158","154","163","156","139","117","118","100","96","112","102","100","97","93","103","104",
"대구광역시","여자","2세","수급자수","","230","176","180","167","152","150","147","126","111","123","139","153","126","119","116","127",
"대구광역시","여자","3세","수급자수","","228","251","193","176","167","158","199","153","144","144","153","170","185","164","151","146",
"대구광역시","여자","4세","수급자수","","264","240","261","193","173","159","212","213","166","176","169","214","196","207","201","190",
"대구광역시","여자","5 - 9세","수급자수","","2297","1984","1658","1499","1330","1221","2521","2168","1842","1803","1825","1997","2144","1977","1954","1933",
"대구광역시","여자","5세","수급자수","","286","273","243","267","207","180","195","225","215","189","205","228","271","226","246","237",
"대구광역시","여자","6세","수급자수","","369","306","283","237","267","215","237","199","231","251","225","295","290","317","269","295",
"대구광역시","여자","7세","수급자수","","426","388","297","286","249","273","583","452","409","448","416","416","490","378","438","408",
"대구광역시","여자","8세","수급자수","","554","436","380","307","293","15","759","570","447","442","486","493","493","522","424","517",
"대구광역시","여자","9세","수급자수","","662","581","455","402","314","10","747","722","540","473","493","565","600","534","577","476",
"대구광역시","여자","10 - 14세","수급자수","","4833","4499","4006","3410","3009","2554","4897","4224","3600","3291","3153","3280","3403","3358","3359","3513",
"대구광역시","여자","10세","수급자수","","724","701","585","458","415","3","749","725","659","536","518","548","624","639","573","639",
"대구광역시","여자","11세","수급자수","","826","747","715","572","487","261","862","729","649","649","563","593","605","650","685","630",
"대구광역시","여자","12세","수급자수","","957","866","783","728","592","292","948","829","684","644","676","633","646","636","702","754",
"대구광역시","여자","13세","수급자수","","1091","1027","882","765","748","327","1059","920","759","700","683","763","699","698","675","771",
"대구광역시","여자","14세","수급자수","","1235","1158","1041","887","767","395","1279","1021","849","762","713","743","829","735","724","719",
"대구광역시","여자","15 - 19세","수급자수","","7108","7238","6735","6090","5595","4930","7679","6811","5793","5136","4552","4445","4286","4184","4121","4165",
"대구광역시","여자","15세","수급자수","","1366","1320","1184","1061","916","489","1544","1236","939","852","776","753","771","867","768","773",
"대구광역시","여자","16세","수급자수","","1457","1480","1343","1179","1087","605","1551","1529","1168","959","880","860","818","796","929","837",
"대구광역시","여자","17세","수급자수","","1548","1531","1470","1312","1165","738","1679","1526","1408","1178","950","929","902","829","824","979",
"대구광역시","여자","18세","수급자수","","1554","1524","1458","1367","1263","770","1810","1537","1327","1332","1114","1031","992","922","871","854",
"대구광역시","여자","19세","수급자수","","1183","1383","1280","1171","1164","922","1095","983","951","815","832","872","803","770","729","722",
"대구광역시","여자","20 - 24세","수급자수","","2733","3020","3158","2976","3156","3252","3560","3300","3111","3156","3099","3432","3627","3417","3364","3343",
"대구광역시","여자","20세","수급자수","","988","1057","1182","1030","1029","1073","1068","943","875","836","784","893","892","775","755","724",
"대구광역시","여자","21세","수급자수","","704","807","807","818","832","1093","933","845","766","783","731","801","870","800","738","750",
"대구광역시","여자","22세","수급자수","","463","546","586","564","640","1072","714","711","666","647","665","701","771","776","734","663",
"대구광역시","여자","23세","수급자수","","327","358","347","343","415","1045","500","464","478","514","515","587","606","590","661","616",
"대구광역시","여자","24세","수급자수","","251","252","236","221","240","825","345","337","326","376","404","450","488","476","476","590",
"대구광역시","여자","25 - 29세","수급자수","","836","797","748","630","621","629","731","715","733","857","968","1267","1444","1471","1523","1750",
"대구광역시","여자","25세","수급자수","","169","181","184","158","166","656","205","234","235","269","301","381","398","387","417","443",
"대구광역시","여자","26세","수급자수","","165","135","131","132","134","442","153","147","167","189","202","264","311","326","311","396",
"대구광역시","여자","27세","수급자수","","183","152","125","103","121","284","115","127","119","153","185","220","257","279","292","316",
"대구광역시","여자","28세","수급자수","","159","158","141","106","96","173","124","93","122","114","155","214","230","247","263","302",
"대구광역시","여자","29세","수급자수","","160","171","167","131","104","118","134","114","90","132","125","188","248","232","240","293",
"대구광역시","여자","30 - 34세","수급자수","","1317","1198","1104","1002","971","858","946","866","730","754","842","1093","1262","1376","1519","1680",
"대구광역시","여자","30세","수급자수","","222","165","173","174","134","117","126","130","113","106","159","194","224","275","271","315",
"대구광역시","여자","31세","수급자수","","191","234","175","186","194","114","136","135","136","131","131","219","248","253","324","333",
"대구광역시","여자","32세","수급자수","","266","215","249","178","202","107","174","150","138","156","154","194","271","266","282","350",
"대구광역시","여자","33세","수급자수","","271","287","214","237","192","102","249","182","155","177","175","219","257","305","304","334",
"대구광역시","여자","34세","수급자수","","367","297","293","227","249","138","261","269","188","184","223","267","262","277","338","348",
"대구광역시","여자","35 - 39세","수급자수","","3361","3094","2599","2192","1827","1579","1684","1559","1531","1654","1765","2061","2186","2027","2018","2097",
"대구광역시","여자","35세","수급자수","","459","398","317","286","231","203","267","264","279","232","229","307","340","289","312","379",
"대구광역시","여자","36세","수급자수","","542","493","420","316","293","209","332","278","290","333","289","291","358","368","337","350",
"대구광역시","여자","37세","수급자수","","688","589","517","434","330","206","319","331","281","343","422","388","373","414","422","385",
"대구광역시","여자","38세","수급자수","","795","742","610","527","439","257","363","318","349","347","409","530","482","430","455","477",
"대구광역시","여자","39세","수급자수","","877","872","735","629","534","235","403","368","332","399","416","545","633","526","492","506",
"대구광역시","여자","40 - 44세","수급자수","","5977","5756","5452","4714","4212","3680","3712","3089","2685","2605","2643","3101","3504","3651","3837","3854",
"대구광역시","여자","40세","수급자수","","1110","958","867","723","634","296","530","399","380","386","482","554","660","705","582","559",
"대구광역시","여자","41세","수급자수","","1182","1134","959","859","727","340","648","529","418","448","454","625","686","709","768","650",
"대구광역시","여자","42세","수급자수","","1242","1206","1156","895","849","451","758","632","532","476","503","578","722","733","799","871",
"대구광역시","여자","43세","수급자수","","1174","1293","1204","1110","917","549","813","727","641","598","534","673","665","779","814","885",
"대구광역시","여자","44세","수급자수","","1269","1165","1266","1127","1085","656","963","802","714","697","670","671","771","725","874","889",
"대구광역시","여자","45 - 49세","수급자수","","5477","5716","5377","5051","5082","5009","5197","4978","4612","4511","4457","4916","4966","4803","4638","4735",
"대구광역시","여자","45세","수급자수","","1136","1274","1110","1170","1119","712","974","936","798","770","771","812","768","816","778","954",
"대구광역시","여자","46세","수급자수","","1055","1113","1179","996","1121","854","1127","942","909","841","822","941","926","806","873","872",
"대구광역시","여자","47세","수급자수","","1198","1048","1038","1082","942","909","1108","1053","919","955","895","993","1018","979","872","933",
"대구광역시","여자","48세","수급자수","","1119","1184","963","935","1019","1054","1089","1053","984","947","977","1063","1113","1072","1006","901",
"대구광역시","여자","49세","수급자수","","969","1097","1087","868","881","1053","899","994","1002","998","992","1107","1141","1130","1109","1075",
"대구광역시","여자","50 - 54세","수급자수","","3418","3733","4028","4063","4193","4102","4387","4185","4090","4483","4827","5560","6176","6148","6233","6216",
"대구광역시","여자","50세","수급자수","","853","979","997","968","839","1066","967","834","956","1019","1020","1113","1207","1175","1198","1143",
"대구광역시","여자","51세","수급자수","","648","835","931","891","914","885","844","891","786","1001","1036","1145","1202","1200","1225","1207",
"대구광역시","여자","52세","수급자수","","695","634","787","856","858","951","811","802","838","796","1039","1175","1240","1237","1234","1306",
"대구광역시","여자","53세","수급자수","","574","696","629","765","835","817","891","776","742","870","831","1185","1264","1249","1285","1246",
"대구광역시","여자","54세","수급자수","","648","589","684","583","747","772","874","882","768","797","901","942","1263","1287","1291","1314",
"대구광역시","여자","55 - 59세","수급자수","","2439","2744","2850","2833","2900","3182","3638","3883","4024","4511","4777","5376","5629","5840","6169","6425",
"대구광역시","여자","55세","수급자수","","492","667","564","648","575","869","866","843","846","799","875","1020","1024","1302","1324","1332",
"대구광역시","여자","56세","수급자수","","506","502","645","552","644","836","798","868","832","915","864","1001","1119","1062","1321","1368",
"대구광역시","여자","57세","수급자수","","576","523","505","633","569","808","633","807","883","934","990","995","1098","1159","1084","1340",
"대구광역시","여자","58세","수급자수","","411","599","527","490","629","741","699","629","820","959","1000","1155","1115","1151","1232","1115",
"대구광역시","여자","59세","수급자수","","454","453","609","510","483","572","642","736","643","904","1048","1205","1273","1166","1208","1270",
"대구광역시","여자","60 - 64세","수급자수","","2586","2688","2720","2725","2626","2655","3161","3351","3493","4047","4807","5734","6619","7039","7420","7323",
"대구광역시","여자","60세","수급자수","","507","488","467","601","531","655","706","658","753","740","1022","1236","1365","1347","1214","1256",
"대구광역시","여자","61세","수급자수","","588","532","497","459","597","581","550","736","692","851","849","1231","1400","1440","1448","1259",
"대구광역시","여자","62세","수급자수","","559","619","532","501","466","633","623","587","760","804","961","1018","1397","1480","1558","1507",
"대구광역시","여자","63세","수급자수","","439","574","639","522","503","487","716","652","616","907","911","1152","1167","1503","1571","1630",
"대구광역시","여자","64세","수급자수","","493","475","585","642","529","547","566","718","672","745","1064","1097","1290","1269","1629","1671",
"대구광역시","여자","65 - 69세","수급자수","","4130","4030","3685","3387","3292","3239","3608","3692","3847","4454","5091","6021","7089","7536","8084","8829",
"대구광역시","여자","65세","수급자수","","635","538","515","649","712","621","670","608","821","851","984","1345","1369","1509","1442","1838",
"대구광역시","여자","66세","수급자수","","805","681","579","553","684","478","694","709","651","1012","1011","1139","1573","1514","1657","1547",
"대구광역시","여자","67세","수급자수","","954","879","685","602","562","522","838","725","739","775","1188","1147","1318","1710","1639","1767",
"대구광역시","여자","68세","수급자수","","895","1002","881","704","611","607","781","865","761","873","914","1363","1299","1418","1834","1738",
"대구광역시","여자","69세","수급자수","","841","930","1025","879","723","743","625","785","875","943","994","1027","1530","1385","1512","1939",
"대구광역시","여자","70 - 74세","수급자수","","4325","4471","4447","4575","4538","4361","4418","4055","3811","4607","5098","5751","6485","7144","7462","7994",
"대구광역시","여자","70세","수급자수","","885","870","932","1023","886","690","669","637","806","1052","1065","1094","1148","1627","1496","1612",
"대구광역시","여자","71세","수급자수","","883","926","841","936","1008","583","777","650","634","992","1173","1180","1230","1244","1740","1600",
"대구광역시","여자","72세","수급자수","","868","905","923","842","937","616","942","795","660","793","1114","1289","1314","1318","1310","1884",
"대구광역시","여자","73세","수급자수","","850","892","875","902","824","714","1069","920","792","788","888","1216","1434","1404","1414","1399",
"대구광역시","여자","74세","수급자수","","839","878","876","872","883","899","961","1053","919","982","858","972","1359","1551","1502","1499",
"대구광역시","여자","75 - 79세","수급자수","","3391","3673","3767","3841","3974","4027","4300","4299","4436","5539","6152","6359","6665","6656","7040","7410",
"대구광역시","여자","75세","수급자수","","785","855","851","878","851","1016","864","922","1040","1075","1104","931","1096","1460","1629","1608",
"대구광역시","여자","76세","수급자수","","666","784","820","832","866","920","907","826","922","1259","1194","1194","1047","1148","1539","1723",
"대구광역시","여자","77세","수급자수","","716","681","746","789","824","812","879","890","801","1125","1434","1307","1340","1110","1198","1622",
"대구광역시","여자","78세","수급자수","","640","722","656","702","752","876","864","841","868","1000","1280","1557","1463","1404","1185","1234",
"대구광역시","여자","79세","수급자수","","584","631","694","640","681","827","786","820","805","1080","1140","1370","1719","1534","1489","1223",
"대구광역시","여자","80 - 84세","수급자수","","2025","2203","2317","2455","2545","2650","2917","3082","3223","4236","5191","5800","6858","7552","7992","8162",
"대구광역시","여자","80세","수급자수","","483","563","591","656","606","829","727","755","784","1007","1241","1232","1530","1781","1573","1526",
"대구광역시","여자","81세","수급자수","","470","474","513","581","606","767","648","693","715","917","1131","1301","1370","1582","1849","1630",
"대구광역시","여자","82세","수급자수","","436","444","435","464","553","728","551","613","651","857","1022","1210","1427","1391","1630","1895",
"대구광역시","여자","83세","수급자수","","324","404","406","387","419","637","531","530","588","772","957","1072","1350","1457","1441","1641",
"대구광역시","여자","84세","수급자수","","312","318","372","367","361","578","460","491","485","683","840","985","1181","1341","1499","1470",
"대구광역시","여자","85 - 89세","수급자수","","897","968","974","1069","1152","1229","1362","1481","1650","2185","2824","3268","4131","4561","5276","5915",
"대구광역시","여자","85세","수급자수","","214","275","283","335","332","551","372","441","451","558","761","850","1070","1194","1367","1496",
"대구광역시","여자","86세","수급자수","","216","183","230","257","296","492","298","332","413","537","620","784","935","1061","1197","1368",
"대구광역시","여자","87세","수급자수","","204","200","162","196","230","392","279","263","305","460","570","616","851","911","1063","1168",
"대구광역시","여자","88세","수급자수","","151","165","162","142","168","328","235","244","255","366","481","561","668","790","889","1020",
"대구광역시","여자","89세","수급자수","","112","145","137","139","126","297","178","201","226","264","392","457","607","605","760","863",
"대구광역시","여자","90 - 94세","수급자수","","274","273","313","338","360","370","390","446","497","690","897","1108","1523","1716","1968","2237",
"대구광역시","여자","90세","수급자수","","70","84","121","116","111","258","132","162","183","225","276","376","485","543","572","684",
"대구광역시","여자","91세","수급자수","","70","59","68","92","98","207","77","111","122","194","234","252","385","448","516","514",
"대구광역시","여자","92세","수급자수","","66","50","50","58","78","139","81","63","93","116","197","209","256","334","388","442",
"대구광역시","여자","93세","수급자수","","34","54","37","41","43","99","53","67","54","94","102","183","213","214","307","343",
"대구광역시","여자","94세","수급자수","","34","26","37","31","30","97","47","43","45","61","88","88","184","177","185","254",
"대구광역시","여자","95 - 99세","수급자수","","62","65","64","58","66","68","89","96","96","126","164","204","255","313","384","457",
"대구광역시","여자","95세","수급자수","","23","23","22","28","26","75","28","39","30","43","54","77","93","143","156","162",
"대구광역시","여자","96세","수급자수","","14","19","14","14","22","62","21","20","33","32","40","48","71","67","123","127",
"대구광역시","여자","97세","수급자수","","14","9","13","6","11","37","17","14","15","27","31","32","44","52","55","94",
"대구광역시","여자","98세","수급자수","","7","10","5","6","4","22","15","13","9","15","24","23","28","27","32","48",
"대구광역시","여자","99세","수급자수","","4","4","10","4","3","18","8","10","9","9","15","24","19","24","18","26",
"대구광역시","여자","100세 이상","수급자수","","15","10","10","14","11","10","8","13","16","23","26","32","48","46","57","55",
"인천광역시","계","계","수급자수","","69722","69939","67929","66713","66568","67594","92872","95767","94159","105440","117111","137676","153668","160101","167473","177093",
"인천광역시","계","0 - 4세","수급자수","","1505","1483","1475","1453","1422","1456","1940","1782","1679","1867","2107","2400","2426","2302","2314","2311",
"인천광역시","계","0세","수급자수","","181","207","237","229","171","169","236","187","173","213","227","270","244","200","220","225",
"인천광역시","계","1세","수급자수","","250","262","289","297","292","254","316","313","280","307","372","429","426","356","363","383",
"인천광역시","계","2세","수급자수","","323","291","275","300","325","324","382","370","370","376","419","496","512","500","447","456",
"인천광역시","계","3세","수급자수","","332","367","310","293","322","366","468","405","409","460","500","541","579","602","566","571",
"인천광역시","계","4세","수급자수","","419","356","364","334","312","343","538","507","447","511","589","664","665","644","718","676",
"인천광역시","계","5 - 9세","수급자수","","3322","2962","2508","2358","2236","2205","4829","5280","4878","4941","5367","6135","6450","6121","5967","6012",
"인천광역시","계","5세","수급자수","","452","437","344","399","362","352","536","590","545","553","650","775","830","746","764","846",
"인천광역시","계","6세","수급자수","","534","499","445","377","421","396","488","588","615","663","665","842","937","942","860","911",
"인천광역시","계","7세","수급자수","","631","579","478","482","410","463","1163","1124","1108","1226","1261","1275","1417","1323","1257","1213",
"인천광역시","계","8세","수급자수","","764","642","590","494","522","24","1382","1374","1221","1199","1431","1539","1503","1497","1475","1426",
"인천광역시","계","9세","수급자수","","941","805","651","606","521","11","1260","1604","1389","1300","1360","1704","1763","1613","1611","1616",
"인천광역시","계","10 - 14세","수급자수","","6785","6238","5572","4899","4525","4011","8795","9146","8344","7880","7958","8810","9638","9746","9882","10141",
"인천광역시","계","10세","수급자수","","1130","972","805","695","639","7","1417","1469","1593","1433","1415","1606","1908","1858","1717","1750",
"인천광역시","계","11세","수급자수","","1126","1160","987","819","725","436","1470","1600","1427","1624","1525","1610","1805","1995","1985","1840",
"인천광역시","계","12세","수급자수","","1335","1154","1194","1007","884","558","1714","1717","1594","1486","1726","1776","1764","1910","2152","2101",
"인천광역시","계","13세","수급자수","","1517","1386","1171","1193","1058","538","1986","2070","1719","1615","1595","2001","2000","1885","2053","2265",
"인천광역시","계","14세","수급자수","","1677","1566","1415","1185","1219","670","2208","2290","2011","1722","1697","1817","2161","2098","1975","2185",
"인천광역시","계","15 - 19세","수급자수","","9074","9048","8507","7850","7299","7012","13220","13740","12201","11251","10355","10570","10569","10538","10605","10755",
"인천광역시","계","15세","수급자수","","1759","1766","1562","1433","1210","771","2722","2547","2260","2008","1833","1935","2011","2247","2197","2064",
"인천광역시","계","16세","수급자수","","2018","1837","1764","1586","1474","931","2952","3257","2561","2270","2106","2189","2140","2138","2395","2317",
"인천광역시","계","17세","수급자수","","2027","2035","1812","1761","1615","1101","3004","3240","3106","2535","2272","2299","2300","2146","2171","2470",
"인천광역시","계","18세","수급자수","","1947","1915","1924","1684","1653","1276","2892","3139","2906","2838","2476","2419","2372","2356","2204","2232",
"인천광역시","계","19세","수급자수","","1323","1495","1445","1386","1347","1285","1650","1557","1368","1600","1668","1728","1746","1651","1638","1672",
"인천광역시","계","20 - 24세","수급자수","","2620","2902","3060","3186","3360","3616","4426","4533","4351","4591","4863","5902","6231","5999","6036","6122",
"인천광역시","계","20세","수급자수","","856","930","978","972","974","1499","1217","1268","1151","1066","1201","1448","1385","1346","1325","1305",
"인천광역시","계","21세","수급자수","","620","660","724","750","804","1571","938","960","983","1041","968","1198","1389","1217","1215","1267",
"인천광역시","계","22세","수급자수","","468","575","613","640","698","1381","922","915","866","1014","1016","1159","1302","1330","1255","1276",
"인천광역시","계","23세","수급자수","","394","400","455","488","521","992","765","778","752","806","956","1096","1115","1150","1208","1185",
"인천광역시","계","24세","수급자수","","282","337","290","336","363","793","584","612","599","664","722","1001","1040","956","1033","1089",
"인천광역시","계","25 - 29세","수급자수","","972","990","1006","927","931","1044","1354","1474","1574","1844","2182","2952","3371","3481","3483","3830",
"인천광역시","계","25세","수급자수","","193","236","266","233","260","804","399","454","484","541","600","781","902","912","840","902",
"인천광역시","계","26세","수급자수","","171","178","190","206","193","597","290","321","350","387","458","616","716","753","790","763",
"인천광역시","계","27세","수급자수","","203","180","172","159","181","430","244","248","295","347","378","535","604","634","675","798",
"인천광역시","계","28세","수급자수","","192","195","174","155","140","297","199","230","227","301","393","495","596","558","602","699",
"인천광역시","계","29세","수급자수","","213","201","204","174","157","219","222","221","218","268","353","525","553","624","576","668",
"인천광역시","계","30 - 34세","수급자수","","1582","1436","1357","1272","1227","1199","1511","1511","1453","1657","2028","2816","3330","3456","3847","4321",
"인천광역시","계","30세","수급자수","","229","227","213","222","193","186","218","256","262","260","364","527","685","617","702","738",
"인천광역시","계","31세","수급자수","","284","256","226","221","222","175","239","232","270","320","383","571","651","739","768","855",
"인천광역시","계","32세","수급자수","","292","300","268","240","244","167","293","267","255","355","411","541","664","710","818","881",
"인천광역시","계","33세","수급자수","","322","311","319","266","262","163","364","323","289","328","431","555","630","702","768","962",
"인천광역시","계","34세","수급자수","","455","342","331","323","306","210","397","433","377","394","439","622","700","688","791","885",
"인천광역시","계","35 - 39세","수급자수","","3617","3381","2850","2483","2231","2138","2711","2657","2652","3040","3466","4373","4790","4612","4676","4915",
"인천광역시","계","35세","수급자수","","481","474","365","341","333","259","433","447","461","477","526","629","747","747","791","910",
"인천광역시","계","36세","수급자수","","649","526","487","390","373","277","472","481","489","593","614","759","781","806","851","874",
"인천광역시","계","37세","수급자수","","740","679","529","488","423","290","550","502","518","622","734","871","926","888","903","964",
"인천광역시","계","38세","수급자수","","846","795","686","546","513","333","603","571","566","635","784","1018","1086","1000","992","1032",
"인천광역시","계","39세","수급자수","","901","907","783","718","589","370","653","656","618","713","808","1096","1250","1171","1139","1135",
"인천광역시","계","40 - 44세","수급자수","","5693","5523","5201","4787","4619","4372","5178","4741","4372","4606","4968","6254","7253","7518","7975","8090",
"인천광역시","계","40세","수급자수","","1024","928","888","791","748","413","763","687","681","742","893","1129","1332","1368","1334","1276",
"인천광역시","계","41세","수급자수","","1113","1055","943","901","846","471","875","789","746","823","912","1229","1396","1475","1526","1496",
"인천광역시","계","42세","수급자수","","1215","1171","1044","950","953","551","1089","903","811","891","991","1223","1474","1506","1647","1691",
"인천광역시","계","43세","수급자수","","1122","1231","1140","1038","1004","660","1165","1132","961","1013","1020","1325","1465","1606","1683","1809",
"인천광역시","계","44세","수급자수","","1219","1138","1186","1107","1068","806","1286","1230","1173","1137","1152","1348","1586","1563","1785","1818",
"인천광역시","계","45 - 49세","수급자수","","6250","6220","5953","5646","5597","5693","6795","6944","6837","7377","7791","9121","9566","9315","9193","9611",
"인천광역시","계","45세","수급자수","","1141","1237","1119","1164","1082","880","1318","1307","1261","1338","1322","1478","1548","1653","1708","1958",
"인천광역시","계","46세","수급자수","","1259","1140","1202","1083","1150","994","1398","1341","1318","1453","1533","1700","1741","1640","1754","1808",
"인천광역시","계","47세","수급자수","","1329","1256","1133","1167","1085","1032","1405","1437","1357","1475","1639","1911","1889","1843","1743","1908",
"인천광역시","계","48세","수급자수","","1246","1351","1205","1084","1196","1098","1388","1437","1438","1536","1627","2052","2133","1980","1953","1863",
"인천광역시","계","49세","수급자수","","1275","1236","1294","1148","1084","1131","1286","1422","1463","1575","1670","1980","2255","2199","2035","2074",
"인천광역시","계","50 - 54세","수급자수","","5183","5503","5756","5851","5916","5989","7043","6962","6886","7681","8498","10324","11490","11899","12035","12248",
"인천광역시","계","50세","수급자수","","1133","1287","1224","1210","1122","1165","1412","1306","1408","1625","1698","2079","2221","2308","2265","2146",
"인천광역시","계","51세","수급자수","","1126","1134","1273","1197","1214","1100","1335","1408","1299","1545","1758","2091","2337","2310","2406","2384",
"인천광역시","계","52세","수급자수","","1091","1099","1094","1257","1206","1199","1363","1364","1420","1457","1674","2150","2292","2451","2376","2546",
"인천광역시","계","53세","수급자수","","889","1083","1100","1088","1247","1097","1467","1375","1372","1566","1617","2033","2359","2371","2503","2530",
"인천광역시","계","54세","수급자수","","944","900","1065","1099","1127","1148","1466","1509","1387","1488","1751","1971","2281","2459","2485","2642",
"인천광역시","계","55 - 59세","수급자수","","3249","3719","4165","4481","4971","5436","6629","7265","7624","8558","9346","10997","11794","11892","12524","13172",
"인천광역시","계","55세","수급자수","","853","964","882","1078","1092","1242","1489","1484","1535","1513","1681","2093","2187","2360","2554","2658",
"인천광역시","계","56세","수급자수","","639","853","975","873","1083","1224","1389","1548","1517","1741","1697","2089","2317","2244","2466","2647",
"인천광역시","계","57세","수급자수","","745","650","874","995","879","1278","1324","1428","1616","1752","1906","2062","2333","2416","2388","2588",
"인천광역시","계","58세","수급자수","","465","770","644","869","1048","1172","1337","1400","1494","1832","1999","2349","2299","2429","2527","2565",
"인천광역시","계","59세","수급자수","","547","482","790","666","869","1131","1090","1405","1462","1720","2063","2404","2658","2443","2589","2714",
"인천광역시","계","60 - 64세","수급자수","","2976","3103","3027","3280","3451","3832","5227","6017","6489","8134","9755","12028","13875","14796","15144","15828",
"인천광역시","계","60세","수급자수","","645","567","497","835","707","1106","1318","1202","1470","1662","1953","2557","2744","2855","2622","2764",
"인천광역시","계","61세","수급자수","","560","658","570","513","842","927","1124","1414","1265","1733","1943","2425","2940","2929","3008","2843",
"인천광역시","계","62세","수급자수","","658","581","673","599","544","1100","934","1202","1493","1521","2041","2398","2693","3118","3133","3310",
"인천광역시","계","63세","수급자수","","565","698","596","695","633","925","1099","1019","1223","1755","1756","2458","2735","2929","3293","3360",
"인천광역시","계","64세","수급자수","","548","599","691","638","725","760","752","1180","1038","1463","2062","2190","2763","2965","3088","3551",
"인천광역시","계","65 - 69세","수급자수","","4519","4436","4208","4027","4135","4385","5444","5504","5815","7014","8535","10844","13411","14910","16737","18301",
"인천광역시","계","65세","수급자수","","670","648","694","813","760","895","939","855","1371","1400","1902","2677","2729","3128","3366","3542",
"인천광역시","계","66세","수급자수","","815","736","688","742","945","593","1129","1024","922","1661","1715","2307","3147","3062","3424","3680",
"인천광역시","계","67세","수급자수","","1104","839","779","739","795","659","1071","1189","1092","1155","2000","1972","2635","3385","3290","3708",
"인천광역시","계","68세","수급자수","","984","1185","857","826","778","865","1269","1123","1236","1297","1381","2301","2280","2876","3605","3510",
"인천광역시","계","69세","수급자수","","946","1028","1190","907","857","831","1036","1313","1194","1501","1537","1587","2620","2459","3052","3861",
"인천광역시","계","70 - 74세","수급자수","","4732","4936","4927","5281","5291","5284","6047","5867","5796","7186","8347","9612","10659","11699","12617","14164",
"인천광역시","계","70세","수급자수","","1008","966","1038","1201","943","1010","992","1071","1344","1467","1739","1791","1789","2813","2625","3286",
"인천광역시","계","71세","수급자수","","956","1028","958","1064","1231","855","1114","997","1094","1640","1701","1948","2043","1915","3008","2875",
"인천광역시","계","72세","수급자수","","949","1004","1003","997","1083","824","1179","1126","1023","1366","1844","1939","2198","2227","2048","3275",
"인천광역시","계","73세","수급자수","","937","965","983","1017","998","907","1468","1201","1143","1295","1587","2160","2203","2395","2401","2177",
"인천광역시","계","74세","수급자수","","882","973","945","1002","1036","979","1294","1472","1192","1418","1476","1774","2426","2349","2535","2551",
"인천광역시","계","75 - 79세","수급자수","","3681","3880","4095","4364","4557","4740","5573","5823","6206","7704","8833","9646","10594","11178","11928","12976",
"인천광역시","계","75세","수급자수","","877","887","951","957","1013","1270","1185","1288","1470","1501","1618","1688","2016","2646","2488","2751",
"인천광역시","계","76세","수급자수","","780","885","874","952","922","1101","1189","1169","1281","1818","1683","1816","1896","2156","2809","2665",
"인천광역시","계","77세","수급자수","","737","776","868","880","942","1027","1182","1176","1151","1579","2098","1882","2003","2011","2281","2936",
"인천광역시","계","78세","수급자수","","635","717","725","862","847","1047","1034","1182","1150","1402","1831","2273","2121","2131","2126","2392",
"인천광역시","계","79세","수급자수","","652","615","677","713","833","1018","983","1008","1154","1404","1603","1987","2558","2234","2224","2232",
"인천광역시","계","80 - 84세","수급자수","","2359","2521","2563","2713","2808","3043","3648","3942","4158","5957","7209","8129","9659","10954","11502","12080",
"인천광역시","계","80세","수급자수","","611","632","559","659","677","939","920","970","972","1435","1596","1751","2210","2720","2272","2302",
"인천광역시","계","81세","수급자수","","534","582","595","547","642","912","859","871","929","1254","1615","1748","1987","2300","2810","2376",
"인천광역시","계","82세","수급자수","","492","507","518","568","504","824","731","803","844","1193","1421","1708","1947","2026","2346","2909",
"인천광역시","계","83세","수급자수","","378","447","477","510","524","790","646","683","768","1116","1334","1517","1878","1993","2063","2425",
"인천광역시","계","84세","수급자수","","344","353","414","429","461","648","492","615","645","959","1243","1405","1637","1915","2011","2068",
"인천광역시","계","85 - 89세","수급자수","","1158","1196","1217","1307","1393","1524","1782","1831","1983","2872","3774","4647","5907","6557","7446","8148",
"인천광역시","계","85세","수급자수","","292","303","314","370","400","620","506","435","567","793","1060","1304","1540","1634","1959","1987",
"인천광역시","계","86세","수급자수","","294","267","279","286","340","479","436","453","410","677","874","1087","1425","1536","1609","1912",
"인천광역시","계","87세","수급자수","","237","246","226","258","256","506","336","360","404","526","765","898","1140","1364","1490","1581",
"인천광역시","계","88세","수급자수","","200","210","215","205","232","429","314","309","329","485","568","780","976","1112","1322","1430",
"인천광역시","계","89세","수급자수","","135","170","183","188","165","351","190","274","273","391","507","578","826","911","1066","1238",
"인천광역시","계","90 - 94세","수급자수","","330","360","397","447","494","506","584","595","689","1014","1380","1679","2114","2493","2812","3212",
"인천광역시","계","90세","수급자수","","90","130","143","158","145","322","184","169","234","315","426","518","633","783","849","982",
"인천광역시","계","91세","수급자수","","77","67","106","124","135","213","130","157","149","267","338","400","527","596","715","755",
"인천광역시","계","92세","수급자수","","89","61","57","85","105","209","112","110","136","185","281","329","395","482","513","645",
"인천광역시","계","93세","수급자수","","41","68","46","47","70","139","87","100","95","149","186","253","326","337","434","446",
"인천광역시","계","94세","수급자수","","33","34","45","33","39","128","71","59","75","98","149","179","233","295","301","384",
"인천광역시","계","95 - 99세","수급자수","","89","79","67","80","85","93","116","130","145","226","304","385","475","545","647","733",
"인천광역시","계","95세","수급자수","","23","20","21","35","30","101","43","56","48","88","100","133","170","208","243","256",
"인천광역시","계","96세","수급자수","","25","16","16","17","32","84","24","29","54","57","85","92","110","138","174","192",
"인천광역시","계","97세","수급자수","","22","18","10","12","11","54","20","15","21","45","61","73","81","91","108","143",
"인천광역시","계","98세","수급자수","","14","16","9","9","9","26","20","15","11","20","40","51","72","62","76","80",
"인천광역시","계","99세","수급자수","","5","9","11","7","3","25","9","15","11","16","18","36","42","46","46","62",
"인천광역시","계","100세 이상","수급자수","","26","23","18","21","20","16","20","23","27","40","45","52","66","90","103","123",
"인천광역시","남자","계","수급자수","","29712","29821","29030","28610","28854","29614","41650","43251","42725","47045","52016","61498","68245","70621","73740","77926",
"인천광역시","남자","0 - 4세","수급자수","","797","778","774","766","729","758","995","905","855","970","1089","1230","1233","1169","1167","1134",
"인천광역시","남자","0세","수급자수","","105","107","131","119","88","89","135","97","100","107","120","143","122","109","100","95",
"인천광역시","남자","1세","수급자수","","130","140","148","159","144","136","162","167","139","163","178","215","215","180","182","178",
"인천광역시","남자","2세","수급자수","","170","155","148","154","172","161","200","181","195","201","218","245","260","239","232","233",
"인천광역시","남자","3세","수급자수","","171","194","165","156","159","196","223","211","196","237","265","281","287","308","271","303",
"인천광역시","남자","4세","수급자수","","221","182","182","178","166","176","275","249","225","262","308","346","349","333","382","325",
"인천광역시","남자","5 - 9세","수급자수","","1685","1540","1307","1230","1158","1148","2469","2696","2508","2559","2782","3205","3339","3175","3106","3112",
"인천광역시","남자","5세","수급자수","","231","233","178","204","183","188","277","303","272","280","347","407","426","396","397","446",
"인천광역시","남자","6세","수급자수","","275","265","234","195","221","195","268","309","321","323","340","454","497","477","449","472",
"인천광역시","남자","7세","수급자수","","326","300","257","254","219","243","573","586","575","651","626","662","736","705","651","615",
"인천광역시","남자","8세","수급자수","","385","331","311","261","270","3","697","681","634","630","763","774","777","773","775","739",
"인천광역시","남자","9세","수급자수","","468","411","327","316","265","3","654","817","706","675","706","908","903","824","834","840",
"인천광역시","남자","10 - 14세","수급자수","","3490","3180","2843","2485","2290","2022","4462","4617","4309","4082","4119","4551","4961","4986","5105","5254",
"인천광역시","남자","10세","수급자수","","557","479","405","341","325","2","727","776","834","728","739","830","997","951","879","900",
"인천광역시","남자","11세","수급자수","","606","597","481","413","361","230","756","791","759","855","766","822","923","1031","1027","948",
"인천광역시","남자","12세","수급자수","","670","618","619","487","460","292","860","891","820","783","900","900","889","986","1119","1096",
"인천광역시","남자","13세","수급자수","","781","688","623","620","505","274","976","1030","892","838","829","1060","1023","963","1059","1174",
"인천광역시","남자","14세","수급자수","","876","798","715","624","639","338","1143","1129","1004","878","885","939","1129","1055","1021","1136",
"인천광역시","남자","15 - 19세","수급자수","","4446","4472","4164","3863","3687","3577","6561","6848","6087","5576","5138","5308","5291","5323","5380","5485",
"인천광역시","남자","15세","수급자수","","893","897","793","727","635","385","1322","1321","1116","978","932","990","1050","1167","1126","1067",
"인천광역시","남자","16세","수급자수","","981","930","894","808","743","489","1516","1595","1330","1138","1027","1106","1084","1131","1236","1169",
"인천광역시","남자","17세","수급자수","","1005","991","910","892","825","536","1520","1634","1497","1293","1154","1130","1159","1082","1137","1272",
"인천광역시","남자","18세","수급자수","","975","952","914","833","837","668","1394","1570","1475","1377","1257","1228","1167","1180","1104","1169",
"인천광역시","남자","19세","수급자수","","592","702","653","603","647","677","809","728","669","790","768","854","831","763","777","808",
"인천광역시","남자","20 - 24세","수급자수","","1110","1193","1245","1353","1440","1575","1938","2052","1940","2075","2187","2565","2739","2616","2576","2548",
"인천광역시","남자","20세","수급자수","","317","304","318","332","300","744","489","518","441","436","469","518","541","471","463","475",
"인천광역시","남자","21세","수급자수","","228","239","247","276","296","801","342","365","387","386","393","456","503","493","414","431",
"인천광역시","남자","22세","수급자수","","205","261","289","301","337","687","431","422","411","480","446","541","599","570","606","538",
"인천광역시","남자","23세","수급자수","","207","196","234","261","292","372","373","426","371","428","494","530","575","566","571","578",
"인천광역시","남자","24세","수급자수","","153","193","157","183","215","269","303","321","330","345","385","520","521","516","522","526",
"인천광역시","남자","25 - 29세","수급자수","","472","483","500","465","472","519","656","707","742","849","974","1382","1632","1648","1687","1859",
"인천광역시","남자","25세","수급자수","","112","132","151","121","148","375","218","242","247","278","309","414","476","441","447","449",
"인천광역시","남자","26세","수급자수","","95","106","100","107","92","314","143","168","172","193","210","307","355","392","378","387",
"인천광역시","남자","27세","수급자수","","93","87","92","66","95","245","114","119","141","153","167","241","303","305","338","384",
"인천광역시","남자","28세","수급자수","","76","81","78","87","57","168","76","99","93","130","153","208","272","246","286","340",
"인천광역시","남자","29세","수급자수","","96","77","79","84","80","120","105","79","89","95","135","212","226","264","238","299",
"인천광역시","남자","30 - 34세","수급자수","","559","531","517","463","465","484","601","606","581","658","792","1155","1341","1419","1600","1803",
"인천광역시","남자","30세","수급자수","","79","103","78","84","87","78","76","114","98","105","135","235","280","248","299","320",
"인천광역시","남자","31세","수급자수","","99","96","100","75","83","86","101","87","118","119","158","223","278","299","313","367",
"인천광역시","남자","32세","수급자수","","122","96","107","91","81","67","131","107","97","154","159","219","268","310","352","346",
"인천광역시","남자","33세","수급자수","","108","116","108","103","104","78","138","135","115","122","186","212","248","280","327","403",
"인천광역시","남자","34세","수급자수","","151","120","124","110","110","90","155","163","153","158","154","266","267","282","309","367",
"인천광역시","남자","35 - 39세","수급자수","","1259","1158","991","856","822","766","978","997","1004","1160","1335","1711","1911","1818","1838","1918",
"인천광역시","남자","35세","수급자수","","174","163","131","128","113","103","159","178","163","186","212","238","327","280","318","341",
"인천광역시","남자","36세","수급자수","","199","184","181","142","147","100","179","180","188","217","232","306","319","347","321","355",
"인천광역시","남자","37세","수급자수","","265","203","189","169","149","113","198","196","192","241","265","334","373","358","377","373",
"인천광역시","남자","38세","수급자수","","291","288","206","191","188","123","214","204","224","232","311","398","412","401","378","412",
"인천광역시","남자","39세","수급자수","","330","320","284","226","225","129","228","239","237","284","315","435","480","432","444","437",
"인천광역시","남자","40 - 44세","수급자수","","2262","2177","1994","1799","1746","1709","1986","1801","1668","1761","1946","2522","2925","2986","3156","3153",
"인천광역시","남자","40세","수급자수","","381","344","319","285","243","153","279","253","257","277","344","465","525","523","502","502",
"인천광역시","남자","41세","수급자수","","405","388","342","329","320","158","339","291","288","313","359","511","568","567","591","566",
"인천광역시","남자","42세","수급자수","","476","445","389","352","358","203","383","357","311","340","388","478","612","606","640","644",
"인천광역시","남자","43세","수급자수","","480","495","449","393","405","267","465","403","384","395","405","527","579","662","681","711",
"인천광역시","남자","44세","수급자수","","520","505","495","440","420","274","520","497","428","436","450","541","641","628","742","730",
"인천광역시","남자","45 - 49세","수급자수","","3110","3012","2843","2687","2621","2641","3098","3078","3066","3210","3421","3983","4160","3967","3887","4048",
"인천광역시","남자","45세","수급자수","","484","550","506","494","439","350","570","531","537","498","533","590","641","679","679","804",
"인천광역시","남자","46세","수급자수","","628","505","542","505","497","384","587","593","547","646","590","702","717","682","728","726",
"인천광역시","남자","47세","수급자수","","649","621","527","568","533","434","632","624","620","634","762","794","802","778","728","802",
"인천광역시","남자","48세","수급자수","","666","666","613","519","605","443","643","657","654","705","738","979","914","855","854","790",
"인천광역시","남자","49세","수급자수","","683","670","655","601","547","483","666","673","708","727","798","918","1086","973","898","926",
"인천광역시","남자","50 - 54세","수급자수","","2937","3090","3220","3231","3300","3289","3864","3811","3681","4042","4387","5256","5756","5888","5856","5910",
"인천광역시","남자","50세","수급자수","","648","687","670","607","612","529","739","693","674","790","802","1022","1058","1096","1010","975",
"인천광역시","남자","51세","수급자수","","633","645","697","671","627","558","721","752","696","763","875","1019","1160","1118","1151","1074",
"인천광역시","남자","52세","수급자수","","622","622","620","699","691","628","765","759","775","796","832","1083","1145","1237","1165","1262",
"인천광역시","남자","53세","수급자수","","511","619","620","633","703","577","791","769","747","864","900","1029","1213","1180","1275","1254",
"인천광역시","남자","54세","수급자수","","523","517","613","621","667","641","848","838","789","829","978","1103","1180","1257","1255","1345",
"인천광역시","남자","55 - 59세","수급자수","","1708","1986","2264","2483","2796","3095","3721","4096","4303","4820","5264","6192","6565","6514","6745","7024",
"인천광역시","남자","55세","수급자수","","491","539","508","622","629","652","828","857","854","872","949","1169","1209","1226","1331","1381",
"인천광역시","남자","56세","수급자수","","341","481","542","500","619","695","800","860","868","979","991","1160","1281","1241","1262","1391",
"인천광역시","남자","57세","수급자수","","382","337","493","547","498","724","753","816","917","987","1061","1204","1284","1342","1327","1329",
"인천광역시","남자","58세","수급자수","","242","382","328","483","573","689","747","775","845","1031","1126","1302","1324","1326","1403","1415",
"인천광역시","남자","59세","수급자수","","252","247","393","331","477","654","593","788","819","951","1137","1357","1467","1379","1422","1508",
"인천광역시","남자","60 - 64세","수급자수","","1247","1341","1361","1541","1662","1933","2671","3107","3437","4277","5173","6412","7415","7860","8097","8584",
"인천광역시","남자","60세","수급자수","","292","260","257","404","356","637","706","637","819","913","1052","1400","1520","1562","1483","1525",
"인천광역시","남자","61세","수급자수","","251","295","259","273","407","514","602","766","659","932","1077","1295","1594","1583","1625","1607",
"인천광역시","남자","62세","수급자수","","276","262","301","278","281","601","462","637","801","779","1102","1292","1405","1671","1681","1789",
"인천광역시","남자","63세","수급자수","","225","286","259","314","293","510","533","507","638","899","904","1293","1456","1495","1740","1786",
"인천광역시","남자","64세","수급자수","","203","238","285","272","325","385","368","560","520","754","1038","1132","1440","1549","1568","1877",
"인천광역시","남자","65 - 69세","수급자수","","1491","1527","1512","1511","1614","1790","2325","2415","2659","3189","4034","5211","6427","7212","8180","8997",
"인천광역시","남자","65세","수급자수","","234","243","283","328","322","432","439","407","657","674","965","1344","1344","1609","1718","1798",
"인천광역시","남자","66세","수급자수","","273","255","266","299","387","305","523","476","442","776","823","1155","1553","1489","1742","1845",
"인천광역시","남자","67세","수급자수","","381","285","266","289","305","301","448","541","500","521","941","927","1289","1636","1579","1872",
"인천광역시","남자","68세","수급자수","","329","403","295","282","306","381","518","458","562","578","622","1060","1062","1361","1734","1648",
"인천광역시","남자","69세","수급자수","","274","341","402","313","294","346","397","533","498","640","683","725","1179","1117","1407","1834",
"인천광역시","남자","70 - 74세","수급자수","","1460","1517","1545","1690","1735","1741","2137","2094","2163","2719","3281","3875","4424","4942","5448","6230",
"인천광역시","남자","70세","수급자수","","328","296","351","407","333","411","392","409","544","601","742","786","826","1230","1169","1502",
"인천광역시","남자","71세","수급자수","","290","330","276","359","410","328","399","380","421","648","705","821","878","867","1311","1279",
"인천광역시","남자","72세","수급자수","","302","296","331","288","363","324","418","394","388","507","721","798","920","955","921","1424",
"인천광역시","남자","73세","수급자수","","282","302","288","341","289","308","500","416","398","480","582","838","876","976","1021","967",
"인천광역시","남자","74세","수급자수","","258","293","299","295","340","341","428","495","412","483","531","632","924","914","1026","1058",
"인천광역시","남자","75 - 79세","수급자수","","924","1033","1119","1290","1333","1449","1769","1862","2001","2523","2856","3178","3556","3850","4135","4685",
"인천광역시","남자","75세","수급자수","","250","268","277","304","291","422","365","432","492","521","543","602","710","966","948","1084",
"인천광역시","남자","76세","수급자수","","212","249","266","290","280","365","411","354","430","596","575","601","661","743","995","1013",
"인천광역시","남자","77세","수급자수","","170","208","232","261","288","305","360","399","342","522","683","643","649","699","759","1050",
"인천광역시","남자","78세","수급자수","","159","162","195","237","248","353","329","365","381","425","575","727","723","696","730","780",
"인천광역시","남자","79세","수급자수","","133","146","149","198","226","291","304","312","356","459","480","605","813","746","703","758",
"인천광역시","남자","80 - 84세","수급자수","","453","489","514","555","609","731","980","1091","1198","1751","2115","2371","2811","3238","3440","3548",
"인천광역시","남자","80세","수급자수","","120","129","133","149","178","284","277","294","296","439","497","512","660","858","737","708",
"인천광역시","남자","81세","수급자수","","103","114","113","124","140","277","245","264","274","375","501","540","582","695","867","745",
"인천광역시","남자","82세","수급자수","","90","104","95","102","117","244","192","229","247","349","421","517","580","582","690","861",
"인천광역시","남자","83세","수급자수","","69","79","97","93","90","221","142","171","228","310","379","423","549","572","576","683",
"인천광역시","남자","84세","수급자수","","71","63","76","87","84","171","124","133","153","278","317","379","440","531","570","551",
"인천광역시","남자","85 - 89세","수급자수","","233","229","229","236","253","272","319","353","404","600","834","1058","1378","1562","1798","1975",
"인천광역시","남자","85세","수급자수","","56","59","57","66","77","135","89","105","120","191","290","324","395","421","518","530",
"인천광역시","남자","86세","수급자수","","61","46","55","51","66","114","84","78","93","145","209","289","346","366","405","495",
"인천광역시","남자","87세","수급자수","","45","47","41","48","43","90","67","66","66","112","151","208","282","327","344","371",
"인천광역시","남자","88세","수급자수","","40","45","39","34","40","78","55","60","69","80","111","139","211","259","297","315",
"인천광역시","남자","89세","수급자수","","31","32","37","37","27","62","24","44","56","72","73","98","144","189","234","264",
"인천광역시","남자","90 - 94세","수급자수","","50","70","75","91","102","92","93","91","91","177","224","267","301","365","449","562",
"인천광역시","남자","90세","수급자수","","23","29","25","34","26","66","26","22","34","68","73","71","89","129","169","207",
"인천광역시","남자","91세","수급자수","","12","18","19","20","32","30","17","21","17","44","61","69","69","85","111","145",
"인천광역시","남자","92세","수급자수","","7","10","17","17","17","36","23","14","15","24","49","63","58","62","75","99",
"인천광역시","남자","93세","수급자수","","6","8","9","14","16","23","19","20","12","23","20","43","50","48","57","61",
"인천광역시","남자","94세","수급자수","","2","5","5","6","11","21","8","14","13","18","21","21","35","41","37","50",
"인천광역시","남자","95 - 99세","수급자수","","14","11","10","10","16","21","23","20","25","43","56","58","71","70","75","81",
"인천광역시","남자","95세","수급자수","","4","1","5","2","6","23","10","5","8","18","19","14","19","28","29","27",
"인천광역시","남자","96세","수급자수","","2","3","1","4","4","13","7","8","5","11","15","16","10","14","18","27",
"인천광역시","남자","97세","수급자수","","4","2","1","3","3","12","3","4","7","3","14","14","17","8","13","13",
"인천광역시","남자","98세","수급자수","","3","4","0","1","3","9","1","2","3","6","4","11","17","12","7","8",
"인천광역시","남자","99세","수급자수","","1","1","3","0","0","4","2","1","2","5","4","3","8","8","8","6",
"인천광역시","남자","100세 이상","수급자수","","5","4","3","5","4","2","4","4","3","4","9","8","9","13","15","16",
"인천광역시","여자","계","수급자수","","40010","40118","38899","38103","37714","37980","51222","52516","51434","58395","65095","76178","85423","89480","93733","99167",
"인천광역시","여자","0 - 4세","수급자수","","708","705","701","687","693","698","945","877","824","897","1018","1170","1193","1133","1147","1177",
"인천광역시","여자","0세","수급자수","","76","100","106","110","83","80","101","90","73","106","107","127","122","91","120","130",
"인천광역시","여자","1세","수급자수","","120","122","141","138","148","118","154","146","141","144","194","214","211","176","181","205",
"인천광역시","여자","2세","수급자수","","153","136","127","146","153","163","182","189","175","175","201","251","252","261","215","223",
"인천광역시","여자","3세","수급자수","","161","173","145","137","163","170","245","194","213","223","235","260","292","294","295","268",
"인천광역시","여자","4세","수급자수","","198","174","182","156","146","167","263","258","222","249","281","318","316","311","336","351",
"인천광역시","여자","5 - 9세","수급자수","","1637","1422","1201","1128","1078","1057","2360","2584","2370","2382","2585","2930","3111","2946","2861","2900",
"인천광역시","여자","5세","수급자수","","221","204","166","195","179","164","259","287","273","273","303","368","404","350","367","400",
"인천광역시","여자","6세","수급자수","","259","234","211","182","200","201","220","279","294","340","325","388","440","465","411","439",
"인천광역시","여자","7세","수급자수","","305","279","221","228","191","220","590","538","533","575","635","613","681","618","606","598",
"인천광역시","여자","8세","수급자수","","379","311","279","233","252","21","685","693","587","569","668","765","726","724","700","687",
"인천광역시","여자","9세","수급자수","","473","394","324","290","256","8","606","787","683","625","654","796","860","789","777","776",
"인천광역시","여자","10 - 14세","수급자수","","3295","3058","2729","2414","2235","1989","4333","4529","4035","3798","3839","4259","4677","4760","4777","4887",
"인천광역시","여자","10세","수급자수","","573","493","400","354","314","5","690","693","759","705","676","776","911","907","838","850",
"인천광역시","여자","11세","수급자수","","520","563","506","406","364","206","714","809","668","769","759","788","882","964","958","892",
"인천광역시","여자","12세","수급자수","","665","536","575","520","424","266","854","826","774","703","826","876","875","924","1033","1005",
"인천광역시","여자","13세","수급자수","","736","698","548","573","553","264","1010","1040","827","777","766","941","977","922","994","1091",
"인천광역시","여자","14세","수급자수","","801","768","700","561","580","332","1065","1161","1007","844","812","878","1032","1043","954","1049",
"인천광역시","여자","15 - 19세","수급자수","","4628","4576","4343","3987","3612","3435","6659","6892","6114","5675","5217","5262","5278","5215","5225","5270",
"인천광역시","여자","15세","수급자수","","866","869","769","706","575","386","1400","1226","1144","1030","901","945","961","1080","1071","997",
"인천광역시","여자","16세","수급자수","","1037","907","870","778","731","442","1436","1662","1231","1132","1079","1083","1056","1007","1159","1148",
"인천광역시","여자","17세","수급자수","","1022","1044","902","869","790","565","1484","1606","1609","1242","1118","1169","1141","1064","1034","1198",
"인천광역시","여자","18세","수급자수","","972","963","1010","851","816","608","1498","1569","1431","1461","1219","1191","1205","1176","1100","1063",
"인천광역시","여자","19세","수급자수","","731","793","792","783","700","608","841","829","699","810","900","874","915","888","861","864",
"인천광역시","여자","20 - 24세","수급자수","","1510","1709","1815","1833","1920","2041","2488","2481","2411","2516","2676","3337","3492","3383","3460","3574",
"인천광역시","여자","20세","수급자수","","539","626","660","640","674","755","728","750","710","630","732","930","844","875","862","830",
"인천광역시","여자","21세","수급자수","","392","421","477","474","508","770","596","595","596","655","575","742","886","724","801","836",
"인천광역시","여자","22세","수급자수","","263","314","324","339","361","694","491","493","455","534","570","618","703","760","649","738",
"인천광역시","여자","23세","수급자수","","187","204","221","227","229","620","392","352","381","378","462","566","540","584","637","607",
"인천광역시","여자","24세","수급자수","","129","144","133","153","148","524","281","291","269","319","337","481","519","440","511","563",
"인천광역시","여자","25 - 29세","수급자수","","500","507","506","462","459","525","698","767","832","995","1208","1570","1739","1833","1796","1971",
"인천광역시","여자","25세","수급자수","","81","104","115","112","112","429","181","212","237","263","291","367","426","471","393","453",
"인천광역시","여자","26세","수급자수","","76","72","90","99","101","283","147","153","178","194","248","309","361","361","412","376",
"인천광역시","여자","27세","수급자수","","110","93","80","93","86","185","130","129","154","194","211","294","301","329","337","414",
"인천광역시","여자","28세","수급자수","","116","114","96","68","83","129","123","131","134","171","240","287","324","312","316","359",
"인천광역시","여자","29세","수급자수","","117","124","125","90","77","99","117","142","129","173","218","313","327","360","338","369",
"인천광역시","여자","30 - 34세","수급자수","","1023","905","840","809","762","715","910","905","872","999","1236","1661","1989","2037","2247","2518",
"인천광역시","여자","30세","수급자수","","150","124","135","138","106","108","142","142","164","155","229","292","405","369","403","418",
"인천광역시","여자","31세","수급자수","","185","160","126","146","139","89","138","145","152","201","225","348","373","440","455","488",
"인천광역시","여자","32세","수급자수","","170","204","161","149","163","100","162","160","158","201","252","322","396","400","466","535",
"인천광역시","여자","33세","수급자수","","214","195","211","163","158","85","226","188","174","206","245","343","382","422","441","559",
"인천광역시","여자","34세","수급자수","","304","222","207","213","196","120","242","270","224","236","285","356","433","406","482","518",
"인천광역시","여자","35 - 39세","수급자수","","2358","2223","1859","1627","1409","1372","1733","1660","1648","1880","2131","2662","2879","2794","2838","2997",
"인천광역시","여자","35세","수급자수","","307","311","234","213","220","156","274","269","298","291","314","391","420","467","473","569",
"인천광역시","여자","36세","수급자수","","450","342","306","248","226","177","293","301","301","376","382","453","462","459","530","519",
"인천광역시","여자","37세","수급자수","","475","476","340","319","274","177","352","306","326","381","469","537","553","530","526","591",
"인천광역시","여자","38세","수급자수","","555","507","480","355","325","210","389","367","342","403","473","620","674","599","614","620",
"인천광역시","여자","39세","수급자수","","571","587","499","492","364","241","425","417","381","429","493","661","770","739","695","698",
"인천광역시","여자","40 - 44세","수급자수","","3431","3346","3207","2988","2873","2663","3192","2940","2704","2845","3022","3732","4328","4532","4819","4937",
"인천광역시","여자","40세","수급자수","","643","584","569","506","505","260","484","434","424","465","549","664","807","845","832","774",
"인천광역시","여자","41세","수급자수","","708","667","601","572","526","313","536","498","458","510","553","718","828","908","935","930",
"인천광역시","여자","42세","수급자수","","739","726","655","598","595","348","706","546","500","551","603","745","862","900","1007","1047",
"인천광역시","여자","43세","수급자수","","642","736","691","645","599","393","700","729","577","618","615","798","886","944","1002","1098",
"인천광역시","여자","44세","수급자수","","699","633","691","667","648","532","766","733","745","701","702","807","945","935","1043","1088",
"인천광역시","여자","45 - 49세","수급자수","","3140","3208","3110","2959","2976","3052","3697","3866","3771","4167","4370","5138","5406","5348","5306","5563",
"인천광역시","여자","45세","수급자수","","657","687","613","670","643","530","748","776","724","840","789","888","907","974","1029","1154",
"인천광역시","여자","46세","수급자수","","631","635","660","578","653","610","811","748","771","807","943","998","1024","958","1026","1082",
"인천광역시","여자","47세","수급자수","","680","635","606","599","552","598","773","813","737","841","877","1117","1087","1065","1015","1106",
"인천광역시","여자","48세","수급자수","","580","685","592","565","591","655","745","780","784","831","889","1073","1219","1125","1099","1073",
"인천광역시","여자","49세","수급자수","","592","566","639","547","537","648","620","749","755","848","872","1062","1169","1226","1137","1148",
"인천광역시","여자","50 - 54세","수급자수","","2246","2413","2536","2620","2616","2700","3179","3151","3205","3639","4111","5068","5734","6011","6179","6338",
"인천광역시","여자","50세","수급자수","","485","600","554","603","510","636","673","613","734","835","896","1057","1163","1212","1255","1171",
"인천광역시","여자","51세","수급자수","","493","489","576","526","587","542","614","656","603","782","883","1072","1177","1192","1255","1310",
"인천광역시","여자","52세","수급자수","","469","477","474","558","515","571","598","605","645","661","842","1067","1147","1214","1211","1284",
"인천광역시","여자","53세","수급자수","","378","464","480","455","544","520","676","606","625","702","717","1004","1146","1191","1228","1276",
"인천광역시","여자","54세","수급자수","","421","383","452","478","460","507","618","671","598","659","773","868","1101","1202","1230","1297",
"인천광역시","여자","55 - 59세","수급자수","","1541","1733","1901","1998","2175","2341","2908","3169","3321","3738","4082","4805","5229","5378","5779","6148",
"인천광역시","여자","55세","수급자수","","362","425","374","456","463","590","661","627","681","641","732","924","978","1134","1223","1277",
"인천광역시","여자","56세","수급자수","","298","372","433","373","464","529","589","688","649","762","706","929","1036","1003","1204","1256",
"인천광역시","여자","57세","수급자수","","363","313","381","448","381","554","571","612","699","765","845","858","1049","1074","1061","1259",
"인천광역시","여자","58세","수급자수","","223","388","316","386","475","483","590","625","649","801","873","1047","975","1103","1124","1150",
"인천광역시","여자","59세","수급자수","","295","235","397","335","392","477","497","617","643","769","926","1047","1191","1064","1167","1206",
"인천광역시","여자","60 - 64세","수급자수","","1729","1762","1666","1739","1789","1899","2556","2910","3052","3857","4582","5616","6460","6936","7047","7244",
"인천광역시","여자","60세","수급자수","","353","307","240","431","351","469","612","565","651","749","901","1157","1224","1293","1139","1239",
"인천광역시","여자","61세","수급자수","","309","363","311","240","435","413","522","648","606","801","866","1130","1346","1346","1383","1236",
"인천광역시","여자","62세","수급자수","","382","319","372","321","263","499","472","565","692","742","939","1106","1288","1447","1452","1521",
"인천광역시","여자","63세","수급자수","","340","412","337","381","340","415","566","512","585","856","852","1165","1279","1434","1553","1574",
"인천광역시","여자","64세","수급자수","","345","361","406","366","400","375","384","620","518","709","1024","1058","1323","1416","1520","1674",
"인천광역시","여자","65 - 69세","수급자수","","3028","2909","2696","2516","2521","2595","3119","3089","3156","3825","4501","5633","6984","7698","8557","9304",
"인천광역시","여자","65세","수급자수","","436","405","411","485","438","463","500","448","714","726","937","1333","1385","1519","1648","1744",
"인천광역시","여자","66세","수급자수","","542","481","422","443","558","288","606","548","480","885","892","1152","1594","1573","1682","1835",
"인천광역시","여자","67세","수급자수","","723","554","513","450","490","358","623","648","592","634","1059","1045","1346","1749","1711","1836",
"인천광역시","여자","68세","수급자수","","655","782","562","544","472","484","751","665","674","719","759","1241","1218","1515","1871","1862",
"인천광역시","여자","69세","수급자수","","672","687","788","594","563","485","639","780","696","861","854","862","1441","1342","1645","2027",
"인천광역시","여자","70 - 74세","수급자수","","3272","3419","3382","3591","3556","3543","3910","3773","3633","4467","5066","5737","6235","6757","7169","7934",
"인천광역시","여자","70세","수급자수","","680","670","687","794","610","599","600","662","800","866","997","1005","963","1583","1456","1784",
"인천광역시","여자","71세","수급자수","","666","698","682","705","821","527","715","617","673","992","996","1127","1165","1048","1697","1596",
"인천광역시","여자","72세","수급자수","","647","708","672","709","720","500","761","732","635","859","1123","1141","1278","1272","1127","1851",
"인천광역시","여자","73세","수급자수","","655","663","695","676","709","599","968","785","745","815","1005","1322","1327","1419","1380","1210",
"인천광역시","여자","74세","수급자수","","624","680","646","707","696","638","866","977","780","935","945","1142","1502","1435","1509","1493",
"인천광역시","여자","75 - 79세","수급자수","","2757","2847","2976","3074","3224","3291","3804","3961","4205","5181","5977","6468","7038","7328","7793","8291",
"인천광역시","여자","75세","수급자수","","627","619","674","653","722","848","820","856","978","980","1075","1086","1306","1680","1540","1667",
"인천광역시","여자","76세","수급자수","","568","636","608","662","642","736","778","815","851","1222","1108","1215","1235","1413","1814","1652",
"인천광역시","여자","77세","수급자수","","567","568","636","619","654","722","822","777","809","1057","1415","1239","1354","1312","1522","1886",
"인천광역시","여자","78세","수급자수","","476","555","530","625","599","694","705","817","769","977","1256","1546","1398","1435","1396","1612",
"인천광역시","여자","79세","수급자수","","519","469","528","515","607","727","679","696","798","945","1123","1382","1745","1488","1521","1474",
"인천광역시","여자","80 - 84세","수급자수","","1906","2032","2049","2158","2199","2312","2668","2851","2960","4206","5094","5758","6848","7716","8062","8532",
"인천광역시","여자","80세","수급자수","","491","503","426","510","499","655","643","676","676","996","1099","1239","1550","1862","1535","1594",
"인천광역시","여자","81세","수급자수","","431","468","482","423","502","635","614","607","655","879","1114","1208","1405","1605","1943","1631",
"인천광역시","여자","82세","수급자수","","402","403","423","466","387","580","539","574","597","844","1000","1191","1367","1444","1656","2048",
"인천광역시","여자","83세","수급자수","","309","368","380","417","434","569","504","512","540","806","955","1094","1329","1421","1487","1742",
"인천광역시","여자","84세","수급자수","","273","290","338","342","377","477","368","482","492","681","926","1026","1197","1384","1441","1517",
"인천광역시","여자","85 - 89세","수급자수","","925","967","988","1071","1140","1252","1463","1478","1579","2272","2940","3589","4529","4995","5648","6173",
"인천광역시","여자","85세","수급자수","","236","244","257","304","323","485","417","330","447","602","770","980","1145","1213","1441","1457",
"인천광역시","여자","86세","수급자수","","233","221","224","235","274","365","352","375","317","532","665","798","1079","1170","1204","1417",
"인천광역시","여자","87세","수급자수","","192","199","185","210","213","416","269","294","338","414","614","690","858","1037","1146","1210",
"인천광역시","여자","88세","수급자수","","160","165","176","171","192","351","259","249","260","405","457","641","765","853","1025","1115",
"인천광역시","여자","89세","수급자수","","104","138","146","151","138","289","166","230","217","319","434","480","682","722","832","974",
"인천광역시","여자","90 - 94세","수급자수","","280","290","322","356","392","414","491","504","598","837","1156","1412","1813","2128","2363","2650",
"인천광역시","여자","90세","수급자수","","67","101","118","124","119","256","158","147","200","247","353","447","544","654","680","775",
"인천광역시","여자","91세","수급자수","","65","49","87","104","103","183","113","136","132","223","277","331","458","511","604","610",
"인천광역시","여자","92세","수급자수","","82","51","40","68","88","173","89","96","121","161","232","266","337","420","438","546",
"인천광역시","여자","93세","수급자수","","35","60","37","33","54","116","68","80","83","126","166","210","276","289","377","385",
"인천광역시","여자","94세","수급자수","","31","29","40","27","28","107","63","45","62","80","128","158","198","254","264","334",
"인천광역시","여자","95 - 99세","수급자수","","75","68","57","70","69","72","93","110","120","183","248","327","404","475","572","652",
"인천광역시","여자","95세","수급자수","","19","19","16","33","24","78","33","51","40","70","81","119","151","180","214","229",
"인천광역시","여자","96세","수급자수","","23","13","15","13","28","71","17","21","49","46","70","76","100","124","156","165",
"인천광역시","여자","97세","수급자수","","18","16","9","9","8","42","17","11","14","42","47","59","64","83","95","130",
"인천광역시","여자","98세","수급자수","","11","12","9","8","6","17","19","13","8","14","36","40","55","50","69","72",
"인천광역시","여자","99세","수급자수","","4","8","8","7","3","21","7","14","9","11","14","33","34","38","38","56",
"인천광역시","여자","100세 이상","수급자수","","21","19","15","16","16","14","16","19","24","36","36","44","57","77","88","107",
"광주광역시","계","계","수급자수","","62480","62714","59470","57528","56861","56432","68575","66295","62716","69930","73489","82306","89117","91755","94051","97765",
"광주광역시","계","0 - 4세","수급자수","","1492","1627","1516","1482","1402","1384","1645","1476","1282","1321","1372","1474","1429","1398","1393","1370",
"광주광역시","계","0세","수급자수","","201","338","251","234","182","169","226","168","132","154","165","152","142","164","160","150",
"광주광역시","계","1세","수급자수","","261","269","334","289","250","229","279","270","229","194","232","266","245","205","259","243",
"광주광역시","계","2세","수급자수","","311","296","276","362","311","293","321","287","274","289","241","310","321","279","267","304",
"광주광역시","계","3세","수급자수","","337","355","301","286","353","326","385","335","308","316","337","313","358","364","309","319",
"광주광역시","계","4세","수급자수","","382","369","354","311","306","367","434","416","339","368","397","433","363","386","398","354",
"광주광역시","계","5 - 9세","수급자수","","3593","3118","2638","2410","2229","2035","3799","3815","3509","3500","3628","3866","4080","3826","3677","3442",
"광주광역시","계","5세","수급자수","","492","405","379","379","334","326","478","440","433","410","429","499","511","416","451","447",
"광주광역시","계","6세","수급자수","","582","517","406","399","417","356","450","492","469","489","490","553","578","559","484","516",
"광주광역시","계","7세","수급자수","","658","611","514","436","425","428","901","854","832","795","854","859","895","835","793","663",
"광주광역시","계","8세","수급자수","","851","696","628","547","465","9","972","946","871","892","874","971","1003","954","910","864",
"광주광역시","계","9세","수급자수","","1010","889","711","649","588","11","998","1083","904","914","981","984","1093","1062","1039","952",
"광주광역시","계","10 - 14세","수급자수","","7370","6884","6152","5386","4840","4252","6601","6197","5600","5274","5128","5648","5907","5997","6166","6236",
"광주광역시","계","10세","수급자수","","1161","1060","902","737","675","6","1015","1044","1050","914","940","1098","1086","1125","1123","1085",
"광주광역시","계","11세","수급자수","","1322","1197","1088","897","759","453","1183","1056","995","1032","938","1077","1199","1145","1190","1181",
"광주광역시","계","12세","수급자수","","1484","1378","1209","1115","963","472","1310","1228","1013","1037","1076","1049","1179","1265","1224","1271",
"광주광역시","계","13세","수급자수","","1624","1566","1379","1250","1153","614","1425","1401","1205","1065","1092","1203","1155","1265","1347","1296",
"광주광역시","계","14세","수급자수","","1779","1683","1574","1387","1290","697","1668","1468","1337","1226","1082","1221","1288","1197","1282","1403",
"광주광역시","계","15 - 19세","수급자수","","9865","9889","9313","8629","8303","7664","10794","10139","8689","7949","7255","7076","6859","6710","6426","6495",
"광주광역시","계","15세","수급자수","","2047","1868","1704","1586","1438","782","2008","1768","1418","1381","1233","1219","1288","1357","1251","1328",
"광주광역시","계","16세","수급자수","","2042","2145","1890","1715","1653","977","2260","2204","1775","1494","1453","1436","1307","1326","1396","1324",
"광주광역시","계","17세","수급자수","","2262","2078","2128","1826","1753","1182","2444","2318","2065","1782","1516","1574","1488","1344","1336","1425",
"광주광역시","계","18세","수급자수","","1981","2200","1925","1990","1771","1306","2457","2343","2060","2013","1704","1583","1624","1492","1340","1378",
"광주광역시","계","19세","수급자수","","1533","1598","1666","1512","1688","1490","1625","1506","1371","1279","1349","1264","1152","1191","1103","1040",
"광주광역시","계","20 - 24세","수급자수","","3496","3770","3737","3985","4311","4671","5241","4965","4524","4820","4810","5313","5315","5013","4899","4733",
"광주광역시","계","20세","수급자수","","1072","1118","1103","1185","1153","1662","1294","1188","1100","1116","1025","1136","1025","930","956","869",
"광주광역시","계","21세","수급자수","","792","909","891","978","1084","1683","1213","1079","961","1043","1056","1094","1142","999","961","968",
"광주광역시","계","22세","수급자수","","698","772","786","822","952","1523","1115","1155","1006","1058","1079","1192","1178","1158","1027","1006",
"광주광역시","계","23세","수급자수","","539","566","553","579","659","1246","929","853","825","877","902","1014","1068","1027","1034","950",
"광주광역시","계","24세","수급자수","","395","405","404","421","463","1033","690","690","632","726","748","877","902","899","921","940",
"광주광역시","계","25 - 29세","수급자수","","1219","1231","1093","1079","1086","1194","1381","1447","1466","1693","1822","2326","2609","2651","2726","2963",
"광주광역시","계","25세","수급자수","","281","309","286","293","319","1058","431","512","494","532","583","680","757","748","719","798",
"광주광역시","계","26세","수급자수","","244","241","223","227","230","806","315","307","339","384","384","545","567","587","619","656",
"광주광역시","계","27세","수급자수","","230","237","187","199","197","528","245","257","234","313","349","393","520","500","497","566",
"광주광역시","계","28세","수급자수","","227","231","192","171","180","366","194","194","215","222","277","367","391","461","443","496",
"광주광역시","계","29세","수급자수","","237","213","205","189","160","267","196","177","184","242","229","341","374","355","448","447",
"광주광역시","계","30 - 34세","수급자수","","1497","1485","1338","1252","1209","1159","1327","1187","1062","1225","1449","1804","2123","2198","2319","2525",
"광주광역시","계","30세","수급자수","","220","237","202","215","183","194","202","197","183","219","282","301","451","412","420","524",
"광주광역시","계","31세","수급자수","","248","247","249","222","222","185","221","203","199","235","262","366","364","489","473","452",
"광주광역시","계","32세","수급자수","","342","277","259","254","250","182","252","230","202","249","286","360","427","377","509","517",
"광주광역시","계","33세","수급자수","","322","361","266","261","271","181","305","249","228","258","307","387","424","458","427","550",
"광주광역시","계","34세","수급자수","","365","363","362","300","283","185","347","308","250","264","312","390","457","462","490","482",
"광주광역시","계","35 - 39세","수급자수","","3447","3061","2601","2335","2098","1930","2288","2161","2001","2221","2329","2743","3004","2926","2947","3049",
"광주광역시","계","35세","수급자수","","486","390","339","379","315","238","386","362","323","334","332","418","466","486","518","558",
"광주광역시","계","36세","수급자수","","581","532","395","359","398","263","419","394","379","412","414","444","524","525","551","559",
"광주광역시","계","37세","수급자수","","670","617","543","402","366","292","442","419","429","439","471","551","550","556","561","614",
"광주광역시","계","38세","수급자수","","764","712","618","566","434","313","544","436","424","514","509","664","670","631","621","625",
"광주광역시","계","39세","수급자수","","946","810","706","629","585","346","497","550","446","522","603","666","794","728","696","693",
"광주광역시","계","40 - 44세","수급자수","","5592","5502","5059","4615","4206","3908","4126","3652","3227","3400","3485","4163","4561","4743","4895","4982",
"광주광역시","계","40세","수급자수","","968","964","819","732","637","427","620","522","553","571","624","785","782","887","830","788",
"광주광역시","계","41세","수급자수","","1100","1025","931","810","763","383","763","622","516","661","647","802","904","871","980","904",
"광주광역시","계","42세","수급자수","","1112","1131","1023","950","827","461","824","752","617","608","712","820","947","997","946","1077",
"광주광역시","계","43세","수급자수","","1204","1160","1119","1013","955","634","937","818","729","724","702","883","924","1001","1069","1054",
"광주광역시","계","44세","수급자수","","1208","1222","1167","1110","1024","668","982","938","812","836","800","873","1004","987","1070","1159",
"광주광역시","계","45 - 49세","수급자수","","5993","5983","5648","5498","5511","5535","5977","5562","5143","5380","5438","5917","5936","5914","5763","5888",
"광주광역시","계","45세","수급자수","","1163","1244","1172","1140","1133","774","1148","964","919","939","949","954","983","1085","1047","1209",
"광주광역시","계","46세","수급자수","","1230","1168","1183","1122","1153","841","1166","1115","950","1030","1008","1160","1042","1042","1114","1110",
"광주광역시","계","47세","수급자수","","1124","1222","1078","1122","1104","991","1242","1128","1076","1078","1092","1183","1254","1116","1099","1176",
"광주광역시","계","48세","수급자수","","1221","1136","1139","1033","1107","1030","1260","1163","1093","1175","1169","1271","1304","1307","1143","1172",
"광주광역시","계","49세","수급자수","","1255","1213","1076","1081","1014","1140","1161","1192","1105","1158","1220","1349","1353","1364","1360","1221",
"광주광역시","계","50 - 54세","수급자수","","4456","4887","5021","5002","5199","5272","5529","5267","5265","5695","6033","6852","7526","7528","7445","7660",
"광주광역시","계","50세","수급자수","","1092","1221","1141","1038","1057","1166","1165","1085","1173","1179","1224","1388","1477","1410","1384","1416",
"광주광역시","계","51세","수급자수","","926","1090","1158","1083","1011","1106","1050","1102","1051","1251","1227","1365","1505","1498","1452","1433",
"광주광역시","계","52세","수급자수","","899","896","1011","1113","1080","1093","1124","1004","1050","1104","1289","1403","1467","1565","1532","1542",
"광주광역시","계","53세","수급자수","","770","896","868","948","1123","1020","1064","1057","970","1123","1136","1423","1521","1494","1574","1614",
"광주광역시","계","54세","수급자수","","769","784","843","820","928","1053","1126","1019","1021","1038","1157","1273","1556","1561","1503","1655",
"광주광역시","계","55 - 59세","수급자수","","2625","2984","3148","3312","3630","4035","4815","5038","5025","5798","5937","6533","7004","7399","7621","7992",
"광주광역시","계","55세","수급자수","","623","781","772","789","805","1014","1175","1093","994","1133","1076","1283","1384","1577","1583","1565",
"광주광역시","계","56세","수급자수","","486","642","721","749","799","1063","1024","1134","1041","1088","1157","1226","1392","1468","1574","1669",
"광주광역시","계","57세","수급자수","","588","505","610","702","732","1122","885","1033","1116","1154","1126","1319","1351","1452","1520","1626",
"광주광역시","계","58세","수급자수","","470","580","485","593","705","930","915","878","1002","1270","1215","1313","1437","1414","1478","1595",
"광주광역시","계","59세","수급자수","","458","476","560","479","589","824","816","900","872","1153","1363","1392","1440","1488","1466","1537",
"광주광역시","계","60 - 64세","수급자수","","2289","2457","2419","2437","2471","2690","3273","3589","3865","4910","5591","6702","7588","8023","8411","8610",
"광주광역시","계","60세","수급자수","","529","476","458","563","476","821","793","798","915","998","1241","1554","1568","1498","1575","1520",
"광주광역시","계","61세","수급자수","","436","528","463","458","568","747","714","813","830","1062","1089","1391","1708","1649","1572","1642",
"광주광역시","계","62세","수급자수","","529","454","511","456","461","713","551","726","826","964","1133","1245","1524","1813","1713","1656",
"광주광역시","계","63세","수급자수","","428","559","448","509","450","628","675","565","728","986","1059","1303","1365","1608","1859","1785",
"광주광역시","계","64세","수급자수","","367","440","539","451","516","503","540","687","566","900","1069","1209","1423","1455","1692","2007",
"광주광역시","계","65 - 69세","수급자수","","2695","2640","2511","2488","2548","2735","3214","3213","3294","4133","4676","5563","6520","7159","7846","8566",
"광주광역시","계","65세","수급자수","","430","410","462","579","496","596","593","586","724","750","1061","1298","1410","1583","1559","1830",
"광주광역시","계","66세","수급자수","","466","466","430","487","620","491","680","596","613","944","866","1228","1501","1489","1647","1648",
"광주광역시","계","67세","수급자수","","648","495","465","445","512","472","636","682","625","785","1030","965","1318","1563","1581","1745",
"광주광역시","계","68세","수급자수","","571","675","494","474","448","558","722","642","690","791","849","1129","1055","1409","1614","1657",
"광주광역시","계","69세","수급자수","","580","594","660","503","472","540","583","707","642","863","870","943","1236","1115","1445","1686",
"광주광역시","계","70 - 74세","수급자수","","2595","2720","2804","2917","2937","2852","2957","2840","2792","3828","4399","4955","5411","5735","5998","6453",
"광주광역시","계","70세","수급자수","","556","601","585","666","503","645","506","579","703","805","980","959","1022","1266","1161","1504",
"광주광역시","계","71세","수급자수","","515","574","598","582","694","531","521","501","569","891","856","1069","1026","1067","1344","1196",
"광주광역시","계","72세","수급자수","","521","527","580","598","588","461","570","504","496","772","993","943","1180","1093","1115","1398",
"광주광역시","계","73세","수급자수","","474","536","519","558","595","478","730","552","503","684","832","1076","1027","1229","1127","1183",
"광주광역시","계","74세","수급자수","","529","482","522","513","557","517","630","704","521","676","738","908","1156","1080","1251","1172",
"광주광역시","계","75 - 79세","수급자수","","2038","2114","2092","2255","2310","2414","2660","2704","2814","3959","4284","4550","4889","5031","5339","5894",
"광주광역시","계","75세","수급자수","","451","523","441","522","496","685","616","614","683","686","722","775","989","1233","1113","1287",
"광주광역시","계","76세","수급자수","","451","454","489","441","504","592","589","577","597","968","777","793","886","1030","1284","1166",
"광주광역시","계","77세","수급자수","","373","442","437","471","442","580","519","559","553","837","1048","851","844","922","1055","1342",
"광주광역시","계","78세","수급자수","","359","358","400","425","449","553","505","480","524","751","911","1150","898","905","960","1110",
"광주광역시","계","79세","수급자수","","404","337","325","396","419","504","431","474","457","717","826","981","1272","941","927","989",
"광주광역시","계","80 - 84세","수급자수","","1275","1405","1441","1474","1530","1546","1670","1734","1805","2818","3344","3783","4536","5137","5348","5453",
"광주광역시","계","80세","수급자수","","365","375","316","308","369","488","442","400","437","643","785","859","1091","1320","957","961",
"광주광역시","계","81세","수급자수","","272","351","350","296","294","431","406","396","374","643","706","851","944","1120","1344","983",
"광주광역시","계","82세","수급자수","","252","268","322","330","273","438","320","390","372","549","688","754","906","954","1131","1381",
"광주광역시","계","83세","수급자수","","194","232","256","310","309","411","269","291","353","517","599","705","826","942","969","1151",
"광주광역시","계","84세","수급자수","","192","179","197","230","285","334","233","257","269","466","566","614","769","801","947","977",
"광주광역시","계","85 - 89세","수급자수","","668","676","648","670","685","796","906","924","952","1400","1718","2060","2590","2957","3231","3594",
"광주광역시","계","85세","수급자수","","151","172","155","180","200","269","264","217","231","355","489","588","650","760","797","914",
"광주광역시","계","86세","수급자수","","178","133","150","141","165","251","233","241","200","304","374","498","633","626","746","773",
"광주광역시","계","87세","수급자수","","148","170","104","128","122","281","178","195","211","261","311","377","552","638","611","731",
"광주광역시","계","88세","수급자수","","103","112","153","91","114","259","134","155","176","268","278","327","413","531","596","594",
"광주광역시","계","89세","수급자수","","88","89","86","130","84","191","97","116","134","212","266","270","342","402","481","582",
"광주광역시","계","90 - 94세","수급자수","","204","209","220","236","292","289","296","296","312","479","654","794","994","1143","1267","1460",
"광주광역시","계","90세","수급자수","","68","67","75","70","114","141","82","82","97","167","222","260","288","318","373","456",
"광주광역시","계","91세","수급자수","","52","59","52","65","60","118","57","77","73","106","164","201","260","255","299","346",
"광주광역시","계","92세","수급자수","","33","33","48","46","50","87","79","43","61","91","109","151","208","242","232","266",
"광주광역시","계","93세","수급자수","","31","25","27","37","39","68","42","62","31","75","85","96","149","191","214","209",
"광주광역시","계","94세","수급자수","","20","25","18","18","29","97","36","32","50","40","74","86","89","137","149","183",
"광주광역시","계","95 - 99세","수급자수","","59","58","57","56","53","58","61","72","77","110","117","156","209","235","290","355",
"광주광역시","계","95세","수급자수","","19","18","20","14","14","49","25","27","30","37","31","59","74","71","114","138",
"광주광역시","계","96세","수급자수","","13","17","15","18","10","40","14","19","19","36","36","33","62","69","69","93",
"광주광역시","계","97세","수급자수","","12","8","13","13","14","35","7","12","14","17","26","31","24","51","60","54",
"광주광역시","계","98세","수급자수","","9","7","6","7","8","23","5","7","8","14","14","26","31","17","37","43",
"광주광역시","계","99세","수급자수","","6","8","3","4","7","9","10","7","6","6","10","7","18","27","10","27",
"광주광역시","계","100세 이상","수급자수","","12","14","14","10","11","13","15","17","12","17","20","28","27","32","44","45",
"광주광역시","남자","계","수급자수","","26747","26737","25301","24506","24299","24326","30563","29855","28485","31056","32515","36391","39354","40419","41508","43347",
"광주광역시","남자","0 - 4세","수급자수","","781","834","774","762","720","706","860","786","675","691","701","734","702","690","705","689",
"광주광역시","남자","0세","수급자수","","101","163","134","129","95","92","106","85","69","75","91","69","67","81","91","69",
"광주광역시","남자","1세","수급자수","","135","132","159","156","134","123","153","143","119","103","121","146","115","97","139","139",
"광주광역시","남자","2세","수급자수","","165","149","142","168","169","157","166","165","142","142","117","156","161","126","127","158",
"광주광역시","남자","3세","수급자수","","192","186","148","145","163","165","208","164","177","161","167","146","180","185","143","155",
"광주광역시","남자","4세","수급자수","","188","204","191","164","159","169","227","229","168","210","205","217","179","201","205","168",
"광주광역시","남자","5 - 9세","수급자수","","1862","1598","1390","1266","1174","1059","1932","1984","1826","1807","1914","2009","2102","1979","1863","1755",
"광주광역시","남자","5세","수급자수","","264","202","211","189","180","167","228","243","231","207","251","266","246","211","238","227",
"광주광역시","남자","6세","수급자수","","311","277","202","223","210","192","232","238","247","257","252","306","301","267","251","266",
"광주광역시","남자","7세","수급자수","","332","326","278","205","241","216","455","447","424","420","460","431","464","451","368","348",
"광주광역시","남자","8세","수급자수","","421","349","335","297","226","1","495","493","451","446","444","513","512","495","476","413",
"광주광역시","남자","9세","수급자수","","534","444","364","352","317","0","522","563","473","477","507","493","579","555","530","501",
"광주광역시","남자","10 - 14세","수급자수","","3715","3502","3073","2702","2453","2185","3438","3238","2950","2742","2638","2899","3031","3103","3189","3220",
"광주광역시","남자","10세","수급자수","","599","544","460","375","365","0","523","552","541","463","479","558","556","601","576","555",
"광주광역시","남자","11세","수급자수","","629","617","552","466","385","247","653","544","518","529","479","556","624","583","646","597",
"광주광역시","남자","12세","수급자수","","722","669","610","555","496","237","693","659","534","543","548","535","616","653","614","689",
"광주광역시","남자","13세","수급자수","","865","773","678","625","574","336","726","734","647","565","574","605","584","654","697","656",
"광주광역시","남자","14세","수급자수","","900","899","773","681","633","368","843","749","710","642","558","645","651","612","656","723",
"광주광역시","남자","15 - 19세","수급자수","","4852","4817","4591","4252","4078","3743","5396","5056","4362","3993","3662","3561","3478","3395","3253","3275",
"광주광역시","남자","15세","수급자수","","1013","934","899","782","710","397","1030","898","726","717","654","624","673","686","629","681",
"광주광역시","남자","16세","수급자수","","1026","1055","926","899","823","494","1133","1140","888","759","758","741","663","693","705","663",
"광주광역시","남자","17세","수급자수","","1154","1042","1056","886","907","590","1193","1161","1069","901","769","814","758","688","684","721",
"광주광역시","남자","18세","수급자수","","955","1086","956","984","847","641","1244","1148","1023","1013","849","792","846","758","688","709",
"광주광역시","남자","19세","수급자수","","704","700","754","701","791","732","796","709","656","603","632","590","538","570","547","501",
"광주광역시","남자","20 - 24세","수급자수","","1415","1502","1473","1602","1772","1982","2268","2190","1966","2100","2115","2340","2324","2165","2142","2079",
"광주광역시","남자","20세","수급자수","","375","357","327","390","387","818","474","453","405","410","375","403","352","307","350","320",
"광주광역시","남자","21세","수급자수","","254","311","288","318","373","862","411","378","347","378","379","422","447","367","368","372",
"광주광역시","남자","22세","수급자수","","296","337","354","362","424","690","495","506","430","474","485","543","529","518","452","447",
"광주광역시","남자","23세","수급자수","","269","275","278","298","338","428","508","446","429","438","471","508","518","506","492","451",
"광주광역시","남자","24세","수급자수","","221","222","226","234","250","346","380","407","355","400","405","464","478","467","480","489",
"광주광역시","남자","25 - 29세","수급자수","","615","618","547","547","554","627","736","758","791","897","950","1171","1306","1317","1356","1468",
"광주광역시","남자","25세","수급자수","","160","188","166","167","180","498","256","273","291","296","317","362","395","383","379","404",
"광주광역시","남자","26세","수급자수","","125","127","121","119","129","408","169","177","173","216","208","288","298","303","322","332",
"광주광역시","남자","27세","수급자수","","113","112","92","97","96","302","126","135","133","161","178","194","260","253","243","298",
"광주광역시","남자","28세","수급자수","","118","98","87","80","86","212","95","93","106","119","134","178","179","219","209","230",
"광주광역시","남자","29세","수급자수","","99","93","81","84","63","146","90","80","88","105","113","149","174","159","203","204",
"광주광역시","남자","30 - 34세","수급자수","","529","540","492","464","455","432","478","446","402","504","609","782","904","971","1007","1147",
"광주광역시","남자","30세","수급자수","","83","96","88","87","70","106","75","82","83","109","127","148","197","201","183","258",
"광주광역시","남자","31세","수급자수","","78","100","98","89","80","87","81","72","70","103","123","157","171","214","216","196",
"광주광역시","남자","32세","수급자수","","127","86","99","97","101","76","93","92","71","100","120","164","176","173","219","237",
"광주광역시","남자","33세","수급자수","","116","132","75","100","103","72","106","88","85","96","119","162","181","184","188","240",
"광주광역시","남자","34세","수급자수","","125","126","132","91","101","66","123","112","93","96","120","151","179","199","201","216",
"광주광역시","남자","35 - 39세","수급자수","","1126","1011","856","771","705","677","812","757","703","791","834","1024","1195","1139","1167","1204",
"광주광역시","남자","35세","수급자수","","154","133","124","139","100","85","133","121","115","133","121","162","194","185","217","222",
"광주광역시","남자","36세","수급자수","","181","171","134","124","145","106","147","141","135","151","156","164","205","224","219","228",
"광주광역시","남자","37세","수급자수","","226","190","174","132","131","103","151","146","150","153","171","204","222","203","231","236",
"광주광역시","남자","38세","수급자수","","260","239","192","181","148","115","194","151","147","170","185","255","266","247","234","260",
"광주광역시","남자","39세","수급자수","","305","278","232","195","181","114","187","198","156","184","201","239","308","280","266","258",
"광주광역시","남자","40 - 44세","수급자수","","1984","1896","1728","1589","1393","1330","1458","1342","1221","1280","1340","1579","1734","1784","1868","1909",
"광주광역시","남자","40세","수급자수","","321","311","273","252","194","158","222","192","202","211","225","277","280","342","321","300",
"광주광역시","남자","41세","수급자수","","377","334","306","274","262","136","276","235","192","248","242","312","324","316","394","347",
"광주광역시","남자","42세","수급자수","","383","388","333","326","270","154","279","281","242","219","276","308","370","365","343","440",
"광주광역시","남자","43세","수급자수","","430","412","392","331","328","201","340","280","279","283","272","343","355","385","397","396",
"광주광역시","남자","44세","수급자수","","473","451","424","406","339","218","341","354","306","319","325","339","405","376","413","426",
"광주광역시","남자","45 - 49세","수급자수","","2704","2620","2386","2263","2232","2236","2428","2298","2181","2254","2288","2505","2530","2535","2431","2465",
"광주광역시","남자","45세","수급자수","","464","503","440","428","427","270","439","360","373","359","377","400","398","443","409","470",
"광주광역시","남자","46세","수급자수","","509","477","489","424","454","286","433","445","383","435","388","474","447","423","452","445",
"광주광역시","남자","47세","수급자수","","510","523","442","483","439","355","519","452","452","447","479","466","527","490","446","478",
"광주광역시","남자","48세","수급자수","","584","534","513","436","481","366","540","499","463","501","495","570","544","564","517","500",
"광주광역시","남자","49세","수급자수","","637","583","502","492","431","439","497","542","510","512","549","595","614","615","607","572",
"광주광역시","남자","50 - 54세","수급자수","","2402","2619","2674","2632","2677","2633","2722","2531","2554","2795","2980","3321","3669","3678","3609","3738",
"광주광역시","남자","50세","수급자수","","589","631","568","496","493","474","550","479","556","571","574","646","668","673","630","642",
"광주광역시","남자","51세","수급자수","","474","606","613","554","485","456","476","541","480","612","606","647","729","701","712","681",
"광주광역시","남자","52세","수급자수","","492","467","561","604","565","501","554","475","523","527","647","703","705","766","728","771",
"광주광역시","남자","53세","수급자수","","427","487","467","529","617","446","530","521","479","567","553","707","789","729","795","792",
"광주광역시","남자","54세","수급자수","","420","428","465","449","517","499","612","515","516","518","600","618","778","809","744","852",
"광주광역시","남자","55 - 59세","수급자수","","1389","1596","1678","1795","1990","2252","2674","2801","2746","3072","3079","3338","3581","3811","3988","4193",
"광주광역시","남자","55세","수급자수","","321","422","421","428","445","493","662","588","519","565","540","655","693","817","840","788",
"광주광역시","남자","56세","수급자수","","260","331","391","413","448","564","574","646","556","559","582","621","709","754","820","898",
"광주광역시","남자","57세","수급자수","","327","274","308","391","403","631","497","580","626","610","570","670","682","749","797","865",
"광주광역시","남자","58세","수급자수","","254","319","265","301","399","520","502","492","558","708","644","658","747","716","769","841",
"광주광역시","남자","59세","수급자수","","227","250","293","262","295","460","439","495","487","630","743","734","750","775","762","801",
"광주광역시","남자","60 - 64세","수급자수","","950","1057","1075","1144","1206","1371","1702","1912","2086","2523","2956","3560","3990","4159","4393","4498",
"광주광역시","남자","60세","수급자수","","230","236","231","295","263","459","435","435","510","535","683","849","821","768","823","798",
"광주광역시","남자","61세","수급자수","","199","221","226","230","296","410","372","454","461","557","583","763","921","850","795","856",
"광주광역시","남자","62세","수급자수","","217","198","213","219","225","403","291","369","452","508","603","660","816","963","894","850",
"광주광역시","남자","63세","수급자수","","177","228","187","208","215","320","350","296","368","505","555","666","713","832","996","933",
"광주광역시","남자","64세","수급자수","","127","174","218","192","207","275","254","358","295","418","532","622","719","746","885","1061",
"광주광역시","남자","65 - 69세","수급자수","","896","905","889","930","998","1107","1384","1401","1514","1884","2155","2638","3168","3443","3817","4288",
"광주광역시","남자","65세","수급자수","","160","145","180","233","210","315","279","267","375","381","488","651","720","791","802","952",
"광주광역시","남자","66세","수급자수","","160","164","160","197","254","239","294","274","274","463","421","564","742","740","821","854",
"광주광역시","남자","67세","수급자수","","225","167","158","171","206","222","277","297","289","340","498","471","607","747","782","862",
"광주광역시","남자","68세","수급자수","","183","238","162","161","168","227","293","276","299","343","370","530","512","640","766","823",
"광주광역시","남자","69세","수급자수","","168","191","229","168","160","230","241","287","277","357","378","422","587","525","646","797",
"광주광역시","남자","70 - 74세","수급자수","","754","779","843","886","926","928","1025","1025","1058","1434","1667","1953","2195","2435","2578","2815",
"광주광역시","남자","70세","수급자수","","155","172","193","229","173","266","189","239","284","332","390","409","459","600","538","666",
"광주광역시","남자","71세","수급자수","","162","166","173","181","241","215","189","182","237","333","342","438","439","471","617","537",
"광주광역시","남자","72세","수급자수","","163","155","168","178","184","169","182","183","180","297","364","379","483","454","477","635",
"광주광역시","남자","73세","수급자수","","122","169","145","154","169","165","256","177","185","235","316","388","413","490","456","510",
"광주광역시","남자","74세","수급자수","","152","117","164","144","159","173","209","244","172","237","255","339","401","420","490","467",
"광주광역시","남자","75 - 79세","수급자수","","452","508","507","571","605","660","760","814","860","1234","1332","1441","1564","1645","1817","2072",
"광주광역시","남자","75세","수급자수","","117","145","100","161","141","235","183","197","229","226","242","260","357","431","428","503",
"광주광역시","남자","76세","수급자수","","117","117","137","98","154","193","174","166","195","311","244","256","287","365","440","442",
"광주광역시","남자","77세","수급자수","","82","112","112","122","94","162","157","170","155","259","344","270","263","296","367","456",
"광주광역시","남자","78세","수급자수","","71","73","94","103","117","159","153","133","155","219","275","367","277","276","299","374",
"광주광역시","남자","79세","수급자수","","65","61","64","87","99","150","93","148","126","219","227","288","380","277","283","297",
"광주광역시","남자","80 - 84세","수급자수","","218","227","233","229","246","275","346","363","423","735","876","1013","1232","1376","1420","1459",
"광주광역시","남자","80세","수급자수","","63","58","56","52","76","150","111","85","134","180","227","240","312","387","262","284",
"광주광역시","남자","81세","수급자수","","49","56","56","49","52","93","100","92","81","199","187","248","246","304","387","260",
"광주광역시","남자","82세","수급자수","","43","49","47","50","39","108","58","98","86","135","204","196","252","243","302","389",
"광주광역시","남자","83세","수급자수","","24","40","44","42","45","97","45","46","81","115","131","201","216","248","234","297",
"광주광역시","남자","84세","수급자수","","39","24","30","36","34","60","32","42","41","106","127","128","206","194","235","229",
"광주광역시","남자","85 - 89세","수급자수","","79","87","73","79","92","99","120","127","137","255","315","396","486","608","686","802",
"광주광역시","남자","85세","수급자수","","23","30","18","26","32","46","39","30","35","72","103","120","134","193","186","224",
"광주광역시","남자","86세","수급자수","","17","19","21","13","23","32","28","33","29","53","71","101","124","125","188","177",
"광주광역시","남자","87세","수급자수","","21","17","14","21","13","40","30","24","29","50","51","73","103","120","120","183",
"광주광역시","남자","88세","수급자수","","12","13","13","10","13","29","16","28","21","43","50","51","76","96","108","114",
"광주광역시","남자","89세","수급자수","","6","8","7","9","11","32","7","12","23","37","40","51","49","74","84","104",
"광주광역시","남자","90 - 94세","수급자수","","19","17","16","18","20","22","20","20","24","57","91","115","143","163","188","227",
"광주광역시","남자","90세","수급자수","","7","6","6","7","5","19","5","5","9","24","41","41","45","50","65","82",
"광주광역시","남자","91세","수급자수","","6","5","5","5","6","13","6","6","5","11","24","33","33","39","42","57",
"광주광역시","남자","92세","수급자수","","2","4","1","5","4","6","3","3","6","9","11","23","35","27","31","37",
"광주광역시","남자","93세","수급자수","","2","1","2","0","4","7","4","3","3","8","8","11","20","32","25","32",
"광주광역시","남자","94세","수급자수","","2","1","2","1","1","4","2","3","1","5","7","7","10","15","25","19",
"광주광역시","남자","95 - 99세","수급자수","","3","4","3","4","3","2","4","6","6","7","12","11","18","21","29","40",
"광주광역시","남자","95세","수급자수","","1","2","1","1","0","5","2","3","2","3","6","4","8","11","11","18",
"광주광역시","남자","96세","수급자수","","1","1","1","1","1","3","1","1","2","2","3","4","4","4","9","8",
"광주광역시","남자","97세","수급자수","","1","1","1","1","0","3","0","","1","2","1","1","4","3","5","7",
"광주광역시","남자","98세","수급자수","","0","0","0","1","1","1","1","1","0","0","2","1","2","2","2","5",
"광주광역시","남자","99세","수급자수","","0","0","0","0","1","0","0","1","1","0","0","1","-","1","2","2",
"광주광역시","남자","100세 이상","수급자수","","2","0","0","0","0","0","0","","0","1","1","1","2","2","2","4",
"광주광역시","여자","계","수급자수","","35733","35977","34169","33022","32562","32106","38012","36440","34231","38874","40974","45915","49763","51336","52543","54418",
"광주광역시","여자","0 - 4세","수급자수","","711","793","742","720","682","678","785","690","607","630","671","740","727","708","688","681",
"광주광역시","여자","0세","수급자수","","100","175","117","105","87","77","120","83","63","79","74","83","75","83","69","81",
"광주광역시","여자","1세","수급자수","","126","137","175","133","116","106","126","127","110","91","111","120","130","108","120","104",
"광주광역시","여자","2세","수급자수","","146","147","134","194","142","136","155","122","132","147","124","154","160","153","140","146",
"광주광역시","여자","3세","수급자수","","145","169","153","141","190","161","177","171","131","155","170","167","178","179","166","164",
"광주광역시","여자","4세","수급자수","","194","165","163","147","147","198","207","187","171","158","192","216","184","185","193","186",
"광주광역시","여자","5 - 9세","수급자수","","1731","1520","1248","1144","1055","976","1867","1831","1683","1693","1714","1857","1978","1847","1814","1687",
"광주광역시","여자","5세","수급자수","","228","203","168","190","154","159","250","197","202","203","178","233","265","205","213","220",
"광주광역시","여자","6세","수급자수","","271","240","204","176","207","164","218","254","222","232","238","247","277","292","233","250",
"광주광역시","여자","7세","수급자수","","326","285","236","231","184","212","446","407","408","375","394","428","431","384","425","315",
"광주광역시","여자","8세","수급자수","","430","347","293","250","239","8","477","453","420","446","430","458","491","459","434","451",
"광주광역시","여자","9세","수급자수","","476","445","347","297","271","11","476","520","431","437","474","491","514","507","509","451",
"광주광역시","여자","10 - 14세","수급자수","","3655","3382","3079","2684","2387","2067","3163","2959","2650","2532","2490","2749","2876","2894","2977","3016",
"광주광역시","여자","10세","수급자수","","562","516","442","362","310","6","492","492","509","451","461","540","530","524","547","530",
"광주광역시","여자","11세","수급자수","","693","580","536","431","374","206","530","512","477","503","459","521","575","562","544","584",
"광주광역시","여자","12세","수급자수","","762","709","599","560","467","235","617","569","479","494","528","514","563","612","610","582",
"광주광역시","여자","13세","수급자수","","759","793","701","625","579","278","699","667","558","500","518","598","571","611","650","640",
"광주광역시","여자","14세","수급자수","","879","784","801","706","657","329","825","719","627","584","524","576","637","585","626","680",
"광주광역시","여자","15 - 19세","수급자수","","5013","5072","4722","4377","4225","3921","5398","5083","4327","3956","3593","3515","3381","3315","3173","3220",
"광주광역시","여자","15세","수급자수","","1034","934","805","804","728","385","978","870","692","664","579","595","615","671","622","647",
"광주광역시","여자","16세","수급자수","","1016","1090","964","816","830","483","1127","1064","887","735","695","695","644","633","691","661",
"광주광역시","여자","17세","수급자수","","1108","1036","1072","940","846","592","1251","1157","996","881","747","760","730","656","652","704",
"광주광역시","여자","18세","수급자수","","1026","1114","969","1006","924","665","1213","1195","1037","1000","855","791","778","734","652","669",
"광주광역시","여자","19세","수급자수","","829","898","912","811","897","758","829","797","715","676","717","674","614","621","556","539",
"광주광역시","여자","20 - 24세","수급자수","","2081","2268","2264","2383","2539","2689","2973","2775","2558","2720","2695","2973","2991","2848","2757","2654",
"광주광역시","여자","20세","수급자수","","697","761","776","795","766","844","820","735","695","706","650","733","673","623","606","549",
"광주광역시","여자","21세","수급자수","","538","598","603","660","711","821","802","701","614","665","677","672","695","632","593","596",
"광주광역시","여자","22세","수급자수","","402","435","432","460","528","833","620","649","576","584","594","649","649","640","575","559",
"광주광역시","여자","23세","수급자수","","270","291","275","281","321","818","421","407","396","439","431","506","550","521","542","499",
"광주광역시","여자","24세","수급자수","","174","183","178","187","213","687","310","283","277","326","343","413","424","432","441","451",
"광주광역시","여자","25 - 29세","수급자수","","604","613","546","532","532","567","645","689","675","796","872","1155","1303","1334","1370","1495",
"광주광역시","여자","25세","수급자수","","121","121","120","126","139","560","175","239","203","236","266","318","362","365","340","394",
"광주광역시","여자","26세","수급자수","","119","114","102","108","101","398","146","130","166","168","176","257","269","284","297","324",
"광주광역시","여자","27세","수급자수","","117","125","95","102","101","226","119","122","101","152","171","199","260","247","254","268",
"광주광역시","여자","28세","수급자수","","109","133","105","91","94","154","99","101","109","103","143","189","212","242","234","266",
"광주광역시","여자","29세","수급자수","","138","120","124","105","97","121","106","97","96","137","116","192","200","196","245","243",
"광주광역시","여자","30 - 34세","수급자수","","968","945","846","788","754","727","849","741","660","721","840","1022","1219","1227","1312","1378",
"광주광역시","여자","30세","수급자수","","137","141","114","128","113","88","127","115","100","110","155","153","254","211","237","266",
"광주광역시","여자","31세","수급자수","","170","147","151","133","142","98","140","131","129","132","139","209","193","275","257","256",
"광주광역시","여자","32세","수급자수","","215","191","160","157","149","106","159","138","131","149","166","196","251","204","290","280",
"광주광역시","여자","33세","수급자수","","206","229","191","161","168","109","199","161","143","162","188","225","243","274","239","310",
"광주광역시","여자","34세","수급자수","","240","237","230","209","182","119","224","196","157","168","192","239","278","263","289","266",
"광주광역시","여자","35 - 39세","수급자수","","2321","2050","1745","1564","1393","1253","1476","1404","1298","1430","1495","1719","1809","1787","1780","1845",
"광주광역시","여자","35세","수급자수","","332","257","215","240","215","153","253","241","208","201","211","256","272","301","301","336",
"광주광역시","여자","36세","수급자수","","400","361","261","235","253","157","272","253","244","261","258","280","319","301","332","331",
"광주광역시","여자","37세","수급자수","","444","427","369","270","235","189","291","273","279","286","300","347","328","353","330","378",
"광주광역시","여자","38세","수급자수","","504","473","426","385","286","198","350","285","277","344","324","409","404","384","387","365",
"광주광역시","여자","39세","수급자수","","641","532","474","434","404","232","310","352","290","338","402","427","486","448","430","435",
"광주광역시","여자","40 - 44세","수급자수","","3608","3606","3331","3026","2813","2578","2668","2310","2006","2120","2145","2584","2827","2959","3027","3073",
"광주광역시","여자","40세","수급자수","","647","653","546","480","443","269","398","330","351","360","399","508","502","545","509","488",
"광주광역시","여자","41세","수급자수","","723","691","625","536","501","247","487","387","324","413","405","490","580","555","586","557",
"광주광역시","여자","42세","수급자수","","729","743","690","624","557","307","545","471","375","389","436","512","577","632","603","637",
"광주광역시","여자","43세","수급자수","","774","748","727","682","627","433","597","538","450","441","430","540","569","616","672","658",
"광주광역시","여자","44세","수급자수","","735","771","743","704","685","450","641","584","506","517","475","534","599","611","657","733",
"광주광역시","여자","45 - 49세","수급자수","","3289","3363","3262","3235","3279","3299","3549","3264","2962","3126","3150","3412","3406","3379","3332","3423",
"광주광역시","여자","45세","수급자수","","699","741","732","712","706","504","709","604","546","580","572","554","585","642","638","739",
"광주광역시","여자","46세","수급자수","","721","691","694","698","699","555","733","670","567","595","620","686","595","619","662","665",
"광주광역시","여자","47세","수급자수","","614","699","636","639","665","636","723","676","624","631","613","717","727","626","653","698",
"광주광역시","여자","48세","수급자수","","637","602","626","597","626","664","720","664","630","674","674","701","760","743","626","672",
"광주광역시","여자","49세","수급자수","","618","630","574","589","583","701","664","650","595","646","671","754","739","749","753","649",
"광주광역시","여자","50 - 54세","수급자수","","2054","2268","2347","2370","2522","2639","2807","2736","2711","2900","3053","3531","3857","3850","3836","3922",
"광주광역시","여자","50세","수급자수","","503","590","573","542","564","692","615","606","617","608","650","742","809","737","754","774",
"광주광역시","여자","51세","수급자수","","452","484","545","529","526","650","574","561","571","639","621","718","776","797","740","752",
"광주광역시","여자","52세","수급자수","","407","429","450","509","515","592","570","529","527","577","642","700","762","799","804","771",
"광주광역시","여자","53세","수급자수","","343","409","401","419","506","574","534","536","491","556","583","716","732","765","779","822",
"광주광역시","여자","54세","수급자수","","349","356","378","371","411","554","514","504","505","520","557","655","778","752","759","803",
"광주광역시","여자","55 - 59세","수급자수","","1236","1388","1470","1517","1640","1783","2141","2237","2279","2726","2858","3195","3423","3588","3633","3799",
"광주광역시","여자","55세","수급자수","","302","359","351","361","360","521","513","505","475","568","536","628","691","760","743","777",
"광주광역시","여자","56세","수급자수","","226","311","330","336","351","499","450","488","485","529","575","605","683","714","754","771",
"광주광역시","여자","57세","수급자수","","261","231","302","311","329","491","388","453","490","544","556","649","669","703","723","761",
"광주광역시","여자","58세","수급자수","","216","261","220","292","306","410","413","386","444","562","571","655","690","698","709","754",
"광주광역시","여자","59세","수급자수","","231","226","267","217","294","364","377","405","385","523","620","658","690","713","704","736",
"광주광역시","여자","60 - 64세","수급자수","","1339","1400","1344","1293","1265","1319","1571","1677","1779","2387","2635","3142","3598","3864","4018","4112",
"광주광역시","여자","60세","수급자수","","299","240","227","268","213","362","358","363","405","463","558","705","747","730","752","722",
"광주광역시","여자","61세","수급자수","","237","307","237","228","272","337","342","359","369","505","506","628","787","799","777","786",
"광주광역시","여자","62세","수급자수","","312","256","298","237","236","310","260","357","374","456","530","585","708","850","819","806",
"광주광역시","여자","63세","수급자수","","251","331","261","301","235","308","325","269","360","481","504","637","652","776","863","852",
"광주광역시","여자","64세","수급자수","","240","266","321","259","309","228","286","329","271","482","537","587","704","709","807","946",
"광주광역시","여자","65 - 69세","수급자수","","1799","1735","1622","1558","1550","1628","1830","1812","1780","2249","2521","2925","3352","3716","4029","4278",
"광주광역시","여자","65세","수급자수","","270","265","282","346","286","281","314","319","349","369","573","647","690","792","757","878",
"광주광역시","여자","66세","수급자수","","306","302","270","290","366","252","386","322","339","481","445","664","759","749","826","794",
"광주광역시","여자","67세","수급자수","","423","328","307","274","306","250","359","385","336","445","532","494","711","816","799","883",
"광주광역시","여자","68세","수급자수","","388","437","332","313","280","331","429","366","391","448","479","599","543","769","848","834",
"광주광역시","여자","69세","수급자수","","412","403","431","335","312","310","342","420","365","506","492","521","649","590","799","889",
"광주광역시","여자","70 - 74세","수급자수","","1841","1941","1961","2031","2011","1924","1932","1815","1734","2394","2732","3002","3216","3300","3420","3638",
"광주광역시","여자","70세","수급자수","","401","429","392","437","330","379","317","340","419","473","590","550","563","666","623","838",
"광주광역시","여자","71세","수급자수","","353","408","425","401","453","316","332","319","332","558","514","631","587","596","727","659",
"광주광역시","여자","72세","수급자수","","358","372","412","420","404","292","388","321","316","475","629","564","697","639","638","763",
"광주광역시","여자","73세","수급자수","","352","367","374","404","426","313","474","375","318","449","516","688","614","739","671","673",
"광주광역시","여자","74세","수급자수","","377","365","358","369","398","344","421","460","349","439","483","569","755","660","761","705",
"광주광역시","여자","75 - 79세","수급자수","","1586","1606","1585","1684","1705","1754","1900","1890","1954","2725","2952","3109","3325","3386","3522","3822",
"광주광역시","여자","75세","수급자수","","334","378","341","361","355","450","433","417","454","460","480","515","632","802","685","784",
"광주광역시","여자","76세","수급자수","","334","337","352","343","350","399","415","411","402","657","533","537","599","665","844","724",
"광주광역시","여자","77세","수급자수","","291","330","325","349","348","418","362","389","398","578","704","581","581","626","688","886",
"광주광역시","여자","78세","수급자수","","288","285","306","322","332","394","352","347","369","532","636","783","621","629","661","736",
"광주광역시","여자","79세","수급자수","","339","276","261","309","320","354","338","326","331","498","599","693","892","664","644","692",
"광주광역시","여자","80 - 84세","수급자수","","1057","1178","1208","1245","1284","1271","1324","1371","1382","2083","2468","2770","3304","3761","3928","3994",
"광주광역시","여자","80세","수급자수","","302","317","260","256","293","338","331","315","303","463","558","619","779","933","695","677",
"광주광역시","여자","81세","수급자수","","223","295","294","247","242","338","306","304","293","444","519","603","698","816","957","723",
"광주광역시","여자","82세","수급자수","","209","219","275","280","234","330","262","292","286","414","484","558","654","711","829","992",
"광주광역시","여자","83세","수급자수","","170","192","212","268","264","314","224","245","272","402","468","504","610","694","735","854",
"광주광역시","여자","84세","수급자수","","153","155","167","194","251","274","201","215","228","360","439","486","563","607","712","748",
"광주광역시","여자","85 - 89세","수급자수","","589","589","575","591","593","697","786","797","815","1145","1403","1664","2104","2349","2545","2792",
"광주광역시","여자","85세","수급자수","","128","142","137","154","168","223","225","187","196","283","386","468","516","567","611","690",
"광주광역시","여자","86세","수급자수","","161","114","129","128","142","219","205","208","171","251","303","397","509","501","558","596",
"광주광역시","여자","87세","수급자수","","127","153","90","107","109","241","148","171","182","211","260","304","449","518","491","548",
"광주광역시","여자","88세","수급자수","","91","99","140","81","101","230","118","127","155","225","228","276","337","435","488","480",
"광주광역시","여자","89세","수급자수","","82","81","79","121","73","159","90","104","111","175","226","219","293","328","397","478",
"광주광역시","여자","90 - 94세","수급자수","","185","192","204","218","272","267","276","276","288","422","563","679","851","980","1079","1233",
"광주광역시","여자","90세","수급자수","","61","61","69","63","109","122","77","77","88","143","181","219","243","268","308","374",
"광주광역시","여자","91세","수급자수","","46","54","47","60","54","105","51","71","68","95","140","168","227","216","257","289",
"광주광역시","여자","92세","수급자수","","31","29","47","41","46","81","76","40","55","82","98","128","173","215","201","229",
"광주광역시","여자","93세","수급자수","","29","24","25","37","35","61","38","59","28","67","77","85","129","159","189","177",
"광주광역시","여자","94세","수급자수","","18","24","16","17","28","93","34","29","49","35","67","79","79","122","124","164",
"광주광역시","여자","95 - 99세","수급자수","","56","54","54","52","50","56","57","66","71","103","105","145","191","214","261","315",
"광주광역시","여자","95세","수급자수","","18","16","19","13","14","44","23","24","28","34","25","55","66","60","103","120",
"광주광역시","여자","96세","수급자수","","12","16","14","17","9","37","13","18","17","34","33","29","58","65","60","85",
"광주광역시","여자","97세","수급자수","","11","7","12","12","14","32","7","12","13","15","25","30","20","48","55","47",
"광주광역시","여자","98세","수급자수","","9","7","6","6","7","22","4","6","8","14","12","25","29","15","35","38",
"광주광역시","여자","99세","수급자수","","6","8","3","4","6","9","10","6","5","6","10","6","18","26","8","25",
"광주광역시","여자","100세 이상","수급자수","","10","14","14","10","11","13","15","17","12","16","19","27","25","30","42","41",
"대전광역시","계","계","수급자수","","45669","45227","43539","41819","40786","40133","50744","51440","49335","53355","56299","63822","69847","72047","74348","77383",
"대전광역시","계","0 - 4세","수급자수","","1079","1046","942","838","781","732","939","903","839","929","1004","1131","1169","1094","1065","1011",
"대전광역시","계","0세","수급자수","","141","127","113","105","90","97","140","125","100","121","113","115","127","110","112","100",
"대전광역시","계","1세","수급자수","","197","180","156","150","149","114","169","172","152","145","171","215","173","188","177","174",
"대전광역시","계","2세","수급자수","","224","222","187","158","161","150","176","192","187","195","210","212","263","204","221","208",
"대전광역시","계","3세","수급자수","","261","251","225","202","178","175","197","189","196","219","236","271","262","289","239","260",
"대전광역시","계","4세","수급자수","","256","266","261","223","203","196","257","225","204","249","274","318","344","303","316","269",
"대전광역시","계","5 - 9세","수급자수","","2512","2166","1911","1662","1480","1383","2478","2682","2318","2311","2372","2592","2744","2658","2614","2611",
"대전광역시","계","5세","수급자수","","356","270","280","271","242","224","273","272","247","242","292","354","390","366","345","346",
"대전광역시","계","6세","수급자수","","420","363","283","278","275","259","289","300","267","305","288","372","405","427","384","387",
"대전광역시","계","7세","수급자수","","486","436","368","286","294","292","574","602","526","536","539","548","620","554","578","541",
"대전광역시","계","8세","수급자수","","557","516","448","364","301","10","677","707","603","598","600","634","627","658","619","661",
"대전광역시","계","9세","수급자수","","693","581","532","463","368","9","665","801","675","630","653","684","702","653","688","676",
"대전광역시","계","10 - 14세","수급자수","","4866","4447","4004","3530","3171","2815","4696","4896","4340","4052","3839","4154","4334","4149","4103","4169",
"대전광역시","계","10세","수급자수","","758","708","585","515","458","3","681","806","794","693","649","741","755","743","704","742",
"대전광역시","계","11세","수급자수","","831","791","725","604","528","311","778","837","746","829","712","754","823","803","783","751",
"대전광역시","계","12세","수급자수","","979","853","784","735","622","297","932","921","827","764","839","776","834","847","857","822",
"대전광역시","계","13세","수급자수","","1056","1010","882","789","762","383","1052","1123","916","841","797","980","870","856","884","918",
"대전광역시","계","14세","수급자수","","1242","1085","1028","887","801","472","1253","1209","1057","925","842","903","1052","900","875","936",
"대전광역시","계","15 - 19세","수급자수","","6497","6430","6061","5516","5148","4686","7514","7549","6522","6053","5423","5308","5151","4998","4836","4803",
"대전광역시","계","15세","수급자수","","1354","1273","1096","1007","892","542","1497","1425","1161","1073","957","917","965","1070","941","922",
"대전광역시","계","16세","수급자수","","1381","1394","1289","1084","1019","637","1618","1758","1389","1168","1101","1096","983","990","1134","999",
"대전광역시","계","17세","수급자수","","1462","1382","1370","1228","1081","781","1685","1725","1657","1386","1178","1190","1133","987","1009","1145",
"대전광역시","계","18세","수급자수","","1304","1381","1282","1239","1144","808","1660","1707","1474","1576","1281","1208","1215","1109","994","1032",
"대전광역시","계","19세","수급자수","","996","1000","1024","958","1012","891","1054","934","841","850","906","897","855","842","758","705",
"대전광역시","계","20 - 24세","수급자수","","1861","2082","2149","2310","2417","2591","3070","2960","2754","2867","2886","3358","3471","3175","3134","3091",
"대전광역시","계","20세","수급자수","","552","681","658","703","703","1017","853","739","681","690","673","825","715","644","702","620",
"대전광역시","계","21세","수급자수","","462","455","557","558","580","1038","734","645","590","638","627","682","787","661","610","659",
"대전광역시","계","22세","수급자수","","387","442","392","491","518","932","605","679","597","604","629","708","692","726","674","625",
"대전광역시","계","23세","수급자수","","255","312","334","309","378","765","517","495","516","515","499","628","684","585","630","593",
"대전광역시","계","24세","수급자수","","205","192","208","249","238","580","361","402","370","420","458","515","593","559","518","594",
"대전광역시","계","25 - 29세","수급자수","","725","681","598","539","569","625","829","883","915","1017","1163","1482","1682","1741","1787","1865",
"대전광역시","계","25세","수급자수","","161","166","148","149","185","556","253","260","300","326","358","434","444","479","464","462",
"대전광역시","계","26세","수급자수","","124","139","118","108","126","389","184","199","180","229","262","319","354","364","413","422",
"대전광역시","계","27세","수급자수","","131","105","120","91","88","301","158","154","165","161","223","287","309","331","330","371",
"대전광역시","계","28세","수급자수","","167","121","97","103","78","192","137","141","138","155","155","249","290","284","305","322",
"대전광역시","계","29세","수급자수","","142","150","115","88","92","155","97","129","132","146","165","193","285","283","275","288",
"대전광역시","계","30 - 34세","수급자수","","1079","979","892","802","759","726","804","716","658","792","961","1292","1515","1602","1700","1879",
"대전광역시","계","30세","수급자수","","188","146","156","130","100","117","115","115","121","161","180","242","264","323","344","346",
"대전광역시","계","31세","수급자수","","153","192","161","159","149","84","130","107","118","141","202","248","300","293","359","386",
"대전광역시","계","32세","수급자수","","218","165","177","164","163","77","141","135","119","154","177","271","299","299","331","400",
"대전광역시","계","33세","수급자수","","251","226","171","174","161","101","198","147","144","162","197","253","338","331","318","379",
"대전광역시","계","34세","수급자수","","269","250","227","175","186","108","220","212","156","174","205","278","314","356","348","368",
"대전광역시","계","35 - 39세","수급자수","","2425","2176","1885","1666","1395","1282","1466","1410","1359","1439","1541","1856","2051","2002","2055","2203",
"대전광역시","계","35세","수급자수","","382","269","271","230","185","156","255","235","233","201","216","275","355","334","389","379",
"대전광역시","계","36세","수급자수","","435","391","279","289","224","175","265","270","239","262","251","328","355","378","350","457",
"대전광역시","계","37세","수급자수","","451","468","385","294","293","186","258","291","290","272","343","342","367","396","438","401",
"대전광역시","계","38세","수급자수","","539","483","463","367","321","201","305","279","309","338","334","457","427","410","428","483",
"대전광역시","계","39세","수급자수","","618","565","487","486","372","194","383","335","288","366","397","454","547","484","450","483",
"대전광역시","계","40 - 44세","수급자수","","3999","3882","3609","3244","2965","2629","2916","2655","2378","2323","2343","2806","3064","3209","3277","3300",
"대전광역시","계","40세","수급자수","","764","635","580","484","502","237","420","394","341","345","410","522","549","600","530","496",
"대전광역시","계","41세","수급자수","","864","787","617","563","503","314","490","438","422","396","407","535","635","613","650","591",
"대전광역시","계","42세","수급자수","","806","865","766","615","581","336","620","532","424","483","458","517","607","663","674","724",
"대전광역시","계","43세","수급자수","","774","819","853","742","623","384","647","629","544","496","524","577","608","669","704","718",
"대전광역시","계","44세","수급자수","","791","776","793","840","756","494","739","662","647","603","544","655","665","664","719","771",
"대전광역시","계","45 - 49세","수급자수","","4259","4104","3850","3587","3663","3653","4112","4076","3886","3934","3833","4295","4370","4184","4089","4066",
"대전광역시","계","45세","수급자수","","845","766","745","759","826","512","758","722","668","725","637","674","732","712","697","763",
"대전광역시","계","46세","수급자수","","763","830","760","699","740","606","861","759","707","725","745","787","783","762","761","732",
"대전광역시","계","47세","수급자수","","901","743","797","717","684","633","940","866","756","783","785","902","879","826","803","819",
"대전광역시","계","48세","수급자수","","861","892","692","753","689","767","809","913","856","799","805","932","955","901","872","854",
"대전광역시","계","49세","수급자수","","889","873","856","659","724","820","744","816","899","902","861","1000","1021","983","956","898",
"대전광역시","계","50 - 54세","수급자수","","3329","3625","3781","3799","3731","3657","3933","3772","3702","4122","4425","5187","5759","5792","5710","5697",
"대전광역시","계","50세","수급자수","","801","863","840","802","638","737","754","734","811","941","921","1036","1104","1062","1038","1006",
"대전광역시","계","51세","수급자수","","687","797","840","823","786","652","787","730","713","858","989","1082","1140","1134","1112","1079",
"대전광역시","계","52세","수급자수","","691","676","772","799","788","677","706","773","721","743","896","1125","1169","1163","1152","1161",
"대전광역시","계","53세","수급자수","","597","692","659","740","780","703","838","712","768","766","803","1023","1225","1188","1185","1192",
"대전광역시","계","54세","수급자수","","553","597","670","635","739","625","848","823","689","814","816","921","1121","1245","1223","1259",
"대전광역시","계","55 - 59세","수급자수","","2111","2288","2524","2670","2911","3193","3881","4128","4281","4488","4714","5258","5447","5582","5967","6187",
"대전광역시","계","55세","수급자수","","541","560","598","638","636","765","872","839","859","726","890","967","982","1141","1295","1290",
"대전광역시","계","56세","수급자수","","427","533","545","607","616","776","840","895","859","902","785","1051","1059","1057","1158","1336",
"대전광역시","계","57세","수급자수","","438","414","519","533","595","788","744","862","916","909","970","907","1120","1121","1086","1220",
"대전광역시","계","58세","수급자수","","321","454","401","505","546","743","736","764","878","1000","982","1159","1006","1186","1170","1126",
"대전광역시","계","59세","수급자수","","384","327","461","387","518","645","689","768","769","951","1087","1174","1280","1077","1258","1215",
"대전광역시","계","60 - 64세","수급자수","","1969","2045","1995","2066","2089","2266","2854","3283","3536","4240","4845","5789","6563","6936","7063","7206",
"대전광역시","계","60세","수급자수","","435","402","328","466","400","648","673","723","809","856","1046","1244","1323","1326","1131","1327",
"대전광역시","계","61세","수급자수","","385","439","406","337","472","596","628","712","758","921","913","1215","1397","1406","1396","1180",
"대전광역시","계","62세","수급자수","","419","404","423","416","332","561","504","674","724","849","1020","1081","1327","1491","1472","1503",
"대전광역시","계","63세","수급자수","","362","419","411","433","429","559","591","544","681","839","905","1184","1196","1427","1554","1563",
"대전광역시","계","64세","수급자수","","368","381","427","414","456","415","458","630","564","775","961","1065","1320","1286","1510","1633",
"대전광역시","계","65 - 69세","수급자수","","2617","2613","2509","2311","2304","2401","2904","2949","3103","3699","4267","5127","6211","6898","7555","8158",
"대전광역시","계","65세","수급자수","","428","401","417","452","454","486","573","499","705","686","939","1208","1301","1477","1460","1668",
"대전광역시","계","66세","수급자수","","467","448","424","442","475","361","584","598","539","871","802","1112","1374","1416","1563","1564",
"대전광역시","계","67세","수급자수","","654","501","459","423","465","445","596","616","621","653","985","926","1299","1497","1506","1652",
"대전광역시","계","68세","수급자수","","568","683","519","472","434","493","599","619","622","742","713","1091","1033","1400","1587","1593",
"대전광역시","계","69세","수급자수","","500","580","690","522","476","495","552","617","616","747","828","790","1204","1108","1439","1681",
"대전광역시","계","70 - 74세","수급자수","","2512","2573","2651","2861","2833","2785","3052","2969","2818","3357","3824","4386","4901","5457","5697","6357",
"대전광역시","계","70세","수급자수","","531","507","568","715","522","508","488","554","623","742","835","910","881","1295","1140","1538",
"대전광역시","계","71세","수급자수","","499","555","500","570","716","474","546","509","558","739","823","920","1002","940","1342","1203",
"대전광역시","계","72세","수급자수","","505","521","559","501","567","431","611","552","511","632","813","911","1020","1062","1001","1411",
"대전광역시","계","73세","수급자수","","475","515","525","555","488","484","773","594","544","595","697","889","1014","1100","1095","1056",
"대전광역시","계","74세","수급자수","","502","475","499","520","540","534","634","760","582","649","656","756","984","1060","1119","1149",
"대전광역시","계","75 - 79세","수급자수","","1808","2018","2078","2221","2259","2294","2540","2653","2847","3516","3866","4141","4414","4483","4848","5301",
"대전광역시","계","75세","수급자수","","443","506","465","500","506","707","539","616","744","695","726","723","828","1049","1091","1176",
"대전광역시","계","76세","수급자수","","425","438","469","459","489","571","564","509","595","886","740","768","783","860","1109","1150",
"대전광역시","계","77세","수급자수","","354","419","415","458","447","489","517","557","480","720","967","797","818","820","911","1146",
"대전광역시","계","78세","수급자수","","323","343","398","408","430","523","475","511","540","583","802","1013","863","858","855","950",
"대전광역시","계","79세","수급자수","","263","312","331","396","387","491","445","460","488","632","631","840","1122","896","882","879",
"대전광역시","계","80 - 84세","수급자수","","1200","1231","1257","1284","1340","1389","1654","1770","1839","2461","2850","3146","3848","4430","4647","4769",
"대전광역시","계","80세","수급자수","","324","263","283","316","370","461","415","425","434","597","663","667","917","1151","936","896",
"대전광역시","계","81세","수급자수","","260","309","245","269","283","418","385","396","399","549","656","685","745","945","1183","922",
"대전광역시","계","82세","수급자수","","269","241","285","226","254","401","350","360","376","480","554","687","769","750","975","1199",
"대전광역시","계","83세","수급자수","","182","245","228","264","193","376","264","328","330","448","505","586","766","796","749","991",
"대전광역시","계","84세","수급자수","","165","173","216","209","240","344","240","261","300","387","472","521","651","788","804","761",
"대전광역시","계","85 - 89세","수급자수","","599","611","602","645","669","717","767","837","853","1223","1481","1757","2183","2528","2877","3174",
"대전광역시","계","85세","수급자수","","158","150","155","203","187","251","174","214","235","363","422","473","572","635","767","800",
"대전광역시","계","86세","수급자수","","155","138","132","121","188","239","208","162","185","286","365","423","509","587","645","748",
"대전광역시","계","87세","수급자수","","127","135","111","116","104","179","154","190","146","220","290","362","443","504","570","626",
"대전광역시","계","88세","수급자수","","95","112","116","100","110","215","153","137","163","177","219","276","373","439","483","533",
"대전광역시","계","89세","수급자수","","64","76","88","105","80","162","78","134","124","177","185","223","286","363","412","467",
"대전광역시","계","90 - 94세","수급자수","","166","179","187","207","229","247","276","285","322","417","534","617","796","913","1053","1205",
"대전광역시","계","90세","수급자수","","48","52","63","70","94","162","85","66","109","139","174","172","228","275","323","371",
"대전광역시","계","91세","수급자수","","47","36","45","55","55","85","57","81","56","119","144","170","182","209","245","304",
"대전광역시","계","92세","수급자수","","31","41","27","36","41","93","76","50","68","60","113","135","159","172","202","219",
"대전광역시","계","93세","수급자수","","25","27","33","17","27","70","37","62","42","64","47","104","134","141","148","178",
"대전광역시","계","94세","수급자수","","15","23","19","29","12","81","21","26","47","35","56","36","93","116","135","133",
"대전광역시","계","95 - 99세","수급자수","","48","44","47","53","68","52","51","52","56","103","119","130","155","183","225","288",
"대전광역시","계","95세","수급자수","","20","11","20","15","26","43","14","23","23","52","35","49","39","75","99","110",
"대전광역시","계","96세","수급자수","","9","17","10","15","15","32","11","7","21","21","43","22","48","33","54","87",
"대전광역시","계","97세","수급자수","","8","5","10","11","10","21","13","9","6","18","25","29","21","41","27","38",
"대전광역시","계","98세","수급자수","","7","6","3","10","8","11","6","10","2","10","7","23","27","16","31","27",
"대전광역시","계","99세","수급자수","","4","5","4","2","9","19","7","3","4","2","9","7","20","18","14","26",
"대전광역시","계","100세 이상","수급자수","","8","7","7","8","5","10","8","12","9","12","9","10","19","33","46","43",
"대전광역시","남자","계","수급자수","","19801","19511","18822","18131","17756","17578","22782","23279","22466","24027","25321","28807","31424","32138","33205","34583",
"대전광역시","남자","0 - 4세","수급자수","","556","519","477","416","405","363","467","468","444","491","520","592","620","550","560","526",
"대전광역시","남자","0세","수급자수","","83","56","54","53","47","49","68","57","48","67","58","64","69","57","64","49",
"대전광역시","남자","1세","수급자수","","88","103","72","63","73","60","94","92","70","75","99","109","96","101","102","94",
"대전광역시","남자","2세","수급자수","","123","103","114","78","72","74","96","107","97","97","107","114","137","106","119","110",
"대전광역시","남자","3세","수급자수","","131","127","105","117","92","79","93","104","110","119","119","143","132","139","120","136",
"대전광역시","남자","4세","수급자수","","131","130","132","105","121","101","116","108","119","133","137","162","186","147","155","137",
"대전광역시","남자","5 - 9세","수급자수","","1274","1080","972","842","740","698","1279","1363","1184","1165","1189","1321","1421","1387","1348","1317",
"대전광역시","남자","5세","수급자수","","179","134","133","138","118","126","137","126","123","131","150","181","192","187","179","167",
"대전광역시","남자","6세","수급자수","","203","186","143","136","139","128","163","148","132","155","161","192","213","211","198","200",
"대전광역시","남자","7세","수급자수","","242","207","191","142","144","143","303","332","258","262","268","303","328","288","285","279",
"대전광역시","남자","8세","수급자수","","273","266","224","187","151","2","339","371","325","291","286","314","339","350","330","323",
"대전광역시","남자","9세","수급자수","","377","287","281","239","188","0","337","386","346","326","324","331","349","351","356","348",
"대전광역시","남자","10 - 14세","수급자수","","2536","2331","2053","1818","1635","1464","2426","2531","2216","2071","1936","2086","2180","2111","2108","2128",
"대전광역시","남자","10세","수급자수","","389","391","292","271","236","0","343","405","386","346","332","374","376","370","376","381",
"대전광역시","남자","11세","수급자수","","427","401","393","304","276","154","416","425","389","416","353","390","421","399","392","399",
"대전광역시","남자","12세","수급자수","","495","444","392","395","317","147","472","486","416","394","416","380","438","439","421","408",
"대전광역시","남자","13세","수급자수","","571","509","461","396","402","203","550","578","485","428","404","478","431","453","455","450",
"대전광역시","남자","14세","수급자수","","654","586","515","452","404","240","645","637","540","487","431","464","514","450","464","490",
"대전광역시","남자","15 - 19세","수급자수","","3183","3145","3002","2743","2579","2367","3818","3834","3336","3104","2793","2762","2648","2507","2428","2467",
"대전광역시","남자","15세","수급자수","","678","666","589","505","453","286","778","751","601","555","511","471","488","522","480","488",
"대전광역시","남자","16세","수급자수","","691","691","666","582","496","323","826","894","720","612","561","581","502","494","563","509",
"대전광역시","남자","17세","수급자수","","733","684","668","631","583","412","852","874","842","716","627","619","605","503","520","577",
"대전광역시","남자","18세","수급자수","","622","678","616","596","583","413","822","858","759","803","660","648","632","584","507","544",
"대전광역시","남자","19세","수급자수","","459","426","463","429","464","456","540","457","414","418","434","443","421","404","358","349",
"대전광역시","남자","20 - 24세","수급자수","","829","906","926","992","1020","1097","1341","1311","1221","1261","1304","1467","1486","1355","1346","1327",
"대전광역시","남자","20세","수급자수","","194","224","203","242","234","503","347","312","264","281","274","314","258","240","268","229",
"대전광역시","남자","21세","수급자수","","183","171","211","196","208","548","263","229","230","240","244","261","283","229","234","253",
"대전광역시","남자","22세","수급자수","","184","223","191","238","234","447","268","307","261","276","292","313","303","304","273","278",
"대전광역시","남자","23세","수급자수","","144","168","197","161","216","270","270","237","278","237","259","307","334","293","298","268",
"대전광역시","남자","24세","수급자수","","124","120","124","155","128","193","193","226","188","227","235","272","308","289","273","299",
"대전광역시","남자","25 - 29세","수급자수","","344","339","307","273","290","308","412","433","447","482","561","732","835","841","902","919",
"대전광역시","남자","25세","수급자수","","92","97","90","85","115","266","140","135","160","165","184","205","239","242","250","237",
"대전광역시","남자","26세","수급자수","","70","76","67","58","65","185","88","105","87","112","123","174","165","192","194","222",
"대전광역시","남자","27세","수급자수","","62","54","59","46","39","183","82","66","90","81","110","142","166","145","179","165",
"대전광역시","남자","28세","수급자수","","65","54","42","45","32","100","64","69","48","75","65","127","122","145","143","167",
"대전광역시","남자","29세","수급자수","","55","58","49","39","39","89","38","58","62","49","79","84","143","117","136","128",
"대전광역시","남자","30 - 34세","수급자수","","378","343","323","302","295","297","313","271","260","320","411","567","673","721","760","851",
"대전광역시","남자","30세","수급자수","","68","52","66","55","41","55","42","54","51","70","69","116","131","149","145","171",
"대전광역시","남자","31세","수급자수","","50","67","58","72","63","37","45","39","53","64","91","107","146","145","161","166",
"대전광역시","남자","32세","수급자수","","90","55","61","60","72","27","56","48","44","66","84","113","130","150","153","179",
"대전광역시","남자","33세","수급자수","","86","85","57","57","60","38","76","54","53","59","87","114","136","136","149","177",
"대전광역시","남자","34세","수급자수","","84","84","81","58","59","44","94","76","59","61","80","117","130","141","152","158",
"대전광역시","남자","35 - 39세","수급자수","","838","737","634","562","474","427","541","527","499","552","599","719","770","759","788","888",
"대전광역시","남자","35세","수급자수","","142","80","78","82","62","65","97","91","82","82","77","106","149","140","153","156",
"대전광역시","남자","36세","수급자수","","132","143","91","86","75","74","94","101","93","96","99","125","130","160","144","187",
"대전광역시","남자","37세","수급자수","","159","154","142","96","90","76","104","98","109","112","120","137","135","133","176","160",
"대전광역시","남자","38세","수급자수","","187","174","146","142","101","63","116","109","99","135","141","159","164","143","153","198",
"대전광역시","남자","39세","수급자수","","218","186","177","156","146","76","130","128","116","127","162","192","192","183","162","187",
"대전광역시","남자","40 - 44세","수급자수","","1529","1461","1349","1232","1115","987","1093","984","907","916","889","1098","1225","1247","1254","1254",
"대전광역시","남자","40세","수급자수","","279","232","194","183","164","76","134","124","132","135","137","209","228","199","201","180",
"대전광역시","남자","41세","수급자수","","317","285","231","193","191","105","200","149","148","158","160","201","252","265","221","224",
"대전광역시","남자","42세","수급자수","","306","323","287","229","208","107","222","225","156","175","179","203","238","258","292","252",
"대전광역시","남자","43세","수급자수","","300","312","331","287","248","155","255","220","227","188","202","225","238","259","269","307",
"대전광역시","남자","44세","수급자수","","327","309","306","340","304","163","282","266","244","260","211","260","269","266","271","291",
"대전광역시","남자","45 - 49세","수급자수","","2087","1935","1766","1597","1631","1600","1806","1791","1735","1738","1705","1862","1872","1758","1767","1673",
"대전광역시","남자","45세","수급자수","","377","317","304","308","350","193","319","294","282","279","279","270","293","287","288","297",
"대전광역시","남자","46세","수급자수","","346","381","320","283","317","219","366","324","303","311","288","349","329","307","318","298",
"대전광역시","남자","47세","수급자수","","445","335","382","313","292","257","409","385","336","350","351","352","404","340","338","340",
"대전광역시","남자","48세","수급자수","","435","454","325","377","307","321","370","407","395","378","368","423","380","417","373","356",
"대전광역시","남자","49세","수급자수","","484","448","435","316","365","357","342","381","419","420","419","468","466","407","450","382",
"대전광역시","남자","50 - 54세","수급자수","","1817","1992","2068","2047","1973","1959","2033","1922","1871","2058","2198","2593","2870","2859","2758","2749",
"대전광역시","남자","50세","수급자수","","419","473","428","413","305","319","345","353","377","446","440","503","534","484","440","481",
"대전광역시","남자","51세","수급자수","","362","417","472","423","412","293","407","353","363","407","479","526","561","550","526","475",
"대전광역시","남자","52세","수급자수","","396","364","406","454","416","310","354","399","360","381","439","562","577","569","578","559",
"대전광역시","남자","53세","수급자수","","327","405","373","395","443","369","458","368","407","386","423","514","624","602","586","608",
"대전광역시","남자","54세","수급자수","","313","333","389","362","397","306","469","449","364","438","417","488","574","654","628","626",
"대전광역시","남자","55 - 59세","수급자수","","1034","1136","1296","1452","1621","1784","2179","2306","2378","2451","2601","2818","2895","2952","3180","3304",
"대전광역시","남자","55세","수급자수","","260","308","340","379","362","410","503","463","466","385","485","498","528","583","697","668",
"대전광역시","남자","56세","수급자수","","208","251","295","345","373","426","450","517","478","483","432","561","546","581","599","717",
"대전광역시","남자","57세","수급자수","","215","201","249","293","335","448","411","461","536","506","522","479","603","578","600","658",
"대전광역시","남자","58세","수급자수","","154","217","195","246","298","396","432","426","476","573","549","622","531","635","610","625",
"대전광역시","남자","59세","수급자수","","197","159","217","189","253","361","383","439","422","504","613","658","687","575","674","636",
"대전광역시","남자","60 - 64세","수급자수","","841","900","889","962","1006","1105","1358","1620","1822","2203","2546","3107","3542","3685","3746","3895",
"대전광역시","남자","60세","수급자수","","204","200","157","222","194","393","340","398","466","475","539","689","737","695","608","727",
"대전광역시","남자","61세","수급자수","","169","204","205","159","225","337","294","355","426","522","500","611","772","784","730","629",
"대전광역시","남자","62세","수급자수","","180","172","193","215","151","297","237","310","351","463","575","573","670","823","815","804",
"대전광역시","남자","63세","수급자수","","151","165","168","199","226","278","276","256","310","389","491","656","642","722","835","858",
"대전광역시","남자","64세","수급자수","","137","159","166","167","210","202","211","301","269","354","441","578","721","661","758","877",
"대전광역시","남자","65 - 69세","수급자수","","896","916","918","851","884","997","1269","1315","1436","1673","1974","2409","2976","3342","3699","4046",
"대전광역시","남자","65세","수급자수","","144","140","173","164","189","229","276","233","344","311","436","570","691","792","740","830",
"대전광역시","남자","66세","수급자수","","168","152","153","181","175","166","269","289","253","419","370","523","644","729","832","803",
"대전광역시","남자","67세","수급자수","","238","186","161","152","198","230","240","283","297","285","477","435","592","681","756","862",
"대전광역시","남자","68세","수급자수","","195","244","188","169","151","229","245","260","275","340","308","524","476","633","722","786",
"대전광역시","남자","69세","수급자수","","151","194","243","185","171","209","239","250","267","318","383","357","573","507","649","765",
"대전광역시","남자","70 - 74세","수급자수","","790","811","850","949","955","957","1076","1098","1066","1295","1524","1852","2052","2421","2547","2848",
"대전광역시","남자","70세","수급자수","","168","153","194","254","184","197","171","238","243","309","360","425","403","619","498","683",
"대전광역시","남자","71세","수급자수","","158","180","157","199","249","207","201","181","242","284","342","393","452","426","632","524",
"대전광역시","남자","72세","수급자수","","175","161","176","158","198","155","223","207","180","269","303","379","430","482","447","667",
"대전광역시","남자","73세","수급자수","","140","174","160","179","154","169","259","215","196","206","301","325","416","467","499","469",
"대전광역시","남자","74세","수급자수","","149","143","163","159","170","188","222","257","205","227","218","330","351","427","471","505",
"대전광역시","남자","75 - 79세","수급자수","","487","570","595","669","671","677","784","856","927","1205","1317","1384","1526","1542","1722","1956",
"대전광역시","남자","75세","수급자수","","135","148","136","164","144","242","177","212","254","255","252","235","345","362","425","491",
"대전광역시","남자","76세","수급자수","","123","135","132","131","157","200","184","164","198","306","265","258","255","345","377","435",
"대전광역시","남자","77세","수급자수","","94","120","120","127","134","158","145","183","155","249","324","286","272","259","368","392",
"대전광역시","남자","78세","수급자수","","80","92","115","125","117","169","155","148","182","190","276","327","299","290","264","369",
"대전광역시","남자","79세","수급자수","","55","75","92","122","119","136","123","149","138","205","200","278","355","286","288","269",
"대전광역시","남자","80 - 84세","수급자수","","241","249","251","271","306","340","429","459","511","691","824","930","1182","1337","1398","1415",
"대전광역시","남자","80세","수급자수","","66","56","67","83","110","150","106","116","147","180","213","210","300","353","291","287",
"대전광역시","남자","81세","수급자수","","62","60","51","57","67","116","107","100","104","173","185","222","230","298","351","271",
"대전광역시","남자","82세","수급자수","","41","51","52","45","58","106","99","95","96","123","167","194","246","230","295","350",
"대전광역시","남자","83세","수급자수","","48","39","45","46","30","108","59","91","80","118","133","172","219","246","224","287",
"대전광역시","남자","84세","수급자수","","24","43","36","40","41","96","58","57","84","97","126","132","187","210","237","220",
"대전광역시","남자","85 - 89세","수급자수","","111","105","109","103","107","105","119","148","163","279","335","392","506","595","669","776",
"대전광역시","남자","85세","수급자수","","29","20","36","33","30","58","24","50","47","94","97","117","135","168","193","230",
"대전광역시","남자","86세","수급자수","","23","25","16","23","32","56","35","24","43","59","93","91","124","136","162","186",
"대전광역시","남자","87세","수급자수","","31","17","20","14","17","22","25","31","26","55","59","90","98","117","127","147",
"대전광역시","남자","88세","수급자수","","20","27","18","18","14","35","23","23","27","36","50","52","95","93","107","110",
"대전광역시","남자","89세","수급자수","","8","16","19","15","14","27","12","20","20","35","36","42","54","81","80","103",
"대전광역시","남자","90 - 94세","수급자수","","24","28","29","38","39","41","36","33","33","57","85","104","128","146","192","205",
"대전광역시","남자","90세","수급자수","","10","6","13","15","12","23","7","13","17","21","30","34","39","54","70","65",
"대전광역시","남자","91세","수급자수","","4","9","5","12","12","11","8","6","9","21","19","28","32","37","49","56",
"대전광역시","남자","92세","수급자수","","4","4","5","4","8","9","7","5","3","10","22","18","26","24","33","40",
"대전광역시","남자","93세","수급자수","","4","5","2","5","3","11","9","4","3","4","9","20","16","20","22","27",
"대전광역시","남자","94세","수급자수","","2","4","4","2","4","9","5","5","1","1","5","4","15","11","18","17",
"대전광역시","남자","95 - 99세","수급자수","","6","7","7","11","10","5","3","9","9","13","10","12","17","21","27","33",
"대전광역시","남자","95세","수급자수","","3","2","3","4","2","10","0","5","2","3","1","6","4","9","9","11",
"대전광역시","남자","96세","수급자수","","1","3","2","4","4","9","2","1","6","3","2","0","7","2","8","7",
"대전광역시","남자","97세","수급자수","","0","1","1","2","1","2","0","2","1","6","6","1","1","7","2","7",
"대전광역시","남자","98세","수급자수","","1","0","1","1","2","2","1","0","0","1","1","5","2","2","5","3",
"대전광역시","남자","99세","수급자수","","1","1","0","0","1","1","0","1","0","0","0","0","3","1","3","5",
"대전광역시","남자","100세 이상","수급자수","","0","1","1","1","0","0","0","0","1","2","0","0","-","2","6","6",
"대전광역시","여자","계","수급자수","","25868","25716","24717","23688","23030","22555","27962","28161","26869","29328","30978","35015","38423","39909","41143","42800",
"대전광역시","여자","0 - 4세","수급자수","","523","527","465","422","376","369","472","435","395","438","484","539","549","544","505","485",
"대전광역시","여자","0세","수급자수","","58","71","59","52","43","48","72","68","52","54","55","51","58","53","48","51",
"대전광역시","여자","1세","수급자수","","109","77","84","87","76","54","75","80","82","70","72","106","77","87","75","80",
"대전광역시","여자","2세","수급자수","","101","119","73","80","89","76","80","85","90","98","103","98","126","98","102","98",
"대전광역시","여자","3세","수급자수","","130","124","120","85","86","96","104","85","86","100","117","128","130","150","119","124",
"대전광역시","여자","4세","수급자수","","125","136","129","118","82","95","141","117","85","116","137","156","158","156","161","132",
"대전광역시","여자","5 - 9세","수급자수","","1238","1086","939","820","740","685","1199","1319","1134","1146","1183","1271","1323","1271","1266","1294",
"대전광역시","여자","5세","수급자수","","177","136","147","133","124","98","136","146","124","111","142","173","198","179","166","179",
"대전광역시","여자","6세","수급자수","","217","177","140","142","136","131","126","152","135","150","127","180","192","216","186","187",
"대전광역시","여자","7세","수급자수","","244","229","177","144","150","149","271","270","268","274","271","245","292","266","293","262",
"대전광역시","여자","8세","수급자수","","284","250","224","177","150","8","338","336","278","307","314","320","288","308","289","338",
"대전광역시","여자","9세","수급자수","","316","294","251","224","180","9","328","415","329","304","329","353","353","302","332","328",
"대전광역시","여자","10 - 14세","수급자수","","2330","2116","1951","1712","1536","1351","2270","2365","2124","1981","1903","2068","2154","2038","1995","2041",
"대전광역시","여자","10세","수급자수","","369","317","293","244","222","3","338","401","408","347","317","367","379","373","328","361",
"대전광역시","여자","11세","수급자수","","404","390","332","300","252","157","362","412","357","413","359","364","402","404","391","352",
"대전광역시","여자","12세","수급자수","","484","409","392","340","305","150","460","435","411","370","423","396","396","408","436","414",
"대전광역시","여자","13세","수급자수","","485","501","421","393","360","180","502","545","431","413","393","502","439","403","429","468",
"대전광역시","여자","14세","수급자수","","588","499","513","435","397","232","608","572","517","438","411","439","538","450","411","446",
"대전광역시","여자","15 - 19세","수급자수","","3314","3285","3059","2773","2569","2319","3696","3715","3186","2949","2630","2546","2503","2491","2408","2336",
"대전광역시","여자","15세","수급자수","","676","607","507","502","439","256","719","674","560","518","446","446","477","548","461","434",
"대전광역시","여자","16세","수급자수","","690","703","623","502","523","314","792","864","669","556","540","515","481","496","571","490",
"대전광역시","여자","17세","수급자수","","729","698","702","597","498","369","833","851","815","670","551","571","528","484","489","568",
"대전광역시","여자","18세","수급자수","","682","703","666","643","561","395","838","849","715","773","621","560","583","525","487","488",
"대전광역시","여자","19세","수급자수","","537","574","561","529","548","435","514","477","427","432","472","454","434","438","400","356",
"대전광역시","여자","20 - 24세","수급자수","","1032","1176","1223","1318","1397","1494","1729","1649","1533","1606","1582","1891","1985","1820","1788","1764",
"대전광역시","여자","20세","수급자수","","358","457","455","461","469","514","506","427","417","409","399","511","457","404","434","391",
"대전광역시","여자","21세","수급자수","","279","284","346","362","372","490","471","416","360","398","383","421","504","432","376","406",
"대전광역시","여자","22세","수급자수","","203","219","201","253","284","485","337","372","336","328","337","395","389","422","401","347",
"대전광역시","여자","23세","수급자수","","111","144","137","148","162","495","247","258","238","278","240","321","350","292","332","325",
"대전광역시","여자","24세","수급자수","","81","72","84","94","110","387","168","176","182","193","223","243","285","270","245","295",
"대전광역시","여자","25 - 29세","수급자수","","381","342","291","266","279","317","417","450","468","535","602","750","847","900","885","946",
"대전광역시","여자","25세","수급자수","","69","69","58","64","70","290","113","125","140","161","174","229","205","237","214","225",
"대전광역시","여자","26세","수급자수","","54","63","51","50","61","204","96","94","93","117","139","145","189","172","219","200",
"대전광역시","여자","27세","수급자수","","69","51","61","45","49","118","76","88","75","80","113","145","143","186","151","206",
"대전광역시","여자","28세","수급자수","","102","67","55","58","46","92","73","72","90","80","90","122","168","139","162","155",
"대전광역시","여자","29세","수급자수","","87","92","66","49","53","66","59","71","70","97","86","109","142","166","139","160",
"대전광역시","여자","30 - 34세","수급자수","","701","636","569","500","464","429","491","445","398","472","550","725","842","881","940","1028",
"대전광역시","여자","30세","수급자수","","120","94","90","75","59","62","73","61","70","91","111","126","133","174","199","175",
"대전광역시","여자","31세","수급자수","","103","125","103","87","86","47","85","68","65","77","111","141","154","148","198","220",
"대전광역시","여자","32세","수급자수","","128","110","116","104","91","50","85","87","75","88","93","158","169","149","178","221",
"대전광역시","여자","33세","수급자수","","165","141","114","117","101","63","122","93","91","103","110","139","202","195","169","202",
"대전광역시","여자","34세","수급자수","","185","166","146","117","127","64","126","136","97","113","125","161","184","215","196","210",
"대전광역시","여자","35 - 39세","수급자수","","1587","1439","1251","1104","921","855","925","883","860","887","942","1137","1281","1243","1267","1315",
"대전광역시","여자","35세","수급자수","","240","189","193","148","123","91","158","144","151","119","139","169","206","194","236","223",
"대전광역시","여자","36세","수급자수","","303","248","188","203","149","101","171","169","146","166","152","203","225","218","206","270",
"대전광역시","여자","37세","수급자수","","292","314","243","198","203","110","154","193","181","160","223","205","232","263","262","241",
"대전광역시","여자","38세","수급자수","","352","309","317","225","220","138","189","170","210","203","193","298","263","267","275","285",
"대전광역시","여자","39세","수급자수","","400","379","310","330","226","118","253","207","172","239","235","262","355","301","288","296",
"대전광역시","여자","40 - 44세","수급자수","","2470","2421","2260","2012","1850","1642","1823","1671","1471","1407","1454","1708","1839","1962","2023","2046",
"대전광역시","여자","40세","수급자수","","485","403","386","301","338","161","286","270","209","210","273","313","321","401","329","316",
"대전광역시","여자","41세","수급자수","","547","502","386","370","312","209","290","289","274","238","247","334","383","348","429","367",
"대전광역시","여자","42세","수급자수","","500","542","479","386","373","229","398","307","268","308","279","314","369","405","382","472",
"대전광역시","여자","43세","수급자수","","474","507","522","455","375","229","392","409","317","308","322","352","370","410","435","411",
"대전광역시","여자","44세","수급자수","","464","467","487","500","452","331","457","396","403","343","333","395","396","398","448","480",
"대전광역시","여자","45 - 49세","수급자수","","2172","2169","2084","1990","2032","2053","2306","2285","2151","2196","2128","2433","2498","2426","2322","2393",
"대전광역시","여자","45세","수급자수","","468","449","441","451","476","319","439","428","386","446","358","404","439","425","409","466",
"대전광역시","여자","46세","수급자수","","417","449","440","416","423","387","495","435","404","414","457","438","454","455","443","434",
"대전광역시","여자","47세","수급자수","","456","408","415","404","392","376","531","481","420","433","434","550","475","486","465","479",
"대전광역시","여자","48세","수급자수","","426","438","367","376","382","446","439","506","461","421","437","509","575","484","499","498",
"대전광역시","여자","49세","수급자수","","405","425","421","343","359","463","402","435","480","482","442","532","555","576","506","516",
"대전광역시","여자","50 - 54세","수급자수","","1512","1633","1713","1752","1758","1698","1900","1850","1831","2064","2227","2594","2889","2933","2952","2948",
"대전광역시","여자","50세","수급자수","","382","390","412","389","333","418","409","381","434","495","481","533","570","578","598","525",
"대전광역시","여자","51세","수급자수","","325","380","368","400","374","359","380","377","350","451","510","556","579","584","586","604",
"대전광역시","여자","52세","수급자수","","295","312","366","345","372","367","352","374","361","362","457","563","592","594","574","602",
"대전광역시","여자","53세","수급자수","","270","287","286","345","337","334","380","344","361","380","380","509","601","586","599","584",
"대전광역시","여자","54세","수급자수","","240","264","281","273","342","319","379","374","325","376","399","433","547","591","595","633",
"대전광역시","여자","55 - 59세","수급자수","","1077","1152","1228","1218","1290","1409","1702","1822","1903","2037","2113","2440","2552","2630","2787","2883",
"대전광역시","여자","55세","수급자수","","281","252","258","259","274","355","369","376","393","341","405","469","454","558","598","622",
"대전광역시","여자","56세","수급자수","","219","282","250","262","243","350","390","378","381","419","353","490","513","476","559","619",
"대전광역시","여자","57세","수급자수","","223","213","270","240","260","340","333","401","380","403","448","428","517","543","486","562",
"대전광역시","여자","58세","수급자수","","167","237","206","259","248","347","304","338","402","427","433","537","475","551","560","501",
"대전광역시","여자","59세","수급자수","","187","168","244","198","265","284","306","329","347","447","474","516","593","502","584","579",
"대전광역시","여자","60 - 64세","수급자수","","1128","1145","1106","1104","1083","1161","1496","1663","1714","2037","2299","2682","3021","3251","3317","3311",
"대전광역시","여자","60세","수급자수","","231","202","171","244","206","255","333","325","343","381","507","555","586","631","523","600",
"대전광역시","여자","61세","수급자수","","216","235","201","178","247","259","334","357","332","399","413","604","625","622","666","551",
"대전광역시","여자","62세","수급자수","","239","232","230","201","181","264","267","364","373","386","445","508","657","668","657","699",
"대전광역시","여자","63세","수급자수","","211","254","243","234","203","281","315","288","371","450","414","528","554","705","719","705",
"대전광역시","여자","64세","수급자수","","231","222","261","247","246","213","247","329","295","421","520","487","599","625","752","756",
"대전광역시","여자","65 - 69세","수급자수","","1721","1697","1591","1460","1420","1404","1635","1634","1667","2026","2293","2718","3235","3556","3856","4112",
"대전광역시","여자","65세","수급자수","","284","261","244","288","265","257","297","266","361","375","503","638","610","685","720","838",
"대전광역시","여자","66세","수급자수","","299","296","271","261","300","195","315","309","286","452","432","589","730","687","731","761",
"대전광역시","여자","67세","수급자수","","416","315","298","271","267","215","356","333","324","368","508","491","707","816","750","790",
"대전광역시","여자","68세","수급자수","","373","439","331","303","283","264","354","359","347","402","405","567","557","767","865","807",
"대전광역시","여자","69세","수급자수","","349","386","447","337","305","286","313","367","349","429","445","433","631","601","790","916",
"대전광역시","여자","70 - 74세","수급자수","","1722","1762","1801","1912","1878","1828","1976","1871","1752","2062","2300","2534","2849","3036","3150","3509",
"대전광역시","여자","70세","수급자수","","363","354","374","461","338","311","317","316","380","433","475","485","478","676","642","855",
"대전광역시","여자","71세","수급자수","","341","375","343","371","467","267","345","328","316","455","481","527","550","514","710","679",
"대전광역시","여자","72세","수급자수","","330","360","383","343","369","276","388","345","331","363","510","532","590","580","554","744",
"대전광역시","여자","73세","수급자수","","335","341","365","376","334","315","514","379","348","389","396","564","598","633","596","587",
"대전광역시","여자","74세","수급자수","","353","332","336","361","370","346","412","503","377","422","438","426","633","633","648","644",
"대전광역시","여자","75 - 79세","수급자수","","1321","1448","1483","1552","1588","1617","1756","1797","1920","2311","2549","2757","2888","2941","3126","3345",
"대전광역시","여자","75세","수급자수","","308","358","329","336","362","465","362","404","490","440","474","488","483","687","666","685",
"대전광역시","여자","76세","수급자수","","302","303","337","328","332","371","380","345","397","580","475","510","528","515","732","715",
"대전광역시","여자","77세","수급자수","","260","299","295","331","313","331","372","374","325","471","643","511","546","561","543","754",
"대전광역시","여자","78세","수급자수","","243","251","283","283","313","354","320","363","358","393","526","686","564","568","591","581",
"대전광역시","여자","79세","수급자수","","208","237","239","274","268","355","322","311","350","427","431","562","767","610","594","610",
"대전광역시","여자","80 - 84세","수급자수","","959","982","1006","1013","1034","1049","1225","1311","1328","1770","2026","2216","2666","3093","3249","3354",
"대전광역시","여자","80세","수급자수","","258","207","216","233","260","311","309","309","287","417","450","457","617","798","645","609",
"대전광역시","여자","81세","수급자수","","198","249","194","212","216","302","278","296","295","376","471","463","515","647","832","651",
"대전광역시","여자","82세","수급자수","","228","190","233","181","196","295","251","265","280","357","387","493","523","520","680","849",
"대전광역시","여자","83세","수급자수","","134","206","183","218","163","268","205","237","250","330","372","414","547","550","525","704",
"대전광역시","여자","84세","수급자수","","141","130","180","169","199","248","182","204","216","290","346","389","464","578","567","541",
"대전광역시","여자","85 - 89세","수급자수","","488","506","493","542","562","612","648","689","690","944","1146","1365","1677","1933","2208","2398",
"대전광역시","여자","85세","수급자수","","129","130","119","170","157","193","150","164","188","269","325","356","437","467","574","570",
"대전광역시","여자","86세","수급자수","","132","113","116","98","156","183","173","138","142","227","272","332","385","451","483","562",
"대전광역시","여자","87세","수급자수","","96","118","91","102","87","157","129","159","120","165","231","272","345","387","443","479",
"대전광역시","여자","88세","수급자수","","75","85","98","82","96","180","130","114","136","141","169","224","278","346","376","423",
"대전광역시","여자","89세","수급자수","","56","60","69","90","66","135","66","114","104","142","149","181","232","282","332","364",
"대전광역시","여자","90 - 94세","수급자수","","142","151","158","169","190","206","240","252","289","360","449","513","668","767","861","1000",
"대전광역시","여자","90세","수급자수","","38","46","50","55","82","139","78","53","92","118","144","138","189","221","253","306",
"대전광역시","여자","91세","수급자수","","43","27","40","43","43","74","49","75","47","98","125","142","150","172","196","248",
"대전광역시","여자","92세","수급자수","","27","37","22","32","33","84","69","45","65","50","91","117","133","148","169","179",
"대전광역시","여자","93세","수급자수","","21","22","31","12","24","59","28","58","39","60","38","84","118","121","126","151",
"대전광역시","여자","94세","수급자수","","13","19","15","27","8","72","16","21","46","34","51","32","78","105","117","116",
"대전광역시","여자","95 - 99세","수급자수","","42","37","40","42","58","47","48","43","47","90","109","118","138","162","198","255",
"대전광역시","여자","95세","수급자수","","17","9","17","11","24","33","14","18","21","49","34","43","35","66","90","99",
"대전광역시","여자","96세","수급자수","","8","14","8","11","11","23","9","6","15","18","41","22","41","31","46","80",
"대전광역시","여자","97세","수급자수","","8","4","9","9","9","19","13","7","5","12","19","28","20","34","25","31",
"대전광역시","여자","98세","수급자수","","6","6","2","9","6","9","5","10","2","9","6","18","25","14","26","24",
"대전광역시","여자","99세","수급자수","","3","4","4","2","8","18","7","2","4","2","9","7","17","17","11","21",
"대전광역시","여자","100세 이상","수급자수","","8","6","6","7","5","10","8","12","8","10","9","10","19","31","40","37",
"울산광역시","계","계","수급자수","","18388","17802","16194","14819","14339","14396","20343","17687","17764","21894","25545","32210","37476","40376","42577","45042",
"울산광역시","계","0 - 4세","수급자수","","357","328","286","246","229","227","277","265","266","337","410","501","482","441","460","428",
"울산광역시","계","0세","수급자수","","41","50","38","28","34","31","39","39","36","43","39","39","39","34","44","32",
"울산광역시","계","1세","수급자수","","61","51","54","42","44","51","56","53","50","53","62","88","75","53","49","77",
"울산광역시","계","2세","수급자수","","83","68","55","52","42","45","57","48","63","70","73","89","115","88","86","67",
"울산광역시","계","3세","수급자수","","71","79","69","58","52","51","63","57","55","87","110","113","110","140","112","110",
"울산광역시","계","4세","수급자수","","101","80","70","66","57","49","62","68","62","84","126","172","143","126","169","142",
"울산광역시","계","5 - 9세","수급자수","","787","666","560","484","438","422","1250","772","681","750","879","1210","1486","1505","1446","1428",
"울산광역시","계","5세","수급자수","","110","97","83","77","73","73","80","67","77","94","125","190","223","178","154","201",
"울산광역시","계","6세","수급자수","","145","116","100","80","76","71","95","80","78","115","128","203","245","241","211","186",
"울산광역시","계","7세","수급자수","","118","148","114","95","75","96","312","162","159","167","203","255","322","320","309","292",
"울산광역시","계","8세","수급자수","","177","129","136","112","97","1","410","211","167","185","201","283","337","388","360","348",
"울산광역시","계","9세","수급자수","","237","176","127","120","117","2","353","252","200","189","222","279","359","378","412","401",
"울산광역시","계","10 - 14세","수급자수","","1756","1615","1344","1059","881","784","2288","1369","1218","1354","1429","1787","2068","2168","2271","2486",
"울산광역시","계","10세","수급자수","","262","252","166","127","116","2","375","232","236","228","230","295","352","395","417","438",
"울산광역시","계","11세","수급자수","","332","264","245","160","130","79","409","244","219","286","263","320","390","407","446","475",
"울산광역시","계","12세","수급자수","","352","341","250","234","164","103","416","286","230","264","321","360","388","436","449","507",
"울산광역시","계","13세","수급자수","","376","362","328","236","234","117","502","291","258","274","320","409","433","447","491","516",
"울산광역시","계","14세","수급자수","","434","396","355","302","237","116","586","316","275","302","295","403","505","483","468","550",
"울산광역시","계","15 - 19세","수급자수","","2382","2205","1910","1618","1503","1417","3336","2150","1803","1869","1885","2097","2261","2392","2469","2636",
"울산광역시","계","15세","수급자수","","467","421","383","324","307","138","721","383","298","335","327","386","461","549","528","502",
"울산광역시","계","16세","수급자수","","509","483","394","348","330","172","768","489","358","357","394","417","439","480","583","597",
"울산광역시","계","17세","수급자수","","515","492","430","338","343","241","801","499","462","414","377","461","457","479","486","621",
"울산광역시","계","18세","수급자수","","522","457","426","359","290","251","748","525","430","489","428","470","507","489","502","519",
"울산광역시","계","19세","수급자수","","369","352","277","249","233","314","298","254","255","274","359","363","397","395","370","397",
"울산광역시","계","20 - 24세","수급자수","","606","622","571","540","599","591","709","724","669","866","944","1233","1328","1348","1384","1438",
"울산광역시","계","20세","수급자수","","229","216","202","165","184","334","196","211","162","231","228","336","309","324","313","306",
"울산광역시","계","21세","수급자수","","146","163","143","142","144","308","155","152","160","188","205","252","339","292","316","319",
"울산광역시","계","22세","수급자수","","92","110","108","110","135","210","168","151","144","186","200","255","277","309","276","308",
"울산광역시","계","23세","수급자수","","71","76","74","72","74","150","105","124","113","148","164","219","217","238","267","263",
"울산광역시","계","24세","수급자수","","68","57","44","51","62","151","85","86","90","113","147","171","186","185","212","242",
"울산광역시","계","25 - 29세","수급자수","","247","247","202","148","141","169","192","209","218","274","347","549","626","645","645","706",
"울산광역시","계","25세","수급자수","","51","59","43","28","40","132","52","66","63","93","101","158","158","154","147","174",
"울산광역시","계","26세","수급자수","","44","41","40","29","24","100","45","44","47","55","89","106","135","137","126","133",
"울산광역시","계","27세","수급자수","","58","36","33","32","22","58","34","35","37","42","62","110","111","125","125","130",
"울산광역시","계","28세","수급자수","","50","59","31","31","32","49","28","40","31","42","45","84","112","106","136","120",
"울산광역시","계","29세","수급자수","","44","52","55","28","23","44","33","24","40","42","50","91","110","123","111","149",
"울산광역시","계","30 - 34세","수급자수","","363","336","308","279","273","253","297","272","240","315","372","578","741","804","835","869",
"울산광역시","계","30세","수급자수","","57","52","59","47","34","23","45","35","32","59","63","97","128","132","160","149",
"울산광역시","계","31세","수급자수","","58","59","48","53","48","22","46","45","39","43","84","105","138","133","165","174",
"울산광역시","계","32세","수급자수","","75","68","61","58","63","31","53","48","50","55","58","136","139","162","161","185",
"울산광역시","계","33세","수급자수","","73","76","63","58","64","30","77","51","58","78","73","117","187","158","170","169",
"울산광역시","계","34세","수급자수","","100","81","77","63","64","38","76","93","61","80","94","123","149","219","179","192",
"울산광역시","계","35 - 39세","수급자수","","877","751","606","522","459","422","512","475","512","646","714","965","1084","1087","1136","1194",
"울산광역시","계","35세","수급자수","","121","98","80","79","66","55","92","77","92","83","102","150","159","167","240","201",
"울산광역시","계","36세","수급자수","","153","130","91","85","71","66","100","91","91","133","116","162","189","199","178","268",
"울산광역시","계","37세","수급자수","","171","148","124","89","91","64","88","101","100","120","160","185","197","207","226","212",
"울산광역시","계","38세","수급자수","","197","173","148","124","105","71","108","99","115","149","147","227","235","233","227","260",
"울산광역시","계","39세","수급자수","","235","202","163","145","126","70","124","107","114","161","189","241","304","281","265","253",
"울산광역시","계","40 - 44세","수급자수","","1430","1319","1146","1021","941","907","1055","910","876","960","1110","1477","1758","1918","2014","2032",
"울산광역시","계","40세","수급자수","","255","242","186","175","146","79","172","132","127","153","204","280","312","351","299","308",
"울산광역시","계","41세","수급자수","","270","249","222","186","176","81","179","168","137","147","206","307","341","380","387","350",
"울산광역시","계","42세","수급자수","","274","270","233","214","185","121","215","171","170","181","197","293","385","395","425","425",
"울산광역시","계","43세","수급자수","","296","270","254","217","210","135","232","209","205","221","218","292","352","409","437","463",
"울산광역시","계","44세","수급자수","","335","288","251","229","224","161","257","230","237","258","285","305","368","383","466","486",
"울산광역시","계","45 - 49세","수급자수","","1713","1652","1426","1256","1221","1228","1417","1330","1310","1577","1766","2258","2393","2422","2355","2457",
"울산광역시","계","45세","수급자수","","324","321","257","244","224","183","289","237","223","288","298","400","362","405","416","499",
"울산광역시","계","46세","수급자수","","303","321","294","229","242","203","281","267","248","303","345","417","461","397","439","463",
"울산광역시","계","47세","수급자수","","338","281","301","287","229","225","277","273","277","314","359","471","492","507","438","478",
"울산광역시","계","48세","수급자수","","401","342","261","265","272","234","296","271","283","335","370","478","528","531","523","454",
"울산광역시","계","49세","수급자수","","347","387","313","231","254","232","274","282","279","337","394","492","550","582","539","563",
"울산광역시","계","50 - 54세","수급자수","","1617","1592","1533","1423","1314","1345","1449","1386","1441","1688","1937","2499","2902","3078","3153","3179",
"울산광역시","계","50세","수급자수","","344","330","332","282","220","248","304","256","295","338","387","508","560","594","621","589",
"울산광역시","계","51세","수급자수","","360","339","318","295","268","236","283","288","272","344","397","492","574","609","612","639",
"울산광역시","계","52세","수급자수","","316","340","306","291","293","278","240","277","304","308","386","513","595","607","651","648",
"울산광역시","계","53세","수급자수","","286","302","300","257","279","258","302","250","294","353","356","498","600","637","616","658",
"울산광역시","계","54세","수급자수","","311","281","277","298","254","221","320","315","276","345","411","488","573","631","653","645",
"울산광역시","계","55 - 59세","수급자수","","1104","1204","1205","1172","1255","1331","1501","1583","1724","1854","2110","2595","2991","3104","3244","3407",
"울산광역시","계","55세","수급자수","","230","312","261","254","292","275","320","326","332","315","392","521","578","608","648","674",
"울산광역시","계","56세","수급자수","","242","230","286","246","249","292","280","322","339","374","375","477","604","638","632","682",
"울산광역시","계","57세","수급자수","","240","231","207","256","250","299","332","302","352","390","416","472","593","654","648","639",
"울산광역시","계","58세","수급자수","","187","243","228","202","252","259","293","339","331","401","439","553","561","620","688","678",
"울산광역시","계","59세","수급자수","","205","188","223","214","212","296","276","294","370","374","488","572","655","584","628","734",
"울산광역시","계","60 - 64세","수급자수","","895","934","891","880","906","1008","1256","1368","1512","2013","2410","3211","3746","3961","3932","3947",
"울산광역시","계","60세","수급자수","","172","206","181","216","202","257","298","292","320","421","474","662","715","695","597","680",
"울산광역시","계","61세","수급자수","","176","167","190","169","213","252","255","309","317","398","478","652","755","751","754","655",
"울산광역시","계","62세","수급자수","","204","180","165","183","153","267","239","255","337","380","485","640","762","844","829","780",
"울산광역시","계","63세","수급자수","","172","206","163","157","176","225","263","247","283","423","447","638","758","819","888","880",
"울산광역시","계","64세","수급자수","","171","175","192","155","162","214","201","265","255","391","526","619","756","852","864","952",
"울산광역시","계","65 - 69세","수급자수","","1267","1236","1106","998","998","1012","1218","1248","1408","1936","2502","3253","4016","4585","4989","5347",
"울산광역시","계","65세","수급자수","","228","191","176","209","180","227","249","228","331","395","525","787","804","917","990","1017",
"울산광역시","계","66세","수급자수","","208","227","181","183","216","164","235","274","254","439","504","671","933","912","1002","1073",
"울산광역시","계","67세","수급자수","","315","213","224","179","192","178","244","233","296","332","555","629","792","1041","942","1079",
"울산광역시","계","68세","수급자수","","277","320","214","220","188","187","248","255","255","398","433","652","736","898","1096","1015",
"울산광역시","계","69세","수급자수","","239","285","311","207","222","211","242","258","272","372","485","514","751","817","959","1163",
"울산광역시","계","70 - 74세","수급자수","","1214","1210","1228","1250","1221","1198","1306","1242","1221","1699","2089","2586","3044","3455","3901","4397",
"울산광역시","계","70세","수급자수","","284","236","277","307","208","226","204","234","284","374","453","551","594","821","882","1012",
"울산광역시","계","71세","수급자수","","248","285","218","261","310","202","246","199","240","362","446","511","628","641","892","948",
"울산광역시","계","72세","수급자수","","234","238","275","206","251","186","240","235","206","340","463","526","598","697","680","926",
"울산광역시","계","73세","수급자수","","211","242","229","257","203","209","345","236","246","273","398","532","613","644","748","720",
"울산광역시","계","74세","수급자수","","237","209","229","219","249","215","271","338","245","350","329","466","611","652","699","791",
"울산광역시","계","75 - 79세","수급자수","","901","963","931","936","936","1002","1090","1158","1297","1802","2095","2338","2667","2801","3084","3341",
"울산광역시","계","75세","수급자수","","203","222","188","218","209","318","225","271","353","332","398","374","521","657","706","737",
"울산광역시","계","76세","수급자수","","177","211","213","178","209","252","261","218","272","457","414","459","413","565","717","750",
"울산광역시","계","77세","수급자수","","187","172","190","210","160","204","226","256","213","342","522","459","511","465","601","740",
"울산광역시","계","78세","수급자수","","167","194","172","178","192","242","210","208","267","305","404","594","543","534","487","623",
"울산광역시","계","79세","수급자수","","167","164","168","152","166","219","168","205","192","366","357","452","679","580","573","491",
"울산광역시","계","80 - 84세","수급자수","","532","550","556","600","621","653","725","730","789","1160","1506","1765","2185","2650","2918","3060",
"울산광역시","계","80세","수급자수","","130","142","136","160","147","211","177","161","210","268","403","385","507","747","616","599",
"울산광역시","계","81세","수급자수","","127","124","132","129","154","151","159","163","156","272","311","426","454","528","786","629",
"울산광역시","계","82세","수급자수","","102","118","108","120","127","179","139","148","156","228","307","356","455","485","552","789",
"울산광역시","계","83세","수급자수","","92","89","104","100","105","156","140","126","140","213","237","326","423","463","484","554",
"울산광역시","계","84세","수급자수","","81","77","76","91","88","136","110","132","127","179","248","272","346","427","480","489",
"울산광역시","계","85 - 89세","수급자수","","252","272","267","272","283","308","319","340","405","570","755","939","1200","1428","1635","1824",
"울산광역시","계","85세","수급자수","","63","73","70","67","84","147","80","97","125","163","208","257","296","377","424","494",
"울산광역시","계","86세","수급자수","","69","59","59","60","61","120","77","74","98","146","183","221","285","302","376","434",
"울산광역시","계","87세","수급자수","","47","60","50","53","49","94","78","69","70","107","155","195","256","297","302","351",
"울산광역시","계","88세","수급자수","","43","43","51","47","50","84","42","61","58","93","109","155","199","252","284","285",
"울산광역시","계","89세","수급자수","","30","37","37","45","39","77","42","39","54","61","100","111","164","200","249","260",
"울산광역시","계","90 - 94세","수급자수","","70","78","94","90","95","97","122","126","138","178","230","299","404","468","578","710",
"울산광역시","계","90세","수급자수","","23","28","30","28","36","55","40","38","37","58","63","102","130","153","190","229",
"울산광역시","계","91세","수급자수","","17","20","23","22","23","44","26","30","35","44","61","65","103","118","139","187",
"울산광역시","계","92세","수급자수","","14","12","22","16","17","48","26","20","29","32","41","60","75","86","111","132",
"울산광역시","계","93세","수급자수","","10","9","12","14","11","33","18","23","18","30","36","39","59","73","77","98",
"울산광역시","계","94세","수급자수","","6","9","7","10","8","25","12","15","19","14","29","33","37","38","61","64",
"울산광역시","계","95 - 99세","수급자수","","17","21","22","23","22","16","22","26","33","42","52","66","88","113","118","143",
"울산광역시","계","95세","수급자수","","4","6","6","5","8","17","7","10","13","18","16","22","29","39","40","53",
"울산광역시","계","96세","수급자수","","7","5","5","5","3","10","8","8","8","9","18","15","27","22","33","32",
"울산광역시","계","97세","수급자수","","4","8","6","5","3","12","4","6","6","9","8","17","15","21","18","24",
"울산광역시","계","98세","수급자수","","1","1","4","5","3","7","1","1","5","4","8","6","14","16","20","19",
"울산광역시","계","99세","수급자수","","1","1","1","3","5","4","2","1","1","2","2","6","3","15","7","15",
"울산광역시","계","100세 이상","수급자수","","1","1","2","2","3","6","2","4","3","4","3","4","6","3","10","13",
"울산광역시","남자","계","수급자수","","8159","7926","7161","6566","6406","6523","9377","8135","8217","9842","11401","14437","16724","17860","18742","19797",
"울산광역시","남자","0 - 4세","수급자수","","187","174","154","138","126","129","148","136","141","190","217","264","261","238","232","213",
"울산광역시","남자","0세","수급자수","","22","26","23","18","22","17","20","21","20","22","17","17","20","21","19","15",
"울산광역시","남자","1세","수급자수","","35","25","29","25","24","27","26","26","27","30","31","46","37","32","29","37",
"울산광역시","남자","2세","수급자수","","39","40","26","31","23","28","32","23","29","42","44","45","65","41","50","40",
"울산광역시","남자","3세","수급자수","","41","38","39","29","29","29","33","32","30","48","58","64","58","74","47","58",
"울산광역시","남자","4세","수급자수","","50","45","37","35","28","28","37","34","35","48","67","92","81","70","87","63",
"울산광역시","남자","5 - 9세","수급자수","","405","340","298","261","231","219","650","413","358","394","462","619","778","772","740","734",
"울산광역시","남자","5세","수급자수","","54","49","48","39","37","36","38","37","41","51","69","97","118","95","86","100",
"울산광역시","남자","6세","수급자수","","84","58","51","44","39","32","49","44","47","58","68","101","127","122","111","102",
"울산광역시","남자","7세","수급자수","","55","85","54","51","40","52","154","91","80","98","99","137","179","162","155","148",
"울산광역시","남자","8세","수급자수","","85","63","79","58","51","0","210","108","85","95","116","131","174","200","184","174",
"울산광역시","남자","9세","수급자수","","127","85","66","69","64","0","199","133","105","92","110","153","180","193","204","210",
"울산광역시","남자","10 - 14세","수급자수","","903","826","688","545","454","428","1185","728","660","687","738","945","1084","1121","1181","1272",
"울산광역시","남자","10세","수급자수","","123","126","82","66","70","0","198","129","129","118","117","156","184","196","212","219",
"울산광역시","남자","11세","수급자수","","176","131","129","79","67","43","208","138","116","142","138","167","200","202","221","247",
"울산광역시","남자","12세","수급자수","","176","180","126","125","80","56","225","145","125","141","165","191","208","230","221","262",
"울산광역시","남자","13세","수급자수","","199","182","172","116","123","68","248","161","125","141","166","214","229","244","262","253",
"울산광역시","남자","14세","수급자수","","229","207","179","159","114","71","306","155","165","145","152","217","263","249","265","291",
"울산광역시","남자","15 - 19세","수급자수","","1173","1093","948","813","758","702","1667","1085","894","935","930","1052","1111","1206","1244","1370",
"울산광역시","남자","15세","수급자수","","251","227","194","170","158","69","378","198","146","196","154","200","244","285","277","280",
"울산광역시","남자","16세","수급자수","","246","259","207","174","169","90","401","255","182","171","217","206","227","254","302","320",
"울산광역시","남자","17세","수급자수","","242","241","231","172","168","130","395","256","239","212","181","251","219","248","254","319",
"울산광역시","남자","18세","수급자수","","251","218","213","191","146","119","358","261","214","242","224","223","267","226","253","270",
"울산광역시","남자","19세","수급자수","","183","148","103","106","117","166","135","115","113","114","154","172","154","193","158","181",
"울산광역시","남자","20 - 24세","수급자수","","228","250","223","193","231","238","297","320","300","382","420","524","568","553","578","591",
"울산광역시","남자","20세","수급자수","","64","77","61","28","57","170","62","86","58","85","80","120","118","98","119","95",
"울산광역시","남자","21세","수급자수","","48","49","51","56","37","150","54","52","68","74","78","91","128","112","105","126",
"울산광역시","남자","22세","수급자수","","47","51","45","53","67","97","84","74","68","91","96","124","117","137","121","120",
"울산광역시","남자","23세","수급자수","","35","44","36","34","41","47","48","66","59","74","90","101","112","108","129","131",
"울산광역시","남자","24세","수급자수","","34","29","30","22","29","51","49","42","47","58","76","88","93","98","104","119",
"울산광역시","남자","25 - 29세","수급자수","","122","127","92","71","64","75","75","100","103","134","165","246","270","281","297","328",
"울산광역시","남자","25세","수급자수","","27","32","20","19","19","53","29","37","30","50","48","75","79","67","79","84",
"울산광역시","남자","26세","수급자수","","24","16","18","12","15","55","18","25","30","27","45","44","59","65","49","68",
"울산광역시","남자","27세","수급자수","","33","19","11","16","6","32","8","13","19","24","32","50","43","57","63","53",
"울산광역시","남자","28세","수급자수","","24","34","13","11","15","26","15","12","10","20","20","37","48","38","62","58",
"울산광역시","남자","29세","수급자수","","14","26","30","13","9","17","5","13","14","13","20","40","41","54","44","65",
"울산광역시","남자","30 - 34세","수급자수","","158","149","133","113","116","110","119","109","89","111","124","221","315","334","362","387",
"울산광역시","남자","30세","수급자수","","28","21","28","22","17","13","14","7","15","23","20","39","59","54","72","69",
"울산광역시","남자","31세","수급자수","","23","28","21","21","20","6","18","17","14","16","25","37","65","60","69","85",
"울산광역시","남자","32세","수급자수","","34","28","25","23","28","13","23","19","18","22","20","48","52","77","71","79",
"울산광역시","남자","33세","수급자수","","34","35","25","24","25","13","32","23","17","23","29","47","73","63","78","68",
"울산광역시","남자","34세","수급자수","","39","37","34","23","26","18","32","43","25","27","30","50","66","80","72","86",
"울산광역시","남자","35 - 39세","수급자수","","352","309","261","230","189","194","211","209","222","276","280","369","403","417","431","439",
"울산광역시","남자","35세","수급자수","","44","51","34","35","26","25","36","36","43","40","36","46","65","68","87","76",
"울산광역시","남자","36세","수급자수","","74","43","49","36","34","28","40","39","41","62","50","59","58","78","70","98",
"울산광역시","남자","37세","수급자수","","64","72","39","47","39","26","38","39","42","55","63","78","72","67","93","81",
"울산광역시","남자","38세","수급자수","","81","64","74","41","50","28","51","44","46","57","59","88","90","90","77","99",
"울산광역시","남자","39세","수급자수","","89","79","65","71","40","30","46","51","50","62","72","98","118","114","104","85",
"울산광역시","남자","40 - 44세","수급자수","","616","564","485","436","417","399","446","374","375","388","449","595","685","736","756","748",
"울산광역시","남자","40세","수급자수","","99","96","74","73","76","41","66","48","60","63","72","96","118","136","113","121",
"울산광역시","남자","41세","수급자수","","112","94","89","76","75","36","62","70","49","61","82","120","116","143","144","129",
"울산광역시","남자","42세","수급자수","","126","120","90","92","77","59","104","54","74","70","90","128","150","142","155","157",
"울산광역시","남자","43세","수급자수","","127","125","115","87","93","46","103","97","77","96","84","126","144","160","154","159",
"울산광역시","남자","44세","수급자수","","152","129","117","108","96","80","111","105","115","98","121","125","157","155","190","182",
"울산광역시","남자","45 - 49세","수급자수","","890","844","725","647","628","616","689","645","629","727","822","1055","1071","1068","1001","1020",
"울산광역시","남자","45세","수급자수","","173","144","112","121","114","78","128","107","101","137","116","177","145","174","166","199",
"울산광역시","남자","46세","수급자수","","146","177","134","109","120","94","120","115","108","133","169","167","195","161","185","184",
"울산광역시","남자","47세","수급자수","","165","143","174","131","110","101","144","124","127","142","170","226","206","223","183","199",
"울산광역시","남자","48세","수급자수","","210","179","136","161","131","104","154","148","131","153","175","240","251","238","233","186",
"울산광역시","남자","49세","수급자수","","196","201","169","125","153","125","143","151","162","162","192","245","274","272","234","252",
"울산광역시","남자","50 - 54세","수급자수","","951","926","885","800","744","767","821","784","826","939","1051","1360","1556","1650","1623","1578",
"울산광역시","남자","50세","수급자수","","206","191","176","155","125","126","156","138","166","188","198","265","288","302","296","257",
"울산광역시","남자","51세","수급자수","","203","207","190","154","148","122","170","147","152","190","228","260","299","313","312","303",
"울산광역시","남자","52세","수급자수","","185","190","188","168","157","139","141","170","162","171","206","292","321","318","331","341",
"울산광역시","남자","53세","수급자수","","171","178","165","151","158","152","176","149","179","185","197","263","353","350","327","336",
"울산광역시","남자","54세","수급자수","","186","160","166","172","156","127","178","180","167","205","222","280","295","367","357","341",
"울산광역시","남자","55 - 59세","수급자수","","576","649","651","650","724","782","872","909","992","1054","1206","1440","1681","1687","1809","1886",
"울산광역시","남자","55세","수급자수","","118","176","151","151","165","162","185","180","189","182","235","280","338","314","376","377",
"울산광역시","남자","56세","수급자수","","132","117","162","143","153","155","173","188","195","206","216","283","325","360","341","400",
"울산광역시","남자","57세","수급자수","","127","125","104","146","146","171","179","183","208","223","231","258","350","344","369","340",
"울산광역시","남자","58세","수급자수","","95","128","117","103","146","161","173","186","193","233","242","305","306","360","359","386",
"울산광역시","남자","59세","수급자수","","104","103","117","107","114","168","162","172","207","210","282","314","362","309","364","383",
"울산광역시","남자","60 - 64세","수급자수","","410","439","426","446","461","521","643","715","796","1054","1271","1699","1991","2101","2091","2108",
"울산광역시","남자","60세","수급자수","","84","101","96","116","105","154","153","170","184","231","270","368","388","384","316","390",
"울산광역시","남자","61세","수급자수","","93","81","87","85","112","150","135","157","177","227","253","355","417","407","412","347",
"울산광역시","남자","62세","수급자수","","91","91","77","87","74","149","120","134","172","198","266","336","415","448","443","416",
"울산광역시","남자","63세","수급자수","","69","98","81","81","82","124","140","117","143","209","225","336","379","444","460","463",
"울산광역시","남자","64세","수급자수","","73","68","85","77","88","111","95","137","120","189","257","304","392","418","460","492",
"울산광역시","남자","65 - 69세","수급자수","","471","466","408","375","402","442","535","550","653","879","1139","1513","1898","2142","2342","2557",
"울산광역시","남자","65세","수급자수","","74","82","60","84","87","122","117","106","166","177","246","395","385","452","485","528",
"울산광역시","남자","66세","수급자수","","73","73","79","66","87","80","113","124","117","209","237","304","455","429","488","523",
"울산광역시","남자","67세","수급자수","","124","74","70","80","68","84","109","102","134","156","257","282","362","486","449","516",
"울산광역시","남자","68세","수급자수","","109","130","76","72","86","93","101","111","115","170","197","305","345","395","500","470",
"울산광역시","남자","69세","수급자수","","91","107","123","73","74","98","95","107","121","167","202","227","351","380","420","520",
"울산광역시","남자","70 - 74세","수급자수","","388","395","415","444","440","437","479","466","474","641","844","1029","1228","1429","1641","1878",
"울산광역시","남자","70세","수급자수","","98","85","103","124","74","91","84","91","124","146","194","225","250","379","393","456",
"울산광역시","남자","71세","수급자수","","81","98","75","95","121","76","80","81","98","150","175","215","248","274","400","425",
"울산광역시","남자","72세","수급자수","","77","76","92","72","91","84","83","77","87","132","192","202","244","274","278","408",
"울산광역시","남자","73세","수급자수","","59","75","75","84","70","70","136","81","81","104","160","216","232","253","299","283",
"울산광역시","남자","74세","수급자수","","73","61","70","69","84","76","96","136","84","109","123","171","254","249","271","306",
"울산광역시","남자","75 - 79세","수급자수","","205","239","248","265","263","287","314","352","438","618","702","779","885","986","1107","1250",
"울산광역시","남자","75세","수급자수","","57","64","55","64","62","124","79","97","140","107","124","140","193","271","268","287",
"울산광역시","남자","76세","수급자수","","47","58","63","49","56","94","82","76","94","173","142","137","157","207","285","283",
"울산광역시","남자","77세","수급자수","","42","46","54","63","46","73","68","78","73","114","188","156","147","174","217","290",
"울산광역시","남자","78세","수급자수","","28","43","44","48","54","78","43","56","83","108","130","199","177","150","170","224",
"울산광역시","남자","79세","수급자수","","31","28","32","41","45","66","42","45","48","116","118","147","211","184","167","166",
"울산광역시","남자","80 - 84세","수급자수","","91","89","80","93","114","125","165","182","197","304","412","510","630","783","864","908",
"울산광역시","남자","80세","수급자수","","24","26","19","30","38","52","48","41","46","74","127","128","154","230","188","177",
"울산광역시","남자","81세","수급자수","","19","22","19","15","29","41","47","44","40","70","88","136","145","161","231","183",
"울산광역시","남자","82세","수급자수","","19","18","18","18","15","50","37","40","41","67","74","94","138","160","167","234",
"울산광역시","남자","83세","수급자수","","13","16","13","16","16","41","23","34","36","50","70","76","116","124","156","162",
"울산광역시","남자","84세","수급자수","","16","7","11","14","16","37","10","23","34","43","53","76","77","108","122","152",
"울산광역시","남자","85 - 89세","수급자수","","25","38","32","38","35","41","39","40","53","105","141","179","258","292","353","406",
"울산광역시","남자","85세","수급자수","","5","15","5","11","10","23","12","6","20","39","51","50","80","77","100","119",
"울산광역시","남자","86세","수급자수","","11","5","12","4","7","11","17","10","8","24","40","52","55","75","78","102",
"울산광역시","남자","87세","수급자수","","4","11","4","13","3","13","8","16","8","15","26","39","62","55","70","74",
"울산광역시","남자","88세","수급자수","","4","4","8","3","10","15","2","6","11","17","11","28","36","53","54","63",
"울산광역시","남자","89세","수급자수","","1","3","3","7","5","9","0","2","6","10","13","10","25","32","51","48",
"울산광역시","남자","90 - 94세","수급자수","","4","5","7","6","6","10","19","15","16","20","23","31","40","53","79","110",
"울산광역시","남자","90세","수급자수","","3","1","3","2","5","5","9","1","2","4","9","12","11","21","33","49",
"울산광역시","남자","91세","수급자수","","1","3","0","2","0","3","5","8","2","5","4","8","11","11","18","27",
"울산광역시","남자","92세","수급자수","","0","1","3","0","1","9","4","4","7","2","3","4","11","8","10","15",
"울산광역시","남자","93세","수급자수","","0","0","1","1","0","6","0","2","3","6","3","3","4","11","9","11",
"울산광역시","남자","94세","수급자수","","0","0","0","1","0","3","1","0","2","3","4","4","3","2","9","8",
"울산광역시","남자","95 - 99세","수급자수","","4","4","2","2","2","1","3","3","1","4","5","7","11","11","8","12",
"울산광역시","남자","95세","수급자수","","0","0","0","0","1","0","0","1","0","3","2","3","4","1","1","8",
"울산광역시","남자","96세","수급자수","","4","0","0","0","1","1","2","0","0","0","2","2","2","3","2","2",
"울산광역시","남자","97세","수급자수","","0","4","0","0","0","0","1","2","0","1","0","2","2","2","2","0",
"울산광역시","남자","98세","수급자수","","0","0","2","0","0","0","0","0","1","0","1","0","2","2","2","0",
"울산광역시","남자","99세","수급자수","","0","0","0","2","0","1","0","0","0","0","0","0","1","3","1","2",
"울산광역시","남자","100세 이상","수급자수","","0","0","0","0","1","0","0","0","0","0","0","0","-","0","3","2",
"울산광역시","여자","계","수급자수","","10229","9876","9033","8253","7933","7873","10966","9552","9547","12052","14144","17773","20752","22516","23835","25245",
"울산광역시","여자","0 - 4세","수급자수","","170","154","132","108","103","98","129","129","125","147","193","237","221","203","228","215",
"울산광역시","여자","0세","수급자수","","19","24","15","10","12","14","19","18","16","21","22","22","19","13","25","17",
"울산광역시","여자","1세","수급자수","","26","26","25","17","20","24","30","27","23","23","31","42","38","21","20","40",
"울산광역시","여자","2세","수급자수","","44","28","29","21","19","17","25","25","34","28","29","44","50","47","36","27",
"울산광역시","여자","3세","수급자수","","30","41","30","29","23","22","30","25","25","39","52","49","52","66","65","52",
"울산광역시","여자","4세","수급자수","","51","35","33","31","29","21","25","34","27","36","59","80","62","56","82","79",
"울산광역시","여자","5 - 9세","수급자수","","382","326","262","223","207","203","600","359","323","356","417","591","708","733","706","694",
"울산광역시","여자","5세","수급자수","","56","48","35","38","36","37","42","30","36","43","56","93","105","83","68","101",
"울산광역시","여자","6세","수급자수","","61","58","49","36","37","39","46","36","31","57","60","102","118","119","100","84",
"울산광역시","여자","7세","수급자수","","63","63","60","44","35","44","158","71","79","69","104","118","143","158","154","144",
"울산광역시","여자","8세","수급자수","","92","66","57","54","46","1","200","103","82","90","85","152","163","188","176","174",
"울산광역시","여자","9세","수급자수","","110","91","61","51","53","2","154","119","95","97","112","126","179","185","208","191",
"울산광역시","여자","10 - 14세","수급자수","","853","789","656","514","427","356","1103","641","558","667","691","842","984","1047","1090","1214",
"울산광역시","여자","10세","수급자수","","139","126","84","61","46","2","177","103","107","110","113","139","168","199","205","219",
"울산광역시","여자","11세","수급자수","","156","133","116","81","63","36","201","106","103","144","125","153","190","205","225","228",
"울산광역시","여자","12세","수급자수","","176","161","124","109","84","47","191","141","105","123","156","169","180","206","228","245",
"울산광역시","여자","13세","수급자수","","177","180","156","120","111","49","254","130","133","133","154","195","204","203","229","263",
"울산광역시","여자","14세","수급자수","","205","189","176","143","123","45","280","161","110","157","143","186","242","234","203","259",
"울산광역시","여자","15 - 19세","수급자수","","1209","1112","962","805","745","715","1669","1065","909","934","955","1045","1150","1186","1225","1266",
"울산광역시","여자","15세","수급자수","","216","194","189","154","149","69","343","185","152","139","173","186","217","264","251","222",
"울산광역시","여자","16세","수급자수","","263","224","187","174","161","82","367","234","176","186","177","211","212","226","281","277",
"울산광역시","여자","17세","수급자수","","273","251","199","166","175","111","406","243","223","202","196","210","238","231","232","302",
"울산광역시","여자","18세","수급자수","","271","239","213","168","144","132","390","264","216","247","204","247","240","263","249","249",
"울산광역시","여자","19세","수급자수","","186","204","174","143","116","148","163","139","142","160","205","191","243","202","212","216",
"울산광역시","여자","20 - 24세","수급자수","","378","372","348","347","368","353","412","404","369","484","524","709","760","795","806","847",
"울산광역시","여자","20세","수급자수","","165","139","141","137","127","164","134","125","104","146","148","216","191","226","194","211",
"울산광역시","여자","21세","수급자수","","98","114","92","86","107","158","101","100","92","114","127","161","211","180","211","193",
"울산광역시","여자","22세","수급자수","","45","59","63","57","68","113","84","77","76","95","104","131","160","172","155","188",
"울산광역시","여자","23세","수급자수","","36","32","38","38","33","103","57","58","54","74","74","118","105","130","138","132",
"울산광역시","여자","24세","수급자수","","34","28","14","29","33","100","36","44","43","55","71","83","93","87","108","123",
"울산광역시","여자","25 - 29세","수급자수","","125","120","110","77","77","94","117","109","115","140","182","303","356","364","348","378",
"울산광역시","여자","25세","수급자수","","24","27","23","9","21","79","23","29","33","43","53","83","79","87","68","90",
"울산광역시","여자","26세","수급자수","","20","25","22","17","9","45","27","19","17","28","44","62","76","72","77","65",
"울산광역시","여자","27세","수급자수","","25","17","22","16","16","26","26","22","18","18","30","60","68","68","62","77",
"울산광역시","여자","28세","수급자수","","26","25","18","20","17","23","13","28","21","22","25","47","64","68","74","62",
"울산광역시","여자","29세","수급자수","","30","26","25","15","14","27","28","11","26","29","30","51","69","69","67","84",
"울산광역시","여자","30 - 34세","수급자수","","205","187","175","166","157","143","178","163","151","204","248","357","426","470","473","482",
"울산광역시","여자","30세","수급자수","","29","31","31","25","17","10","31","28","17","36","43","58","69","78","88","80",
"울산광역시","여자","31세","수급자수","","35","31","27","32","28","16","28","28","25","27","59","68","73","73","96","89",
"울산광역시","여자","32세","수급자수","","41","40","36","35","35","18","30","29","32","33","38","88","87","85","90","106",
"울산광역시","여자","33세","수급자수","","39","41","38","34","39","17","45","28","41","55","44","70","114","95","92","101",
"울산광역시","여자","34세","수급자수","","61","44","43","40","38","20","44","50","36","53","64","73","83","139","107","106",
"울산광역시","여자","35 - 39세","수급자수","","525","442","345","292","270","228","301","266","290","370","434","596","681","670","705","755",
"울산광역시","여자","35세","수급자수","","77","47","46","44","40","30","56","41","49","43","66","104","94","99","153","125",
"울산광역시","여자","36세","수급자수","","79","87","42","49","37","38","60","52","50","71","66","103","131","121","108","170",
"울산광역시","여자","37세","수급자수","","107","76","85","42","52","38","50","62","58","65","97","107","125","140","133","131",
"울산광역시","여자","38세","수급자수","","116","109","74","83","55","43","57","55","69","92","88","139","145","143","150","161",
"울산광역시","여자","39세","수급자수","","146","123","98","74","86","40","78","56","64","99","117","143","186","167","161","168",
"울산광역시","여자","40 - 44세","수급자수","","814","755","661","585","524","508","609","536","501","572","661","882","1073","1182","1258","1284",
"울산광역시","여자","40세","수급자수","","156","146","112","102","70","38","106","84","67","90","132","184","194","215","186","187",
"울산광역시","여자","41세","수급자수","","158","155","133","110","101","45","117","98","88","86","124","187","225","237","243","221",
"울산광역시","여자","42세","수급자수","","148","150","143","122","108","62","111","117","96","111","107","165","235","253","270","268",
"울산광역시","여자","43세","수급자수","","169","145","139","130","117","89","129","112","128","125","134","166","208","249","283","304",
"울산광역시","여자","44세","수급자수","","183","159","134","121","128","81","146","125","122","160","164","180","211","228","276","304",
"울산광역시","여자","45 - 49세","수급자수","","823","808","701","609","593","612","728","685","681","850","944","1203","1322","1354","1354","1437",
"울산광역시","여자","45세","수급자수","","151","177","145","123","110","105","161","130","122","151","182","223","217","231","250","300",
"울산광역시","여자","46세","수급자수","","157","144","160","120","122","109","161","152","140","170","176","250","266","236","254","279",
"울산광역시","여자","47세","수급자수","","173","138","127","156","119","124","133","149","150","172","189","245","286","284","255","279",
"울산광역시","여자","48세","수급자수","","191","163","125","104","141","130","142","123","152","182","195","238","277","293","290","268",
"울산광역시","여자","49세","수급자수","","151","186","144","106","101","107","131","131","117","175","202","247","276","310","305","311",
"울산광역시","여자","50 - 54세","수급자수","","666","666","648","623","570","578","628","602","615","749","886","1139","1346","1428","1530","1601",
"울산광역시","여자","50세","수급자수","","138","139","156","127","95","122","148","118","129","150","189","243","272","292","325","332",
"울산광역시","여자","51세","수급자수","","157","132","128","141","120","114","113","141","120","154","169","232","275","296","300","336",
"울산광역시","여자","52세","수급자수","","131","150","118","123","136","139","99","107","142","137","180","221","274","289","320","307",
"울산광역시","여자","53세","수급자수","","115","124","135","106","121","106","126","101","115","168","159","235","247","287","289","322",
"울산광역시","여자","54세","수급자수","","125","121","111","126","98","94","142","135","109","140","189","208","278","264","296","304",
"울산광역시","여자","55 - 59세","수급자수","","528","555","554","522","531","549","629","674","732","800","904","1155","1310","1417","1435","1521",
"울산광역시","여자","55세","수급자수","","112","136","110","103","127","113","135","146","143","133","157","241","240","294","272","297",
"울산광역시","여자","56세","수급자수","","110","113","124","103","96","137","107","134","144","168","159","194","279","278","291","282",
"울산광역시","여자","57세","수급자수","","113","106","103","110","104","128","153","119","144","167","185","214","243","310","279","299",
"울산광역시","여자","58세","수급자수","","92","115","111","99","106","98","120","153","138","168","197","248","255","260","329","292",
"울산광역시","여자","59세","수급자수","","101","85","106","107","98","128","114","122","163","164","206","258","293","275","264","351",
"울산광역시","여자","60 - 64세","수급자수","","485","495","465","434","445","487","613","653","716","959","1139","1512","1755","1860","1841","1839",
"울산광역시","여자","60세","수급자수","","88","105","85","100","97","103","145","122","136","190","204","294","327","311","281","290",
"울산광역시","여자","61세","수급자수","","83","86","103","84","101","102","120","152","140","171","225","297","338","344","342","308",
"울산광역시","여자","62세","수급자수","","113","89","88","96","79","118","119","121","165","182","219","304","347","396","386","364",
"울산광역시","여자","63세","수급자수","","103","108","82","76","94","101","123","130","140","214","222","302","379","375","428","417",
"울산광역시","여자","64세","수급자수","","98","107","107","78","74","103","106","128","135","202","269","315","364","434","404","460",
"울산광역시","여자","65 - 69세","수급자수","","796","770","698","623","596","570","683","698","755","1057","1363","1740","2118","2443","2647","2790",
"울산광역시","여자","65세","수급자수","","154","109","116","125","93","105","132","122","165","218","279","392","419","465","505","489",
"울산광역시","여자","66세","수급자수","","135","154","102","117","129","84","122","150","137","230","267","367","478","483","514","550",
"울산광역시","여자","67세","수급자수","","191","139","154","99","124","94","135","131","162","176","298","347","430","555","493","563",
"울산광역시","여자","68세","수급자수","","168","190","138","148","102","94","147","144","140","228","236","347","391","503","596","545",
"울산광역시","여자","69세","수급자수","","148","178","188","134","148","113","147","151","151","205","283","287","400","437","539","643",
"울산광역시","여자","70 - 74세","수급자수","","826","815","813","806","781","761","827","776","747","1058","1245","1557","1816","2026","2260","2519",
"울산광역시","여자","70세","수급자수","","186","151","174","183","134","135","120","143","160","228","259","326","344","442","489","556",
"울산광역시","여자","71세","수급자수","","167","187","143","166","189","126","166","118","142","212","271","296","380","367","492","523",
"울산광역시","여자","72세","수급자수","","157","162","183","134","160","102","157","158","119","208","271","324","354","423","402","518",
"울산광역시","여자","73세","수급자수","","152","167","154","173","133","139","209","155","165","169","238","316","381","391","449","437",
"울산광역시","여자","74세","수급자수","","164","148","159","150","165","139","175","202","161","241","206","295","357","403","428","485",
"울산광역시","여자","75 - 79세","수급자수","","696","724","683","671","673","715","776","806","859","1184","1393","1559","1782","1815","1977","2091",
"울산광역시","여자","75세","수급자수","","146","158","133","154","147","194","146","174","213","225","274","234","328","386","438","450",
"울산광역시","여자","76세","수급자수","","130","153","150","129","153","158","179","142","178","284","272","322","256","358","432","467",
"울산광역시","여자","77세","수급자수","","145","126","136","147","114","131","158","178","140","228","334","303","364","291","384","450",
"울산광역시","여자","78세","수급자수","","139","151","128","130","138","164","167","152","184","197","274","395","366","384","317","399",
"울산광역시","여자","79세","수급자수","","136","136","136","111","121","153","126","160","144","250","239","305","468","396","406","325",
"울산광역시","여자","80 - 84세","수급자수","","441","461","476","507","507","528","560","548","592","856","1094","1255","1555","1867","2054","2152",
"울산광역시","여자","80세","수급자수","","106","116","117","130","109","159","129","120","164","194","276","257","353","517","428","422",
"울산광역시","여자","81세","수급자수","","108","102","113","114","125","110","112","119","116","202","223","290","309","367","555","446",
"울산광역시","여자","82세","수급자수","","83","100","90","102","112","129","102","108","115","161","233","262","317","325","385","555",
"울산광역시","여자","83세","수급자수","","79","73","91","84","89","115","117","92","104","163","167","250","307","339","328","392",
"울산광역시","여자","84세","수급자수","","65","70","65","77","72","99","100","109","93","136","195","196","269","319","358","337",
"울산광역시","여자","85 - 89세","수급자수","","227","234","235","234","248","267","280","300","352","465","614","760","942","1136","1282","1418",
"울산광역시","여자","85세","수급자수","","58","58","65","56","74","124","68","91","105","124","157","207","216","300","324","375",
"울산광역시","여자","86세","수급자수","","58","54","47","56","54","109","60","64","90","122","143","169","230","227","298","332",
"울산광역시","여자","87세","수급자수","","43","49","46","40","46","81","70","53","62","92","129","156","194","242","232","277",
"울산광역시","여자","88세","수급자수","","39","39","43","44","40","69","40","55","47","76","98","127","163","199","230","222",
"울산광역시","여자","89세","수급자수","","29","34","34","38","34","68","42","37","48","51","87","101","139","168","198","212",
"울산광역시","여자","90 - 94세","수급자수","","66","73","87","84","89","87","103","111","122","158","207","268","364","415","499","600",
"울산광역시","여자","90세","수급자수","","20","27","27","26","31","50","31","37","35","54","54","90","119","132","157","180",
"울산광역시","여자","91세","수급자수","","16","17","23","20","23","41","21","22","33","39","57","57","92","107","121","160",
"울산광역시","여자","92세","수급자수","","14","11","19","16","16","39","22","16","22","30","38","56","64","78","101","117",
"울산광역시","여자","93세","수급자수","","10","9","11","13","11","27","18","21","15","24","33","36","55","62","68","87",
"울산광역시","여자","94세","수급자수","","6","9","7","9","8","22","11","15","17","11","25","29","34","36","52","56",
"울산광역시","여자","95 - 99세","수급자수","","13","17","20","21","20","15","19","23","32","38","47","59","77","102","110","131",
"울산광역시","여자","95세","수급자수","","4","6","6","5","7","17","7","9","13","15","14","19","25","38","39","45",
"울산광역시","여자","96세","수급자수","","3","5","5","5","2","9","6","8","8","9","16","13","25","19","31","30",
"울산광역시","여자","97세","수급자수","","4","4","6","5","3","12","3","4","6","8","8","15","13","19","16","24",
"울산광역시","여자","98세","수급자수","","1","1","2","5","3","7","1","1","4","4","7","6","12","14","18","19",
"울산광역시","여자","99세","수급자수","","1","1","1","1","5","3","2","1","1","2","2","6","2","12","6","13",
"울산광역시","여자","100세 이상","수급자수","","1","1","2","2","2","6","2","4","3","4","3","4","6","3","7","11",
"세종특별자치시","계","계","수급자수","","","","","2813","2695","2677","3618","3741","3766","4357","5226","6587","7369","7656","8082","8844",
"세종특별자치시","계","0 - 4세","수급자수","","","","","37","36","36","63","58","54","70","116","131","130","123","121","142",
"세종특별자치시","계","0세","수급자수","","","","","3","3","3","8","2","8","10","9","17","10","8","16","14",
"세종특별자치시","계","1세","수급자수","","","","","6","7","4","12","14","6","11","20","20","21","15","13","28",
"세종특별자치시","계","2세","수급자수","","","","","7","7","14","6","11","16","14","26","29","26","26","27","20",
"세종특별자치시","계","3세","수급자수","","","","","7","7","7","18","9","15","17","21","28","40","30","29","36",
"세종특별자치시","계","4세","수급자수","","","","","14","12","8","19","22","9","18","40","37","33","44","36","44",
"세종특별자치시","계","5 - 9세","수급자수","","","","","79","69","80","196","239","222","211","305","381","408","380","372","420",
"세종특별자치시","계","5세","수급자수","","","","","6","14","14","16","19","23","13","33","58","47","42","45","45",
"세종특별자치시","계","6세","수급자수","","","","","15","8","17","21","23","18","30","28","47","69","58","48","62",
"세종특별자치시","계","7세","수급자수","","","","","14","14","9","53","58","50","42","80","73","79","88","85","92",
"세종특별자치시","계","8세","수급자수","","","","","19","15","0","50","70","56","64","76","99","97","88","99","108",
"세종특별자치시","계","9세","수급자수","","","","","25","18","3","56","69","75","62","88","104","116","104","95","113",
"세종특별자치시","계","10 - 14세","수급자수","","","","","196","170","167","348","380","392","425","508","621","672","661","643","720",
"세종특별자치시","계","10세","수급자수","","","","","32","24","0","62","73","74","79","82","105","120","115","105","126",
"세종특별자치시","계","11세","수급자수","","","","","33","32","18","66","69","78","85","113","112","123","121","128","129",
"세종특별자치시","계","12세","수급자수","","","","","43","34","22","64","85","75","80","116","139","128","130","125","151",
"세종특별자치시","계","13세","수급자수","","","","","37","44","22","69","76","90","85","101","134","157","134","143","143",
"세종특별자치시","계","14세","수급자수","","","","","51","36","22","87","77","75","96","96","131","144","161","142","171",
"세종특별자치시","계","15 - 19세","수급자수","","","","","288","279","255","434","439","428","439","508","571","645","648","698","744",
"세종특별자치시","계","15세","수급자수","","","","","62","51","38","84","96","82","80","114","121","145","148","163","154",
"세종특별자치시","계","16세","수급자수","","","","","63","66","39","84","104","102","92","109","145","137","131","155","178",
"세종특별자치시","계","17세","수급자수","","","","","62","66","46","107","85","105","100","108","115","145","133","131","167",
"세종특별자치시","계","18세","수급자수","","","","","65","50","40","94","104","83","100","109","119","131","145","142","140",
"세종특별자치시","계","19세","수급자수","","","","","36","46","54","65","50","56","67","68","71","87","91","107","105",
"세종특별자치시","계","20 - 24세","수급자수","","","","","82","89","107","142","145","148","178","195","240","264","288","281","352",
"세종특별자치시","계","20세","수급자수","","","","","29","23","65","35","48","46","53","55","61","62","74","80","99",
"세종특별자치시","계","21세","수급자수","","","","","17","23","60","41","27","36","37","49","53","67","58","63","74",
"세종특별자치시","계","22세","수급자수","","","","","13","23","36","24","36","29","35","37","58","46","63","56","73",
"세종특별자치시","계","23세","수급자수","","","","","14","10","34","22","16","26","26","28","42","52","45","46","60",
"세종특별자치시","계","24세","수급자수","","","","","9","10","19","20","18","11","27","26","26","37","48","36","46",
"세종특별자치시","계","25 - 29세","수급자수","","","","","27","32","34","39","42","45","53","72","107","108","120","149","162",
"세종특별자치시","계","25세","수급자수","","","","","4","6","22","9","17","11","13","25","31","23","37","44","41",
"세종특별자치시","계","26세","수급자수","","","","","9","8","23","5","7","14","11","17","26","25","18","41","40",
"세종특별자치시","계","27세","수급자수","","","","","4","10","9","11","5","6","11","8","24","18","24","17","35",
"세종특별자치시","계","28세","수급자수","","","","","5","2","6","7","7","6","8","14","10","22","19","25","20",
"세종특별자치시","계","29세","수급자수","","","","","5","6","9","7","6","8","10","8","16","20","22","22","26",
"세종특별자치시","계","30 - 34세","수급자수","","","","","58","58","57","65","68","59","74","84","136","147","164","162","195",
"세종특별자치시","계","30세","수급자수","","","","","11","7","8","7","9","9","9","17","17","25","36","23","33",
"세종특별자치시","계","31세","수급자수","","","","","6","13","7","14","7","6","15","15","30","24","30","43","26",
"세종특별자치시","계","32세","수급자수","","","","","19","11","4","11","17","11","14","17","33","29","23","38","52",
"세종특별자치시","계","33세","수급자수","","","","","11","18","6","20","14","19","14","18","25","44","29","28","43",
"세종특별자치시","계","34세","수급자수","","","","","11","9","8","13","21","14","22","17","31","25","46","30","41",
"세종특별자치시","계","35 - 39세","수급자수","","","","","102","80","71","117","116","111","139","189","244","261","248","271","288",
"세종특별자치시","계","35세","수급자수","","","","","18","11","13","30","18","22","18","29","30","44","26","54","37",
"세종특별자치시","계","36세","수급자수","","","","","13","16","11","14","25","15","30","30","45","34","47","38","67",
"세종특별자치시","계","37세","수급자수","","","","","16","11","19","23","19","26","21","39","42","63","45","55","47",
"세종특별자치시","계","38세","수급자수","","","","","23","17","11","31","24","24","41","40","60","56","71","49","62",
"세종특별자치시","계","39세","수급자수","","","","","32","25","15","19","30","24","29","51","67","64","59","75","75",
"세종특별자치시","계","40 - 44세","수급자수","","","","","186","171","145","173","158","159","184","237","365","436","430","444","488",
"세종특별자치시","계","40세","수급자수","","","","","26","30","20","28","21","34","28","48","80","87","67","68","94",
"세종특별자치시","계","41세","수급자수","","","","","37","33","8","22","26","21","41","35","78","89","92","76","82",
"세종특별자치시","계","42세","수급자수","","","","","29","35","17","40","26","29","29","53","68","92","92","101","86",
"세종특별자치시","계","43세","수급자수","","","","","43","30","17","43","41","29","43","41","77","75","96","98","118",
"세종특별자치시","계","44세","수급자수","","","","","51","43","29","40","44","46","43","60","62","93","83","101","108",
"세종특별자치시","계","45 - 49세","수급자수","","","","","189","189","196","227","228","255","279","320","431","443","452","487","513",
"세종특별자치시","계","45세","수급자수","","","","","31","47","32","37","39","43","52","66","82","74","92","95","115",
"세종특별자치시","계","46세","수급자수","","","","","36","32","36","54","36","47","50","58","73","90","73","102","102",
"세종특별자치시","계","47세","수급자수","","","","","44","37","31","48","61","48","54","65","82","92","95","79","113",
"세종특별자치시","계","48세","수급자수","","","","","40","39","47","42","47","65","53","70","101","90","101","101","79",
"세종특별자치시","계","49세","수급자수","","","","","38","34","43","46","45","52","70","61","93","97","91","110","104",
"세종특별자치시","계","50 - 54세","수급자수","","","","","223","213","200","224","237","221","263","325","427","480","511","532","565",
"세종특별자치시","계","50세","수급자수","","","","","39","38","31","45","47","47","63","80","90","104","97","102","119",
"세종특별자치시","계","51세","수급자수","","","","","48","44","35","44","45","46","56","70","97","98","108","103","113",
"세종특별자치시","계","52세","수급자수","","","","","53","40","40","44","43","41","52","59","82","100","102","113","112",
"세종특별자치시","계","53세","수급자수","","","","","48","47","35","46","49","43","41","64","76","97","104","99","118",
"세종특별자치시","계","54세","수급자수","","","","","35","44","38","45","53","44","51","52","82","81","100","115","103",
"세종특별자치시","계","55 - 59세","수급자수","","","","","195","200","210","257","261","283","318","336","417","452","450","499","544",
"세종특별자치시","계","55세","수급자수","","","","","44","35","41","48","51","61","48","61","62","100","85","112","114",
"세종특별자치시","계","56세","수급자수","","","","","38","48","40","64","45","53","66","54","77","70","95","99","116",
"세종특별자치시","계","57세","수급자수","","","","","42","36","46","44","72","43","69","73","75","90","78","102","105",
"세종특별자치시","계","58세","수급자수","","","","","40","46","51","50","46","73","60","76","100","85","97","87","111",
"세종특별자치시","계","59세","수급자수","","","","","31","35","34","51","47","53","75","72","103","107","95","99","98",
"세종특별자치시","계","60 - 64세","수급자수","","","","","134","128","143","203","233","249","306","363","455","546","611","624","617",
"세종특별자치시","계","60세","수급자수","","","","","22","29","43","52","53","49","64","81","95","112","116","103","108",
"세종특별자치시","계","61세","수급자수","","","","","22","19","40","48","51","56","61","69","105","116","123","119","112",
"세종특별자치시","계","62세","수급자수","","","","","25","24","42","35","49","51","56","69","84","126","123","127","134",
"세종특별자치시","계","63세","수급자수","","","","","34","25","39","35","39","52","62","69","85","97","141","121","135",
"세종특별자치시","계","64세","수급자수","","","","","31","31","24","33","41","41","63","75","86","95","108","154","128",
"세종특별자치시","계","65 - 69세","수급자수","","","","","196","181","173","215","226","222","292","362","493","568","601","646","727",
"세종특별자치시","계","65세","수급자수","","","","","48","36","25","40","36","47","56","80","112","108","106","117","176",
"세종특별자치시","계","66세","수급자수","","","","","32","50","28","42","48","42","55","74","111","127","111","121","131",
"세종특별자치시","계","67세","수급자수","","","","","33","29","27","39","41","53","58","70","98","122","135","127","133",
"세종특별자치시","계","68세","수급자수","","","","","36","30","31","60","41","40","66","61","102","101","133","145","133",
"세종특별자치시","계","69세","수급자수","","","","","47","36","34","34","60","40","57","77","70","110","116","136","154",
"세종특별자치시","계","70 - 74세","수급자수","","","","","303","255","253","268","255","232","283","319","415","490","503","578","644",
"세종특별자치시","계","70세","수급자수","","","","","73","42","49","43","33","58","55","66","97","76","110","116","141",
"세종특별자치시","계","71세","수급자수","","","","","44","65","29","37","49","30","70","63","81","110","79","137","130",
"세종특별자치시","계","72세","수급자수","","","","","62","41","30","56","39","50","46","74","72","100","115","85","147",
"세종특별자치시","계","73세","수급자수","","","","","51","60","35","78","59","40","56","50","103","89","106","124","101",
"세종특별자치시","계","74세","수급자수","","","","","73","47","46","54","75","54","56","66","62","115","93","116","125",
"세종특별자치시","계","75 - 79세","수급자수","","","","","233","269","269","304","302","303","345","390","442","432","470","508","566",
"세종특별자치시","계","75세","수급자수","","","","","45","76","68","59","55","67","68","64","72","74","119","105","128",
"세종특별자치시","계","76세","수급자수","","","","","53","51","44","58","60","56","73","74","75","77","86","138","108",
"세종특별자치시","계","77세","수급자수","","","","","54","48","60","75","61","55","78","85","80","81","88","87","140",
"세종특별자치시","계","78세","수급자수","","","","","48","49","47","60","68","60","60","96","105","85","86","91","95",
"세종특별자치시","계","79세","수급자수","","","","","33","45","71","52","58","65","66","71","110","115","91","87","95",
"세종특별자치시","계","80 - 84세","수급자수","","","","","183","170","163","200","197","209","282","342","407","484","533","513","521",
"세종특별자치시","계","80세","수급자수","","","","","40","34","50","57","41","47","81","78","79","106","126","88","88",
"세종특별자치시","계","81세","수급자수","","","","","32","40","47","42","50","44","61","91","87","87","104","136","99",
"세종특별자치시","계","82세","수급자수","","","","","50","25","54","36","40","47","52","70","103","102","87","99","141",
"세종특별자치시","계","83세","수급자수","","","","","32","41","38","38","33","39","49","52","80","109","104","85","105",
"세종특별자치시","계","84세","수급자수","","","","","29","30","31","27","33","32","39","51","58","80","112","105","88",
"세종특별자치시","계","85 - 89세","수급자수","","","","","73","74","86","102","122","135","157","181","199","267","304","372","416",
"세종특별자치시","계","85세","수급자수","","","","","24","22","32","35","27","32","37","47","60","70","76","107","111",
"세종특별자치시","계","86세","수급자수","","","","","12","21","23","25","38","24","33","38","41","66","73","73","102",
"세종특별자치시","계","87세","수급자수","","","","","12","11","39","20","22","38","27","34","37","48","68","70","66",
"세종특별자치시","계","88세","수급자수","","","","","15","11","24","16","20","24","39","24","39","43","46","75","73",
"세종특별자치시","계","89세","수급자수","","","","","10","9","23","6","15","17","21","38","22","40","41","47","64",
"세종특별자치시","계","90 - 94세","수급자수","","","","","23","24","25","33","30","34","51","59","85","111","132","144","164",
"세종특별자치시","계","90세","수급자수","","","","","10","6","19","9","6","13","17","22","39","27","38","40","53",
"세종특별자치시","계","91세","수급자수","","","","","8","7","8","10","6","4","12","16","20","33","25","34","39",
"세종특별자치시","계","92세","수급자수","","","","","2","7","12","7","8","5","6","8","16","24","31","27","34",
"세종특별자치시","계","93세","수급자수","","","","","2","2","7","4","6","6","9","6","6","19","20","20","25",
"세종특별자치시","계","94세","수급자수","","","","","1","2","5","3","4","6","7","7","4","8","18","23","13",
"세종특별자치시","계","95 - 99세","수급자수","","","","","6","8","7","8","3","4","7","14","19","23","25","33","50",
"세종특별자치시","계","95세","수급자수","","","","","0","2","6","3","2","2","4","6","3","6","7","17","22",
"세종특별자치시","계","96세","수급자수","","","","","6","0","5","1","1","1","3","3","8","2","7","8","16",
"세종특별자치시","계","97세","수급자수","","","","","0","6","2","1","0","1","0","5","3","8","3","5","5",
"세종특별자치시","계","98세","수급자수","","","","","0","0","2","0","0","0","0","0","5","4","5","1","6",
"세종특별자치시","계","99세","수급자수","","","","","0","0","2","3","0","0","0","0","","3","3","2","1",
"세종특별자치시","계","100세 이상","수급자수","","","","","0","0","0","0","2","1","1","1","1","2","2","5","6",
"세종특별자치시","남자","계","수급자수","","","","","1274","1227","1200","1636","1677","1708","1925","2319","2940","3242","3339","3540","3882",
"세종특별자치시","남자","0 - 4세","수급자수","","","","","22","18","18","40","34","28","39","60","62","62","56","63","74",
"세종특별자치시","남자","0세","수급자수","","","","","2","0","1","6","0","3","5","2","9","5","3","13","7",
"세종특별자치시","남자","1세","수급자수","","","","","4","4","1","5","11","3","3","10","7","9","8","6","19",
"세종특별자치시","남자","2세","수급자수","","","","","2","4","9","3","5","11","7","9","15","12","13","15","7",
"세종특별자치시","남자","3세","수급자수","","","","","3","2","4","12","3","8","10","13","10","21","10","17","20",
"세종특별자치시","남자","4세","수급자수","","","","","11","8","3","14","15","3","14","26","21","15","22","12","21",
"세종특별자치시","남자","5 - 9세","수급자수","","","","","46","38","38","96","122","113","107","166","211","219","198","204","221",
"세종특별자치시","남자","5세","수급자수","","","","","3","11","7","8","12","17","5","24","37","27","20","25","17",
"세종특별자치시","남자","6세","수급자수","","","","","6","3","12","11","10","10","20","13","29","40","31","25","35",
"세종특별자치시","남자","7세","수급자수","","","","","6","4","4","29","29","19","24","44","35","44","49","46","48",
"세종특별자치시","남자","8세","수급자수","","","","","14","7","0","27","36","27","29","43","54","47","48","51","59",
"세종특별자치시","남자","9세","수급자수","","","","","17","13","0","21","35","40","29","42","56","61","50","57","62",
"세종특별자치시","남자","10 - 14세","수급자수","","","","","107","96","96","167","173","183","201","240","304","338","339","336","383",
"세종특별자치시","남자","10세","수급자수","","","","","18","16","0","22","30","43","41","38","52","63","62","54","71",
"세종특별자치시","남자","11세","수급자수","","","","","22","17","6","35","24","32","44","58","52","66","63","72","68",
"세종특별자치시","남자","12세","수급자수","","","","","26","21","9","32","47","27","34","58","68","60","71","66","80",
"세종특별자치시","남자","13세","수급자수","","","","","15","25","16","34","40","41","36","45","69","76","63","73","73",
"세종특별자치시","남자","14세","수급자수","","","","","26","17","15","44","32","40","46","41","63","73","80","71","91",
"세종특별자치시","남자","15 - 19세","수급자수","","","","","158","147","130","203","203","206","213","255","277","304","313","356","366",
"세종특별자치시","남자","15세","수급자수","","","","","35","27","19","38","49","35","40","56","54","66","75","86","77",
"세종특별자치시","남자","16세","수급자수","","","","","37","36","22","37","50","56","46","57","70","62","63","80","88",
"세종특별자치시","남자","17세","수급자수","","","","","35","37","24","52","36","49","52","53","55","73","64","68","82",
"세종특별자치시","남자","18세","수급자수","","","","","35","26","18","46","47","39","45","61","60","62","67","71","70",
"세종특별자치시","남자","19세","수급자수","","","","","16","21","26","30","21","27","30","28","38","41","44","51","49",
"세종특별자치시","남자","20 - 24세","수급자수","","","","","35","40","49","65","62","60","77","86","101","114","123","119","158",
"세종특별자치시","남자","20세","수급자수","","","","","9","8","35","15","21","21","19","23","23","29","23","29","41",
"세종특별자치시","남자","21세","수급자수","","","","","7","6","32","16","10","16","18","19","17","23","27","21","31",
"세종특별자치시","남자","22세","수급자수","","","","","7","13","19","8","11","11","18","18","28","19","30","26","30",
"세종특별자치시","남자","23세","수급자수","","","","","7","7","11","14","6","9","11","14","17","24","20","26","31",
"세종특별자치시","남자","24세","수급자수","","","","","5","6","7","12","14","3","11","12","16","19","23","17","25",
"세종특별자치시","남자","25 - 29세","수급자수","","","","","16","14","16","19","27","30","21","30","48","46","47","68","75",
"세종특별자치시","남자","25세","수급자수","","","","","3","3","11","4","14","9","3","11","14","10","17","23","20",
"세종특별자치시","남자","26세","수급자수","","","","","5","4","15","4","3","10","7","6","14","12","8","21","21",
"세종특별자치시","남자","27세","수급자수","","","","","2","4","5","6","2","4","6","4","9","9","9","7","17",
"세종특별자치시","남자","28세","수급자수","","","","","1","1","4","3","5","2","3","6","3","8","7","10","8",
"세종특별자치시","남자","29세","수급자수","","","","","5","2","6","2","3","5","2","3","8","7","6","7","9",
"세종특별자치시","남자","30 - 34세","수급자수","","","","","23","27","22","24","27","25","34","34","53","61","63","78","84",
"세종특별자치시","남자","30세","수급자수","","","","","7","5","3","2","4","4","5","6","6","11","13","10","14",
"세종특별자치시","남자","31세","수급자수","","","","","2","8","2","4","1","3","8","8","13","10","17","20","11",
"세종특별자치시","남자","32세","수급자수","","","","","7","4","1","6","4","4","6","7","11","15","8","21","23",
"세종특별자치시","남자","33세","수급자수","","","","","4","6","1","9","9","6","6","8","9","17","11","13","21",
"세종특별자치시","남자","34세","수급자수","","","","","3","4","6","3","9","8","9","5","14","8","14","14","15",
"세종특별자치시","남자","35 - 39세","수급자수","","","","","42","37","27","44","38","36","54","66","83","95","93","104","114",
"세종특별자치시","남자","35세","수급자수","","","","","10","3","8","9","5","8","10","9","11","18","11","20","17",
"세종특별자치시","남자","36세","수급자수","","","","","5","8","1","3","9","6","11","14","14","13","19","13","26",
"세종특별자치시","남자","37세","수급자수","","","","","7","5","6","13","6","8","6","11","15","20","18","26","16",
"세종특별자치시","남자","38세","수급자수","","","","","11","8","2","10","10","7","17","11","23","21","22","21","24",
"세종특별자치시","남자","39세","수급자수","","","","","9","13","6","9","8","7","10","21","20","23","23","24","31",
"세종특별자치시","남자","40 - 44세","수급자수","","","","","87","77","63","76","71","66","79","92","136","153","146","152","183",
"세종특별자치시","남자","40세","수급자수","","","","","14","10","7","16","8","10","9","15","29","27","24","26","34",
"세종특별자치시","남자","41세","수급자수","","","","","19","16","4","9","14","8","14","14","26","33","32","28","28",
"세종특별자치시","남자","42세","수급자수","","","","","12","18","8","13","13","16","10","20","23","30","30","36","28",
"세종특별자치시","남자","43세","수급자수","","","","","19","13","7","23","12","16","22","14","31","20","32","36","47",
"세종특별자치시","남자","44세","수급자수","","","","","23","20","9","15","24","16","24","29","27","43","28","26","46",
"세종특별자치시","남자","45 - 49세","수급자수","","","","","103","103","99","112","101","118","130","150","205","198","191","196","192",
"세종특별자치시","남자","45세","수급자수","","","","","15","19","15","19","15","24","16","31","40","29","39","34","28",
"세종특별자치시","남자","46세","수급자수","","","","","17","16","17","23","19","21","26","18","35","43","24","42","38",
"세종특별자치시","남자","47세","수급자수","","","","","24","20","15","23","24","25","28","33","34","39","46","25","50",
"세종특별자치시","남자","48세","수급자수","","","","","29","23","21","20","21","29","27","33","51","38","45","47","28",
"세종특별자치시","남자","49세","수급자수","","","","","18","25","17","27","22","19","33","35","45","49","37","48","48",
"세종특별자치시","남자","50 - 54세","수급자수","","","","","142","137","123","139","143","122","140","173","230","247","266","254","267",
"세종특별자치시","남자","50세","수급자수","","","","","23","19","17","25","25","22","29","40","52","52","50","43","57",
"세종특별자치시","남자","51세","수급자수","","","","","31","31","20","31","26","25","25","34","52","53","59","50","50",
"세종특별자치시","남자","52세","수급자수","","","","","33","25","24","22","29","24","30","27","37","54","50","59","51",
"세종특별자치시","남자","53세","수급자수","","","","","32","31","25","32","26","29","23","40","38","46","55","44","62",
"세종특별자치시","남자","54세","수급자수","","","","","23","31","18","29","37","22","33","32","51","42","52","58","47",
"세종특별자치시","남자","55 - 59세","수급자수","","","","","124","124","133","169","168","183","184","198","251","266","257","283","298",
"세종특별자치시","남자","55세","수급자수","","","","","26","24","26","33","30","42","25","39","38","54","42","61","61",
"세종특별자치시","남자","56세","수급자수","","","","","24","25","25","42","32","32","40","31","48","42","55","50","64",
"세종특별자치시","남자","57세","수급자수","","","","","30","23","29","30","49","27","39","43","48","52","46","60","53",
"세종특별자치시","남자","58세","수급자수","","","","","26","29","35","28","30","47","35","44","60","54","57","54","63",
"세종특별자치시","남자","59세","수급자수","","","","","18","23","24","36","27","35","45","41","57","64","57","58","57",
"세종특별자치시","남자","60 - 64세","수급자수","","","","","60","67","79","114","135","152","169","208","261","296","338","340","348",
"세종특별자치시","남자","60세","수급자수","","","","","10","17","23","31","35","30","35","49","53","60","69","60","62",
"세종특별자치시","남자","61세","수급자수","","","","","10","8","26","29","31","36","30","41","62","69","69","70","66",
"세종특별자치시","남자","62세","수급자수","","","","","14","12","25","22","26","33","37","34","50","67","68","68","77",
"세종특별자치시","남자","63세","수급자수","","","","","16","15","23","17","21","28","36","43","43","53","73","64","74",
"세종특별자치시","남자","64세","수급자수","","","","","10","15","14","15","22","25","31","41","53","47","59","78","69",
"세종특별자치시","남자","65 - 69세","수급자수","","","","","63","59","66","91","98","108","142","171","230","296","316","334","381",
"세종특별자치시","남자","65세","수급자수","","","","","20","12","14","23","15","25","30","39","57","67","50","63","94",
"세종특별자치시","남자","66세","수급자수","","","","","8","22","13","18","31","18","24","41","54","71","70","54","65",
"세종특별자치시","남자","67세","수급자수","","","","","11","8","15","17","17","32","25","24","48","65","74","77","61",
"세종특별자치시","남자","68세","수급자수","","","","","7","10","15","22","15","16","35","26","41","49","69","75","78",
"세종특별자치시","남자","69세","수급자수","","","","","17","7","12","11","20","17","28","41","30","44","53","65","83",
"세종특별자치시","남자","70 - 74세","수급자수","","","","","104","89","80","88","85","73","88","116","166","206","215","242","270",
"세종특별자치시","남자","70세","수급자수","","","","","25","15","21","15","9","18","22","30","49","33","43","50","61",
"세종특별자치시","남자","71세","수급자수","","","","","15","22","8","10","16","9","19","24","37","54","37","55","57",
"세종특별자치시","남자","72세","수급자수","","","","","22","14","10","18","14","16","12","21","26","43","52","40","62",
"세종특별자치시","남자","73세","수급자수","","","","","18","21","7","26","21","12","19","16","37","39","45","52","42",
"세종특별자치시","남자","74세","수급자수","","","","","24","17","14","19","25","18","16","25","17","37","38","45","48",
"세종특별자치시","남자","75 - 79세","수급자수","","","","","78","87","89","102","100","101","118","125","141","119","147","166","197",
"세종특별자치시","남자","75세","수급자수","","","","","21","25","21","19","22","21","25","21","21","20","39","42","52",
"세종특별자치시","남자","76세","수급자수","","","","","18","21","16","19","20","24","21","26","27","21","25","47","41",
"세종특별자치시","남자","77세","수급자수","","","","","10","15","22","25","19","19","31","22","30","26","25","24","47",
"세종특별자치시","남자","78세","수급자수","","","","","15","11","17","23","19","18","20","34","25","30","28","25","27",
"세종특별자치시","남자","79세","수급자수","","","","","14","15","22","16","20","19","21","22","38","22","30","28","30",
"세종특별자치시","남자","80 - 84세","수급자수","","","","","38","43","47","61","58","65","82","96","118","144","136","126","131",
"세종특별자치시","남자","80세","수급자수","","","","","12","15","21","14","11","17","25","23","23","37","26","25","30",
"세종특별자치시","남자","81세","수급자수","","","","","10","13","16","16","13","12","19","26","25","26","36","27","27",
"세종특별자치시","남자","82세","수급자수","","","","","7","5","13","13","15","13","12","20","31","29","23","32","25",
"세종특별자치시","남자","83세","수급자수","","","","","4","6","15","11","9","14","12","13","24","29","23","19","30",
"세종특별자치시","남자","84세","수급자수","","","","","5","4","12","7","10","9","14","14","15","23","28","23","19",
"세종특별자치시","남자","85 - 89세","수급자수","","","","","21","18","20","19","24","26","35","42","49","60","77","91","99",
"세종특별자치시","남자","85세","수급자수","","","","","7","3","10","7","5","9","9","14","14","19","22","25","28",
"세종특별자치시","남자","86세","수급자수","","","","","5","6","5","3","8","4","9","10","13","12","22","23","26",
"세종특별자치시","남자","87세","수급자수","","","","","4","4","5","2","3","7","5","8","11","13","14","18","20",
"세종특별자치시","남자","88세","수급자수","","","","","3","4","3","5","3","3","8","4","8","9","9","15","17",
"세종특별자치시","남자","89세","수급자수","","","","","2","1","3","2","5","3","4","6","3","7","10","10","8",
"세종특별자치시","남자","90 - 94세","수급자수","","","","","4","5","5","6","7","12","10","10","12","14","13","23","33",
"세종특별자치시","남자","90세","수급자수","","","","","2","2","6","3","2","4","1","3","5","5","6","12","11",
"세종특별자치시","남자","91세","수급자수","","","","","1","1","3","1","2","2","4","1","4","3","4","5","11",
"세종특별자치시","남자","92세","수급자수","","","","","1","1","5","1","1","2","2","4","0","4","1","4","6",
"세종특별자치시","남자","93세","수급자수","","","","","0","1","1","0","2","2","2","0","2","1","1","1","4",
"세종특별자치시","남자","94세","수급자수","","","","","0","0","1","1","0","2","1","2","1","1","1","1","1",
"세종특별자치시","남자","95 - 99세","수급자수","","","","","1","1","0","1","1","1","2","1","2","4","5","5","8",
"세종특별자치시","남자","95세","수급자수","","","","","0","0","1","1","1","0","2","0","1","2","1","1","1",
"세종특별자치시","남자","96세","수급자수","","","","","1","0","1","0","0","1","0","1","1","1","2","1","2",
"세종특별자치시","남자","97세","수급자수","","","","","0","1","1","0","0","0","0","0","0","1","2","2","1",
"세종특별자치시","남자","98세","수급자수","","","","","0","0","0","0","0","","0","0","0","-","0","1","3",
"세종특별자치시","남자","99세","수급자수","","","","","0","0","0","0","0","","0","0","","-","0","0","1",
"세종특별자치시","남자","100세 이상","수급자수","","","","","0","0","0","0","0","0","0","0","0","-","0","0","0",
"세종특별자치시","여자","계","수급자수","","","","","1539","1468","1477","1982","2064","2058","2432","2907","3647","4127","4317","4542","4962",
"세종특별자치시","여자","0 - 4세","수급자수","","","","","15","18","18","23","24","26","31","56","69","68","67","58","68",
"세종특별자치시","여자","0세","수급자수","","","","","1","3","2","2","2","5","5","7","8","5","5","3","7",
"세종특별자치시","여자","1세","수급자수","","","","","2","3","3","7","3","3","8","10","13","12","7","7","9",
"세종특별자치시","여자","2세","수급자수","","","","","5","3","5","3","6","5","7","17","14","14","13","12","13",
"세종특별자치시","여자","3세","수급자수","","","","","4","5","3","6","6","7","7","8","18","19","20","12","16",
"세종특별자치시","여자","4세","수급자수","","","","","3","4","5","5","7","6","4","14","16","18","22","24","23",
"세종특별자치시","여자","5 - 9세","수급자수","","","","","33","31","42","100","117","109","104","139","170","189","182","168","199",
"세종특별자치시","여자","5세","수급자수","","","","","3","3","7","8","7","6","8","9","21","20","22","20","28",
"세종특별자치시","여자","6세","수급자수","","","","","9","5","5","10","13","8","10","15","18","29","27","23","27",
"세종특별자치시","여자","7세","수급자수","","","","","8","10","5","24","29","31","18","36","38","35","39","39","44",
"세종특별자치시","여자","8세","수급자수","","","","","5","8","0","23","34","29","35","33","45","50","40","48","49",
"세종특별자치시","여자","9세","수급자수","","","","","8","5","3","35","34","35","33","46","48","55","54","38","51",
"세종특별자치시","여자","10 - 14세","수급자수","","","","","89","74","71","181","207","209","224","268","317","334","322","307","337",
"세종특별자치시","여자","10세","수급자수","","","","","14","8","0","40","43","31","38","44","53","57","53","51","55",
"세종특별자치시","여자","11세","수급자수","","","","","11","15","12","31","45","46","41","55","60","57","58","56","61",
"세종특별자치시","여자","12세","수급자수","","","","","17","13","13","32","38","48","46","58","71","68","59","59","71",
"세종특별자치시","여자","13세","수급자수","","","","","22","19","6","35","36","49","49","56","65","81","71","70","70",
"세종특별자치시","여자","14세","수급자수","","","","","25","19","7","43","45","35","50","55","68","71","81","71","80",
"세종특별자치시","여자","15 - 19세","수급자수","","","","","130","132","125","231","236","222","226","253","294","341","335","342","378",
"세종특별자치시","여자","15세","수급자수","","","","","27","24","19","46","47","47","40","58","67","79","73","77","77",
"세종특별자치시","여자","16세","수급자수","","","","","26","30","17","47","54","46","46","52","75","75","68","75","90",
"세종특별자치시","여자","17세","수급자수","","","","","27","29","22","55","49","56","48","55","60","72","69","63","85",
"세종특별자치시","여자","18세","수급자수","","","","","30","24","22","48","57","44","55","48","59","69","78","71","70",
"세종특별자치시","여자","19세","수급자수","","","","","20","25","28","35","29","29","37","40","33","46","47","56","56",
"세종특별자치시","여자","20 - 24세","수급자수","","","","","47","49","58","77","83","88","101","109","139","150","165","162","194",
"세종특별자치시","여자","20세","수급자수","","","","","20","15","30","20","27","25","34","32","38","33","51","51","58",
"세종특별자치시","여자","21세","수급자수","","","","","10","17","28","25","17","20","19","30","36","44","31","42","43",
"세종특별자치시","여자","22세","수급자수","","","","","6","10","17","16","25","18","17","19","30","27","33","30","43",
"세종특별자치시","여자","23세","수급자수","","","","","7","3","23","8","10","17","15","14","25","28","25","20","29",
"세종특별자치시","여자","24세","수급자수","","","","","4","4","12","8","4","8","16","14","10","18","25","19","21",
"세종특별자치시","여자","25 - 29세","수급자수","","","","","11","18","18","20","15","15","32","42","59","62","73","81","87",
"세종특별자치시","여자","25세","수급자수","","","","","1","3","11","5","3","2","10","14","17","13","20","21","21",
"세종특별자치시","여자","26세","수급자수","","","","","4","4","8","1","4","4","4","11","12","13","10","20","19",
"세종특별자치시","여자","27세","수급자수","","","","","2","6","4","5","3","2","5","4","15","9","15","10","18",
"세종특별자치시","여자","28세","수급자수","","","","","4","1","2","4","2","4","5","8","7","14","12","15","12",
"세종특별자치시","여자","29세","수급자수","","","","","0","4","3","5","3","3","8","5","8","13","16","15","17",
"세종특별자치시","여자","30 - 34세","수급자수","","","","","35","31","35","41","41","34","40","50","83","86","101","84","111",
"세종특별자치시","여자","30세","수급자수","","","","","4","2","5","5","5","5","4","11","11","14","23","13","19",
"세종특별자치시","여자","31세","수급자수","","","","","4","5","5","10","6","3","7","7","17","14","13","23","15",
"세종특별자치시","여자","32세","수급자수","","","","","12","7","3","5","13","7","8","10","22","14","15","17","29",
"세종특별자치시","여자","33세","수급자수","","","","","7","12","5","11","5","13","8","10","16","27","18","15","22",
"세종특별자치시","여자","34세","수급자수","","","","","8","5","2","10","12","6","13","12","17","17","32","16","26",
"세종특별자치시","여자","35 - 39세","수급자수","","","","","60","43","44","73","78","75","85","123","161","166","155","167","174",
"세종특별자치시","여자","35세","수급자수","","","","","8","8","5","21","13","14","8","20","19","26","15","34","20",
"세종특별자치시","여자","36세","수급자수","","","","","8","8","10","11","16","9","19","16","31","21","28","25","41",
"세종특별자치시","여자","37세","수급자수","","","","","9","6","13","10","13","18","15","28","27","43","27","29","31",
"세종특별자치시","여자","38세","수급자수","","","","","12","9","9","21","14","17","24","29","37","35","49","28","38",
"세종특별자치시","여자","39세","수급자수","","","","","23","12","9","10","22","17","19","30","47","41","36","51","44",
"세종특별자치시","여자","40 - 44세","수급자수","","","","","99","94","82","97","87","93","105","145","229","283","284","292","305",
"세종특별자치시","여자","40세","수급자수","","","","","12","20","13","12","13","24","19","33","51","60","43","42","60",
"세종특별자치시","여자","41세","수급자수","","","","","18","17","4","13","12","13","27","21","52","56","60","48","54",
"세종특별자치시","여자","42세","수급자수","","","","","17","17","9","27","13","13","19","33","45","62","62","65","58",
"세종특별자치시","여자","43세","수급자수","","","","","24","17","10","20","29","13","21","27","46","55","64","62","71",
"세종특별자치시","여자","44세","수급자수","","","","","28","23","20","25","20","30","19","31","35","50","55","75","62",
"세종특별자치시","여자","45 - 49세","수급자수","","","","","86","86","97","115","127","137","149","170","226","245","261","291","321",
"세종특별자치시","여자","45세","수급자수","","","","","16","28","17","18","24","19","36","35","42","45","53","61","87",
"세종특별자치시","여자","46세","수급자수","","","","","19","16","19","31","17","26","24","40","38","47","49","60","64",
"세종특별자치시","여자","47세","수급자수","","","","","20","17","16","25","37","23","26","32","48","53","49","54","63",
"세종특별자치시","여자","48세","수급자수","","","","","11","16","26","22","26","36","26","37","50","52","56","54","51",
"세종특별자치시","여자","49세","수급자수","","","","","20","9","26","19","23","33","37","26","48","48","54","62","56",
"세종특별자치시","여자","50 - 54세","수급자수","","","","","81","76","77","85","94","99","123","152","197","233","245","278","298",
"세종특별자치시","여자","50세","수급자수","","","","","16","19","14","20","22","25","34","40","38","52","47","59","62",
"세종특별자치시","여자","51세","수급자수","","","","","17","13","15","13","19","21","31","36","45","45","49","53","63",
"세종특별자치시","여자","52세","수급자수","","","","","20","15","16","22","14","17","22","32","45","46","52","54","61",
"세종특별자치시","여자","53세","수급자수","","","","","16","16","10","14","23","14","18","24","38","51","49","55","56",
"세종특별자치시","여자","54세","수급자수","","","","","12","13","20","16","16","22","18","20","31","39","48","57","56",
"세종특별자치시","여자","55 - 59세","수급자수","","","","","71","76","77","88","93","100","134","138","166","186","193","216","246",
"세종특별자치시","여자","55세","수급자수","","","","","18","11","15","15","21","19","23","22","24","46","43","51","53",
"세종특별자치시","여자","56세","수급자수","","","","","14","23","15","22","13","21","26","23","29","28","40","49","52",
"세종특별자치시","여자","57세","수급자수","","","","","12","13","17","14","23","16","30","30","27","38","32","42","52",
"세종특별자치시","여자","58세","수급자수","","","","","14","17","16","22","16","26","25","32","40","31","40","33","48",
"세종특별자치시","여자","59세","수급자수","","","","","13","12","10","15","20","18","30","31","46","43","38","41","41",
"세종특별자치시","여자","60 - 64세","수급자수","","","","","74","61","64","89","98","97","137","155","194","250","273","284","269",
"세종특별자치시","여자","60세","수급자수","","","","","12","12","20","21","18","19","29","32","42","52","47","43","46",
"세종특별자치시","여자","61세","수급자수","","","","","12","11","14","19","20","20","31","28","43","47","54","49","46",
"세종특별자치시","여자","62세","수급자수","","","","","11","12","17","13","23","18","19","35","34","59","55","59","57",
"세종특별자치시","여자","63세","수급자수","","","","","18","10","16","18","18","24","26","26","42","44","68","57","61",
"세종특별자치시","여자","64세","수급자수","","","","","21","16","10","18","19","16","32","34","33","48","49","76","59",
"세종특별자치시","여자","65 - 69세","수급자수","","","","","133","122","107","124","128","114","150","191","263","272","285","312","346",
"세종특별자치시","여자","65세","수급자수","","","","","28","24","11","17","21","22","26","41","55","41","56","54","82",
"세종특별자치시","여자","66세","수급자수","","","","","24","28","15","24","17","24","31","33","57","56","41","67","66",
"세종특별자치시","여자","67세","수급자수","","","","","22","21","12","22","24","21","33","46","50","57","61","50","72",
"세종특별자치시","여자","68세","수급자수","","","","","29","20","16","38","26","24","31","35","61","52","64","70","55",
"세종특별자치시","여자","69세","수급자수","","","","","30","29","22","23","40","23","29","36","40","66","63","71","71",
"세종특별자치시","여자","70 - 74세","수급자수","","","","","199","166","173","180","170","159","195","203","249","284","288","336","374",
"세종특별자치시","여자","70세","수급자수","","","","","48","27","28","28","24","40","33","36","48","43","67","66","80",
"세종특별자치시","여자","71세","수급자수","","","","","29","43","21","27","33","21","51","39","44","56","42","82","73",
"세종특별자치시","여자","72세","수급자수","","","","","40","27","20","38","25","34","34","53","46","57","63","45","85",
"세종특별자치시","여자","73세","수급자수","","","","","33","39","28","52","38","28","37","34","66","50","61","72","59",
"세종특별자치시","여자","74세","수급자수","","","","","49","30","32","35","50","36","40","41","45","78","55","71","77",
"세종특별자치시","여자","75 - 79세","수급자수","","","","","155","182","180","202","202","202","227","265","301","313","323","342","369",
"세종특별자치시","여자","75세","수급자수","","","","","24","51","47","40","33","46","43","43","51","54","80","63","76",
"세종특별자치시","여자","76세","수급자수","","","","","35","30","28","39","40","32","52","48","48","56","61","91","67",
"세종특별자치시","여자","77세","수급자수","","","","","44","33","38","50","42","36","47","63","50","55","63","63","93",
"세종특별자치시","여자","78세","수급자수","","","","","33","38","30","37","49","42","40","62","80","55","58","66","68",
"세종특별자치시","여자","79세","수급자수","","","","","19","30","49","36","38","46","45","49","72","93","61","59","65",
"세종특별자치시","여자","80 - 84세","수급자수","","","","","145","127","116","139","139","144","200","246","289","340","397","387","390",
"세종특별자치시","여자","80세","수급자수","","","","","28","19","29","43","30","30","56","55","56","69","100","63","58",
"세종특별자치시","여자","81세","수급자수","","","","","22","27","31","26","37","32","42","65","62","61","68","109","72",
"세종특별자치시","여자","82세","수급자수","","","","","43","20","41","23","25","34","40","50","72","73","64","67","116",
"세종특별자치시","여자","83세","수급자수","","","","","28","35","23","27","24","25","37","39","56","80","81","66","75",
"세종특별자치시","여자","84세","수급자수","","","","","24","26","19","20","23","23","25","37","43","57","84","82","69",
"세종특별자치시","여자","85 - 89세","수급자수","","","","","52","56","66","83","98","109","122","139","150","207","227","281","317",
"세종특별자치시","여자","85세","수급자수","","","","","17","19","22","28","22","23","28","33","46","51","54","82","83",
"세종특별자치시","여자","86세","수급자수","","","","","7","15","18","22","30","20","24","28","28","54","51","50","76",
"세종특별자치시","여자","87세","수급자수","","","","","8","7","34","18","19","31","22","26","26","35","54","52","46",
"세종특별자치시","여자","88세","수급자수","","","","","12","7","21","11","17","21","31","20","31","34","37","60","56",
"세종특별자치시","여자","89세","수급자수","","","","","8","8","20","4","10","14","17","32","19","33","31","37","56",
"세종특별자치시","여자","90 - 94세","수급자수","","","","","19","19","20","27","23","22","41","49","73","97","119","121","131",
"세종특별자치시","여자","90세","수급자수","","","","","8","4","13","6","4","9","16","19","34","22","32","28","42",
"세종특별자치시","여자","91세","수급자수","","","","","7","6","5","9","4","2","8","15","16","30","21","29","28",
"세종특별자치시","여자","92세","수급자수","","","","","1","6","7","6","7","3","4","4","16","20","30","23","28",
"세종특별자치시","여자","93세","수급자수","","","","","2","1","6","4","4","4","7","6","4","18","19","19","21",
"세종특별자치시","여자","94세","수급자수","","","","","1","2","4","2","4","4","6","5","3","7","17","22","12",
"세종특별자치시","여자","95 - 99세","수급자수","","","","","5","7","7","7","2","3","5","13","17","19","20","28","42",
"세종특별자치시","여자","95세","수급자수","","","","","0","2","5","2","1","2","2","6","2","4","6","16","21",
"세종특별자치시","여자","96세","수급자수","","","","","5","0","4","1","1","0","3","2","7","1","5","7","14",
"세종특별자치시","여자","97세","수급자수","","","","","0","5","1","1","0","1","0","5","3","7","1","3","4",
"세종특별자치시","여자","98세","수급자수","","","","","0","0","2","0","0","","0","0","5","4","5","0","3",
"세종특별자치시","여자","99세","수급자수","","","","","0","0","2","3","0","","0","0","","3","3","2","0",
"세종특별자치시","여자","100세 이상","수급자수","","","","","0","0","0","0","2","1","1","1","1","2","2","5","6",
"경기도","계","계","수급자수","","201012","196412","186896","178155","175069","175449","243282","248944","246032","281505","312511","362988","404621","424697","452805","483643",
"경기도","계","0 - 4세","수급자수","","3829","3708","3391","3040","2878","2881","3765","3577","3312","3711","4389","5347","5486","5266","5192","5169",
"경기도","계","0세","수급자수","","472","537","483","398","343","378","438","387","368","397","463","536","510","444","467","453",
"경기도","계","1세","수급자수","","691","623","642","597","525","492","683","627","583","607","751","924","960","832","802","842",
"경기도","계","2세","수급자수","","812","774","636","662","650","571","737","757","684","795","838","1117","1160","1118","992","1013",
"경기도","계","3세","수급자수","","884","842","763","624","715","672","899","823","805","886","1109","1194","1370","1329","1362","1197",
"경기도","계","4세","수급자수","","970","932","867","759","645","768","1008","983","872","1026","1228","1576","1486","1543","1569","1664",
"경기도","계","5 - 9세","수급자수","","8811","7559","6401","5634","5137","4796","12849","13300","12218","12278","13153","14721","15277","14690","14854","15037",
"경기도","계","5세","수급자수","","1176","1038","956","884","822","702","1121","1103","1056","1175","1354","1703","1911","1746","1841","1884",
"경기도","계","6세","수급자수","","1367","1264","1021","952","907","872","1054","1246","1210","1401","1531","1901","2140","2167","2080","2182",
"경기도","계","7세","수급자수","","1613","1435","1265","1059","981","994","3341","2858","2990","2945","3064","3143","3198","3225","3266","3107",
"경기도","계","8세","수급자수","","2081","1680","1452","1264","1101","61","3678","3833","3125","3361","3505","3779","3629","3556","3662","3764",
"경기도","계","9세","수급자수","","2574","2142","1707","1475","1326","38","3655","4260","3837","3396","3699","4195","4399","3996","4005","4100",
"경기도","계","10 - 14세","수급자수","","18216","16536","14556","12347","10956","9690","23794","24301","22847","22307","21926","24327","25845","25887","26224","27014",
"경기도","계","10세","수급자수","","2870","2636","2101","1687","1517","26","3716","4143","4302","3947","3729","4389","4787","4744","4398","4479",
"경기도","계","11세","수급자수","","3208","2932","2598","2084","1751","1065","4239","4169","4102","4477","4148","4337","4872","5139","5115","4841",
"경기도","계","12세","수급자수","","3625","3235","2914","2549","2127","1163","4631","4803","4227","4318","4708","4862","4880","5155","5547","5595",
"경기도","계","13세","수급자수","","3955","3736","3232","2878","2626","1376","5235","5352","4916","4550","4608","5498","5433","5251","5585","6057",
"경기도","계","14세","수급자수","","4558","3997","3711","3149","2935","1585","5973","5834","5300","5015","4733","5241","5873","5598","5579","6042",
"경기도","계","15 - 19세","수급자수","","24184","23391","21511","19325","17966","16874","36777","37351","33064","31038","28556","29122","28913","28637","28990","29733",
"경기도","계","15세","수급자수","","4846","4618","3987","3664","3170","1800","7295","6721","5896","5562","5207","5367","5687","6139","5941","5935",
"경기도","계","16세","수급자수","","5246","4854","4599","3902","3723","2193","8382","8770","7147","6403","6008","6101","5702","5946","6473","6367",
"경기도","계","17세","수급자수","","5401","5163","4704","4360","3839","2736","8785","8995","8406","7274","6418","6546","6294","5789","6136","6827",
"경기도","계","18세","수급자수","","5101","4996","4665","4126","4065","3000","8449","8796","7908","7887","6842","6722","6669","6275","5971","6323",
"경기도","계","19세","수급자수","","3590","3760","3556","3273","3169","3266","3866","4069","3707","3912","4081","4386","4561","4488","4469","4281",
"경기도","계","20 - 24세","수급자수","","6910","7245","7343","7342","7809","8129","10318","10432","10210","11132","11984","14260","15477","15154","15693","16187",
"경기도","계","20세","수급자수","","2324","2433","2386","2283","2344","3747","2950","2890","2845","2932","3093","3658","3704","3475","3601","3692",
"경기도","계","21세","수급자수","","1630","1678","1796","1779","1867","3646","2191","2320","2234","2483","2591","3107","3451","3280","3217","3360",
"경기도","계","22세","수급자수","","1250","1379","1387","1493","1614","3215","2156","2079","2043","2247","2544","2898","3187","3321","3255","3230",
"경기도","계","23세","수급자수","","967","1003","1056","1029","1185","2257","1716","1743","1733","1917","2008","2562","2737","2803","3040","3088",
"경기도","계","24세","수급자수","","739","752","718","758","799","1879","1305","1400","1355","1553","1748","2035","2398","2275","2580","2817",
"경기도","계","25 - 29세","수급자수","","2940","2736","2441","2190","2243","2384","3070","3265","3464","4110","4773","6426","7215","7363","7865","8888",
"경기도","계","25세","수급자수","","602","616","598","546","604","1711","891","1031","1082","1149","1375","1736","1854","2039","2034","2317",
"경기도","계","26세","수급자수","","552","498","454","468","445","1338","660","695","784","942","997","1406","1563","1506","1725","1926",
"경기도","계","27세","수급자수","","587","483","422","386","420","944","541","581","578","784","915","1131","1359","1378","1447","1668",
"경기도","계","28세","수급자수","","597","559","430","372","387","633","476","482","533","630","796","1118","1184","1260","1344","1492",
"경기도","계","29세","수급자수","","602","580","537","418","387","517","502","476","487","605","690","1035","1255","1180","1315","1485",
"경기도","계","30 - 34세","수급자수","","3984","3643","3409","3179","3159","3026","3619","3439","3237","3896","4952","6540","7598","8146","8976","10126",
"경기도","계","30세","수급자수","","645","610","564","544","491","409","523","531","532","699","890","1122","1401","1515","1548","1785",
"경기도","계","31세","수급자수","","649","671","649","584","580","424","609","572","585","699","911","1300","1451","1604","1832","1906",
"경기도","계","32세","수급자수","","820","674","669","676","638","401","672","660","612","779","976","1296","1540","1607","1850","2171",
"경기도","계","33세","수급자수","","840","840","689","700","706","433","846","731","687","815","1032","1398","1567","1714","1820","2182",
"경기도","계","34세","수급자수","","1030","848","838","675","744","512","969","945","821","904","1143","1424","1639","1706","1926","2082",
"경기도","계","35 - 39세","수급자수","","9186","8173","6847","5865","5129","4743","5985","6073","5965","7153","8364","10518","11260","11134","11456","12341",
"경기도","계","35세","수급자수","","1315","1077","832","837","734","632","1077","1057","1026","1107","1200","1652","1738","1812","1969","2248",
"경기도","계","36세","수급자수","","1602","1388","1112","853","886","689","1115","1166","1124","1320","1475","1741","1972","1921","2103","2282",
"경기도","계","37세","수급자수","","1811","1664","1401","1118","875","760","1120","1188","1224","1498","1738","2062","2098","2211","2201","2404",
"경기도","계","38세","수급자수","","2131","1855","1648","1437","1133","793","1331","1206","1303","1560","1947","2400","2555","2360","2497","2526",
"경기도","계","39세","수급자수","","2327","2189","1854","1620","1501","811","1342","1456","1288","1668","2004","2663","2897","2830","2686","2881",
"경기도","계","40 - 44세","수급자수","","15107","14146","12895","11593","10616","9984","11595","10690","9956","10673","11743","14831","17127","17745","19029","19705",
"경기도","계","40세","수급자수","","2673","2390","2180","1823","1649","974","1641","1486","1559","1681","2159","2788","3231","3168","3132","3025",
"경기도","계","41세","수급자수","","2971","2696","2339","2134","1859","957","2123","1769","1570","1947","2047","2930","3363","3523","3595","3556",
"경기도","계","42세","수급자수","","3030","2947","2634","2307","2162","1208","2345","2233","1892","1904","2433","2822","3470","3704","3964","4068",
"경기도","계","43세","수급자수","","3124","2998","2862","2565","2334","1579","2588","2514","2334","2333","2296","3229","3295","3799","4122","4450",
"경기도","계","44세","수급자수","","3309","3115","2880","2764","2612","1738","2898","2688","2601","2808","2808","3062","3768","3551","4216","4606",
"경기도","계","45 - 49세","수급자수","","17807","16832","15668","14310","14134","13962","16605","16579","16352","17685","19102","22191","23004","22777","22828","23647",
"경기도","계","45세","수급자수","","3335","3223","2990","2733","2742","1968","3097","2994","2826","3081","3286","3569","3636","4060","3928","4661",
"경기도","계","46세","수급자수","","3243","3272","3099","2843","2725","2280","3331","3202","3127","3281","3633","4188","4132","3879","4466","4317",
"경기도","계","47세","수급자수","","3672","3102","3168","2960","2832","2419","3436","3434","3242","3599","3784","4547","4764","4412","4265","4867",
"경기도","계","48세","수급자수","","3768","3596","2969","2957","2890","2649","3356","3535","3540","3780","4142","4754","5136","5083","4750","4678",
"경기도","계","49세","수급자수","","3789","3639","3442","2817","2945","2773","3385","3414","3617","3944","4257","5133","5336","5343","5419","5124",
"경기도","계","50 - 54세","수급자수","","14980","15674","15913","15736","15494","15721","17831","17729","17648","19958","22099","26799","29965","30708","31436","32152",
"경기도","계","50세","수급자수","","3341","3683","3468","3279","2755","2735","3438","3482","3460","4091","4392","5284","5794","5659","5680","5748",
"경기도","계","51세","수급자수","","3096","3250","3580","3273","3184","2880","3491","3470","3507","3925","4530","5384","5907","6051","6049","6096",
"경기도","계","52세","수급자수","","2991","3048","3088","3418","3218","2925","3310","3557","3524","3940","4379","5533","6072","6158","6483","6511",
"경기도","계","53세","수급자수","","2745","2948","2931","2963","3367","2987","3748","3397","3627","3944","4369","5376","6238","6343","6537","6855",
"경기도","계","54세","수급자수","","2807","2745","2846","2803","2970","2833","3844","3823","3530","4058","4429","5222","5954","6497","6687","6942",
"경기도","계","55 - 59세","수급자수","","9393","10369","11381","11906","12978","14255","17383","18736","19764","22429","24772","28489","30692","31495","33555","35702",
"경기도","계","55세","수급자수","","2185","2760","2659","2782","2817","3215","3951","3992","3922","3933","4508","5376","5850","6258","6815","7127",
"경기도","계","56세","수급자수","","1918","2184","2704","2541","2792","3274","3547","4063","4061","4439","4425","5407","5971","6152","6608","7268",
"경기도","계","57세","수급자수","","2098","1869","2134","2689","2569","3412","3371","3638","4268","4634","4977","5298","6040","6242","6532","7084",
"경기도","계","58세","수급자수","","1469","2100","1835","2099","2679","3022","3357","3535","3795","4952","5305","5957","5980","6465","6650","6991",
"경기도","계","59세","수급자수","","1723","1456","2049","1795","2121","2912","3157","3508","3718","4471","5557","6451","6851","6378","6950","7232",
"경기도","계","60 - 64세","수급자수","","8952","8980","8547","8605","8825","9710","12985","15171","16679","20962","25154","30878","36162","38725","40630","42413",
"경기도","계","60세","수급자수","","1648","1729","1411","2043","1848","2880","3360","3304","3751","4306","5193","6648","7288","7333","6869","7516",
"경기도","계","61세","수급자수","","1771","1671","1697","1396","2103","2646","2637","3510","3430","4426","5011","6316","7611","7925","7954","7440",
"경기도","계","62세","수급자수","","1950","1779","1659","1707","1441","2795","2385","2819","3711","4108","5056","6048","7195","8213","8479","8668",
"경기도","계","63세","수급자수","","1786","1975","1778","1670","1713","2205","2710","2588","3013","4431","4721","6123","6937","7736","8858","9140",
"경기도","계","64세","수급자수","","1797","1826","2002","1789","1720","1936","1893","2950","2774","3691","5173","5743","7131","7518","8470","9649",
"경기도","계","65 - 69세","수급자수","","14482","14160","13210","12393","12378","12569","14605","14851","15780","19656","23509","29277","36577","40741","46022","50986",
"경기도","계","65세","수급자수","","2200","2036","2059","2312","2144","2205","2523","2252","3554","3909","4962","6771","7250","8420","8800","9967",
"경기도","계","66세","수급자수","","2591","2435","2202","2251","2608","1524","2833","2854","2518","4612","4766","6183","8140","8236","9514","9946",
"경기도","계","67세","수급자수","","3442","2775","2547","2336","2390","1840","2960","3018","3090","3177","5490","5641","7273","8989","9032","10483",
"경기도","계","68세","수급자수","","3206","3596","2798","2641","2452","2153","3360","3195","3256","3873","3772","6355","6596","7975","9863","9897",
"경기도","계","69세","수급자수","","3043","3318","3604","2853","2784","2456","2929","3532","3362","4085","4519","4327","7318","7121","8813","10693",
"경기도","계","70 - 74세","수급자수","","16112","16207","16053","16626","16186","16184","17658","17229","16913","20784","23943","27102","30300","33547","36893","41789",
"경기도","계","70세","수급자수","","3300","3194","3281","3677","2913","2823","3006","3002","3694","4235","4802","5168","4990","7982","7792","9580",
"경기도","계","71세","수급자수","","3344","3344","3159","3302","3680","2537","3272","3120","3096","4596","4941","5410","5932","5482","8658","8512",
"경기도","계","72세","수급자수","","3091","3406","3284","3148","3279","2600","3415","3328","3202","3853","5270","5564","6266","6420","6019","9481",
"경기도","계","73세","수급자수","","3118","3132","3324","3234","3115","2893","4262","3452","3421","3932","4448","5950","6371","6727","7059","6545",
"경기도","계","74세","수급자수","","3259","3131","3005","3265","3199","3063","3703","4327","3500","4168","4482","5010","6741","6936","7365","7671",
"경기도","계","75 - 79세","수급자수","","12406","13208","13433","13572","14187","14642","16275","16895","18127","23012","26133","28311","31038","32384","35771","38897",
"경기도","계","75세","수급자수","","2932","3241","2969","2938","3235","3766","3417","3695","4351","4352","4820","4980","5720","7301","7614","7935",
"경기도","계","76세","수급자수","","2631","2898","3098","2883","2857","3343","3480","3376","3720","5463","4924","5277","5627","6165","7993","8229",
"경기도","계","77세","수급자수","","2546","2569","2721","2933","2783","3119","3485","3478","3354","4627","6273","5437","5959","6094","6741","8604",
"경기도","계","78세","수급자수","","2138","2434","2366","2604","2818","3161","3013","3377","3438","4241","5329","6841","6146","6348","6543","7222",
"경기도","계","79세","수급자수","","2159","2066","2279","2214","2494","3200","2880","2969","3264","4329","4787","5776","7586","6476","6880","6907",
"경기도","계","80 - 84세","수급자수","","8009","8195","8251","8608","8807","9328","10779","11535","12037","17882","21399","23871","28097","32064","34945","37062",
"경기도","계","80세","수급자수","","2101","2034","1897","2142","2087","2815","2832","2769","2861","4172","4903","5129","6394","8034","6926","7246",
"경기도","계","81세","수급자수","","1744","1959","1878","1762","1990","2739","2446","2698","2621","3880","4635","5290","5663","6747","8461","7230",
"경기도","계","82세","수급자수","","1580","1604","1784","1750","1638","2727","2085","2353","2546","3551","4267","4920","5781","5906","7171","8843",
"경기도","계","83세","수급자수","","1338","1425","1459","1620","1631","2394","1920","1939","2191","3391","3902","4520","5347","5938","6197","7419",
"경기도","계","84세","수급자수","","1246","1173","1233","1334","1461","1999","1496","1776","1818","2888","3692","4012","4912","5439","6190","6324",
"경기도","계","85 - 89세","수급자수","","4065","4012","3987","4095","4276","4574","5194","5481","5956","8871","11294","13535","16759","19189","22056","24695",
"경기도","계","85세","수급자수","","1050","1079","1034","1127","1204","1912","1446","1383","1628","2367","3152","3803","4364","5028","5520","6306",
"경기도","계","86세","수급자수","","982","900","940","914","1011","1538","1241","1326","1286","2112","2559","3182","4042","4343","5123","5472",
"경기도","계","87세","수급자수","","890","818","746","822","803","1485","1022","1126","1204","1594","2293","2575","3383","3961","4355","4938",
"경기도","계","88세","수급자수","","628","697","687","642","727","1295","836","902","1031","1513","1710","2293","2654","3292","3883","4283",
"경기도","계","89세","수급자수","","515","518","580","590","531","1092","649","744","807","1285","1580","1682","2316","2565","3175","3696",
"경기도","계","90 - 94세","수급자수","","1280","1291","1318","1415","1568","1626","1778","1834","1965","3106","4176","5136","6258","7129","8155","9434",
"경기도","계","90세","수급자수","","431","412","423","473","512","890","553","540","637","1006","1343","1545","1711","2148","2442","2984",
"경기도","계","91세","수급자수","","296","343","317","353","394","696","363","430","475","811","1055","1282","1542","1583","2056","2280",
"경기도","계","92세","수급자수","","256","206","252","264","287","601","363","311","367","562","851","1029","1274","1390","1418","1875",
"경기도","계","93세","수급자수","","164","213","161","205","212","436","300","318","241","424","533","787","1007","1149","1230","1242",
"경기도","계","94세","수급자수","","133","117","165","120","163","440","199","235","245","303","394","493","724","859","1009","1053",
"경기도","계","95 - 99세","수급자수","","295","282","278","305","279","319","364","409","462","739","933","1131","1350","1656","1940","2345",
"경기도","계","95세","수급자수","","90","104","93","116","93","345","131","150","182","267","294","352","461","631","740","855",
"경기도","계","96세","수급자수","","69","64","78","74","78","239","102","107","107","204","264","270","313","417","517","624",
"경기도","계","97세","수급자수","","55","52","41","55","51","166","59","71","85","121","193","246","219","276","335","429",
"경기도","계","98세","수급자수","","44","33","38","32","34","132","45","48","54","84","106","177","211","180","213","266",
"경기도","계","99세","수급자수","","37","29","28","28","23","62","27","33","34","63","76","86","146","152","135","171",
"경기도","계","100세 이상","수급자수","","64","65","63","69","64","52","53","67","76","123","157","176","221","260","295","321",
"경기도","남자","계","수급자수","","86180","84138","80322","76729","75683","76566","109747","113258","112606","126695","139812","163440","181977","190072","201678","215731",
"경기도","남자","0 - 4세","수급자수","","1973","1916","1741","1550","1451","1481","1947","1859","1692","1881","2215","2731","2868","2745","2654","2638",
"경기도","남자","0세","수급자수","","243","270","243","202","183","201","221","193","185","196","234","276","270","240","245","240",
"경기도","남자","1세","수급자수","","375","307","312","297","272","274","347","311","292","310","369","483","496","425","433","423",
"경기도","남자","2세","수급자수","","413","422","326","325","315","296","400","393","348","413","419","571","598","570","496","513",
"경기도","남자","3세","수급자수","","457","429","417","321","345","332","473","441","414","438","574","613","735","685","680","614",
"경기도","남자","4세","수급자수","","485","488","443","405","336","378","506","521","453","524","619","788","769","825","800","848",
"경기도","남자","5 - 9세","수급자수","","4506","3824","3228","2883","2643","2449","6575","6812","6287","6363","6721","7522","7843","7520","7625","7806",
"경기도","남자","5세","수급자수","","600","515","501","453","440","354","569","571","557","617","680","866","958","897","996","998",
"경기도","남자","6세","수급자수","","703","652","503","500","455","465","541","635","624","731","795","959","1082","1129","1058","1169",
"경기도","남자","7세","수급자수","","797","726","642","517","523","501","1744","1460","1539","1501","1592","1607","1621","1631","1675","1583",
"경기도","남자","8세","수급자수","","1085","822","746","662","536","7","1869","1995","1595","1753","1762","1960","1867","1819","1878","1942",
"경기도","남자","9세","수급자수","","1321","1109","836","751","689","4","1852","2151","1972","1761","1892","2130","2315","2044","2018","2114",
"경기도","남자","10 - 14세","수급자수","","9426","8479","7477","6372","5639","4988","12129","12376","11671","11468","11204","12419","13140","13227","13298","13735",
"경기도","남자","10세","수급자수","","1524","1354","1089","819","776","1","1897","2109","2171","2058","1909","2263","2418","2486","2228","2253",
"경기도","남자","11세","수급자수","","1682","1545","1350","1094","863","565","2196","2132","2094","2272","2151","2178","2517","2583","2663","2457",
"경기도","남자","12세","수급자수","","1818","1669","1526","1326","1110","564","2383","2467","2170","2236","2343","2543","2438","2637","2777","2911",
"경기도","남자","13세","수급자수","","2042","1858","1664","1515","1364","714","2607","2722","2533","2310","2367","2751","2816","2630","2815","3036",
"경기도","남자","14세","수급자수","","2360","2053","1848","1618","1526","829","3046","2946","2703","2592","2434","2684","2951","2891","2815","3078",
"경기도","남자","15 - 19세","수급자수","","11999","11633","10835","9713","9067","8533","18233","18692","16664","15661","14374","14711","14548","14415","14542","14916",
"경기도","남자","15세","수급자수","","2487","2401","2028","1825","1613","886","3750","3429","2982","2806","2663","2777","2911","3089","3071","3007",
"경기도","남자","16세","수급자수","","2657","2502","2379","2000","1868","1140","4185","4462","3644","3241","3040","3105","2945","3056","3246","3290",
"경기도","남자","17세","수급자수","","2702","2612","2434","2237","1978","1419","4312","4517","4274","3737","3213","3334","3147","2982","3142","3418",
"경기도","남자","18세","수급자수","","2447","2464","2332","2129","2079","1556","4077","4377","3981","3980","3470","3362","3395","3100","3017","3192",
"경기도","남자","19세","수급자수","","1706","1654","1662","1522","1529","1629","1909","1907","1783","1897","1988","2133","2150","2188","2066","2009",
"경기도","남자","20 - 24세","수급자수","","3032","3138","3093","3094","3252","3459","4610","4747","4572","4976","5295","6245","6832","6647","6839","6879",
"경기도","남자","20세","수급자수","","879","900","773","790","814","1882","1238","1212","1126","1179","1261","1458","1501","1323","1385","1333",
"경기도","남자","21세","수급자수","","641","640","688","608","665","1872","827","909","903","932","970","1202","1336","1279","1196","1248",
"경기도","남자","22세","수급자수","","605","646","665","707","708","1594","983","980","917","1050","1134","1261","1405","1490","1440","1374",
"경기도","남자","23세","수급자수","","489","545","553","562","616","852","876","894","913","955","1016","1267","1338","1385","1493","1473",
"경기도","남자","24세","수급자수","","418","407","414","427","449","633","686","752","713","860","914","1057","1252","1170","1325","1451",
"경기도","남자","25 - 29세","수급자수","","1419","1323","1216","1138","1156","1247","1565","1679","1743","2043","2317","3112","3486","3559","3796","4328",
"경기도","남자","25세","수급자수","","333","335","336","311","343","770","491","544","585","604","750","898","950","1047","1030","1186",
"경기도","남자","26세","수급자수","","290","257","231","263","233","668","362","371","387","485","482","743","791","738","844","985",
"경기도","남자","27세","수급자수","","281","237","213","204","217","536","283","309","291","367","436","532","682","670","695","778",
"경기도","남자","28세","수급자수","","262","251","202","179","191","362","205","237","265","294","347","498","537","607","628","700",
"경기도","남자","29세","수급자수","","253","243","234","181","172","289","224","218","215","293","302","441","526","497","599","679",
"경기도","남자","30 - 34세","수급자수","","1592","1471","1377","1302","1291","1251","1491","1426","1382","1668","2216","2913","3406","3641","3991","4520",
"경기도","남자","30세","수급자수","","278","245","244","241","212","198","233","234","239","317","437","509","629","677","707","842",
"경기도","남자","31세","수급자수","","269","279","249","243","250","205","256","251","245","308","419","624","649","721","808","864",
"경기도","남자","32세","수급자수","","330","283","271","267","258","193","289","270","272","334","419","578","724","711","839","959",
"경기도","남자","33세","수급자수","","330","331","279","273","283","183","337","293","284","352","470","575","712","783","783","958",
"경기도","남자","34세","수급자수","","385","333","334","278","288","226","376","378","342","357","471","627","692","749","854","897",
"경기도","남자","35 - 39세","수급자수","","3388","3027","2616","2275","2011","1869","2312","2364","2332","2811","3274","4079","4451","4476","4630","5051",
"경기도","남자","35세","수급자수","","518","394","315","331","300","270","415","420","397","464","462","654","736","740","857","975",
"경기도","남자","36세","수급자수","","604","528","418","343","347","282","427","451","444","524","617","671","782","813","853","991",
"경기도","남자","37세","수급자수","","680","611","545","419","349","290","434","457","476","566","668","817","820","879","918","964",
"경기도","남자","38세","수급자수","","744","701","621","572","417","301","512","482","498","614","735","927","1028","912","975","1020",
"경기도","남자","39세","수급자수","","842","793","717","610","598","336","524","554","517","643","792","1010","1085","1132","1027","1101",
"경기도","남자","40 - 44세","수급자수","","6175","5656","5034","4582","4221","4001","4561","4201","3932","4275","4618","5936","6814","6957","7345","7579",
"경기도","남자","40세","수급자수","","1023","857","786","720","627","377","614","586","591","682","825","1109","1243","1179","1231","1164",
"경기도","남자","41세","수급자수","","1137","1056","840","796","737","391","834","662","620","751","819","1150","1358","1362","1331","1413",
"경기도","남자","42세","수급자수","","1197","1153","1048","869","850","464","892","887","710","768","942","1131","1368","1456","1518","1502",
"경기도","남자","43세","수급자수","","1359","1199","1147","1043","903","634","1033","972","962","897","931","1242","1348","1488","1609","1694",
"경기도","남자","44세","수급자수","","1459","1391","1213","1154","1104","675","1188","1094","1049","1177","1101","1304","1497","1472","1656","1806",
"경기도","남자","45 - 49세","수급자수","","9170","8493","7881","7044","6807","6677","7692","7513","7439","7914","8511","9708","9993","9712","9612","9841",
"경기도","남자","45세","수급자수","","1598","1465","1361","1189","1178","786","1266","1272","1222","1258","1385","1445","1529","1641","1606","1823",
"경기도","남자","46세","수급자수","","1624","1608","1444","1347","1235","933","1467","1351","1366","1431","1517","1782","1698","1617","1806","1784",
"경기도","남자","47세","수급자수","","1904","1601","1593","1433","1408","973","1582","1544","1417","1588","1700","1947","2044","1852","1792","2016",
"경기도","남자","48세","수급자수","","1991","1884","1613","1531","1451","1157","1613","1677","1662","1731","1896","2144","2276","2218","2014","2012",
"경기도","남자","49세","수급자수","","2053","1935","1870","1544","1535","1267","1764","1669","1772","1906","2013","2390","2446","2384","2394","2206",
"경기도","남자","50 - 54세","수급자수","","8620","8927","9094","8943","8767","8878","9903","9760","9689","10801","11737","14040","15317","15379","15403","15458",
"경기도","남자","50세","수급자수","","1889","2026","1899","1801","1534","1284","1789","1873","1744","2035","2166","2534","2792","2648","2556","2551",
"경기도","남자","51세","수급자수","","1815","1844","1994","1823","1775","1478","1897","1813","1953","2032","2280","2699","2905","2952","2875","2770",
"경기도","남자","52세","수급자수","","1758","1786","1778","1939","1808","1491","1840","1998","1886","2230","2303","2864","3103","3055","3195","3168",
"경기도","남자","53세","수급자수","","1544","1743","1747","1720","1913","1597","2144","1889","2084","2162","2525","2893","3291","3280","3276","3427",
"경기도","남자","54세","수급자수","","1614","1528","1676","1660","1737","1581","2233","2187","2022","2342","2463","3050","3226","3444","3501","3542",
"경기도","남자","55 - 59세","수급자수","","4964","5655","6282","6682","7418","8216","9956","10883","11533","12922","14378","16513","17847","18091","18952","19832",
"경기도","남자","55세","수급자수","","1213","1566","1492","1636","1663","1829","2271","2338","2260","2253","2624","3020","3432","3431","3667","3780",
"경기도","남자","56세","수급자수","","1034","1220","1537","1408","1624","1897","2087","2351","2389","2538","2602","3139","3362","3638","3638","3928",
"경기도","남자","57세","수급자수","","1129","999","1184","1543","1426","1974","1979","2151","2462","2701","2887","3116","3534","3492","3838","3905",
"경기도","남자","58세","수급자수","","758","1129","976","1153","1524","1788","1925","2044","2279","2825","3074","3521","3529","3800","3748","4131",
"경기도","남자","59세","수급자수","","830","741","1093","942","1181","1732","1694","1999","2143","2605","3191","3717","3990","3730","4061","4088",
"경기도","남자","60 - 64세","수급자수","","3893","3976","3896","4140","4327","4974","6824","8006","8979","11287","13771","17037","20316","21754","22961","24153",
"경기도","남자","60세","수급자수","","805","818","713","1096","958","1649","1872","1769","2150","2455","2999","3805","4230","4250","4004","4384",
"경기도","남자","61세","수급자수","","817","803","801","696","1107","1455","1406","1933","1841","2488","2849","3582","4352","4553","4559","4311",
"경기도","남자","62세","수급자수","","813","801","767","796","719","1592","1200","1500","2018","2125","2809","3340","4050","4602","4840","4956",
"경기도","남자","63세","수급자수","","764","804","802","748","789","1214","1414","1294","1594","2347","2419","3368","3801","4266","4930","5190",
"경기도","남자","64세","수급자수","","694","750","813","804","754","997","932","1510","1376","1872","2695","2942","3883","4083","4628","5312",
"경기도","남자","65 - 69세","수급자수","","5063","4959","4800","4612","4872","5122","6148","6509","7327","9156","11189","14400","18014","20408","23254","26209",
"경기도","남자","65세","수급자수","","788","769","817","892","940","1164","1150","1067","1804","1912","2515","3490","3694","4492","4675","5471",
"경기도","남자","66세","수급자수","","950","865","837","877","1024","756","1242","1308","1212","2243","2290","3145","4091","4170","4983","5245",
"경기도","남자","67세","수급자수","","1238","989","919","894","948","843","1293","1323","1407","1506","2624","2747","3648","4475","4509","5445",
"경기도","남자","68세","수급자수","","1035","1259","977","945","954","942","1311","1412","1424","1741","1765","3010","3179","3930","4792","4906",
"경기도","남자","69세","수급자수","","1052","1077","1250","1004","1006","1070","1152","1399","1480","1754","1995","2008","3402","3341","4295","5142",
"경기도","남자","70 - 74세","수급자수","","5088","5241","5234","5526","5462","5584","6369","6265","6326","7959","9461","10999","12619","14341","15935","18576",
"경기도","남자","70세","수급자수","","1050","1106","1063","1289","1017","1098","1166","1139","1442","1812","2063","2263","2244","3634","3580","4592",
"경기도","남자","71세","수급자수","","1128","1069","1082","1073","1285","1000","1213","1197","1189","1764","2074","2308","2576","2449","3871","3891",
"경기도","남자","72세","수급자수","","991","1121","1047","1077","1063","1012","1232","1213","1224","1423","2000","2317","2635","2705","2624","4198",
"경기도","남자","73세","수급자수","","935","1010","1072","1040","1060","1039","1486","1228","1245","1483","1641","2270","2610","2783","2901","2782",
"경기도","남자","74세","수급자수","","984","935","970","1047","1037","1066","1272","1488","1226","1477","1683","1841","2554","2770","2959","3113",
"경기도","남자","75 - 79세","수급자수","","3191","3618","3761","3944","4234","4493","5317","5688","6094","7698","8788","9596","10747","11330","12885","14326",
"경기도","남자","75세","수급자수","","870","975","871","946","1053","1319","1194","1269","1493","1494","1677","1834","2073","2716","2993","3147",
"경기도","남자","76세","수급자수","","693","843","926","833","906","1091","1146","1191","1264","1827","1669","1850","2053","2204","2896","3208",
"경기도","남자","77세","수급자수","","650","697","774","847","792","1069","1147","1152","1184","1531","2086","1840","2098","2176","2372","3094",
"경기도","남자","78세","수급자수","","511","616","616","742","792","1023","980","1106","1115","1464","1715","2229","2032","2157","2326","2496",
"경기도","남자","79세","수급자수","","467","487","574","576","691","1035","850","970","1038","1382","1641","1843","2491","2077","2298","2381",
"경기도","남자","80 - 84세","수급자수","","1617","1738","1750","1874","1967","2169","2776","3069","3386","5221","6345","7235","8449","9708","10735","11521",
"경기도","남자","80세","수급자수","","484","439","437","529","530","888","825","788","903","1310","1514","1702","2028","2606","2214","2364",
"경기도","남자","81세","수급자수","","337","464","390","392","470","785","637","792","744","1188","1431","1605","1805","2116","2687","2255",
"경기도","남자","82세","수급자수","","318","316","404","351","355","762","539","592","748","1039","1285","1474","1696","1815","2213","2801",
"경기도","남자","83세","수급자수","","260","281","278","353","307","642","457","491","537","963","1107","1337","1525","1684","1871","2260",
"경기도","남자","84세","수급자수","","218","238","241","249","305","507","318","406","454","721","1008","1117","1395","1487","1750","1841",
"경기도","남자","85 - 89세","수급자수","","818","811","760","779","775","834","966","1023","1154","1939","2498","3156","4045","4713","5525","6298",
"경기도","남자","85세","수급자수","","214","192","194","219","216","440","269","270","364","598","774","1026","1175","1400","1510","1717",
"경기도","남자","86세","수급자수","","214","196","159","169","188","320","255","240","241","473","619","750","1049","1106","1371","1448",
"경기도","남자","87세","수급자수","","175","186","157","136","144","260","186","225","217","311","513","583","779","974","1080","1270",
"경기도","남자","88세","수급자수","","128","139","150","132","124","259","146","160","194","300","307","493","572","721","914","1025",
"경기도","남자","89세","수급자수","","87","98","100","123","103","199","110","128","138","257","285","304","470","512","650","838",
"경기도","남자","90 - 94세","수급자수","","191","213","204","227","283","289","316","312","324","519","713","867","994","1154","1390","1691",
"경기도","남자","90세","수급자수","","69","73","73","79","109","161","94","88","103","167","262","268","301","401","470","605",
"경기도","남자","91세","수급자수","","47","57","44","60","61","113","73","64","79","137","164","239","243","268","364","425",
"경기도","남자","92세","수급자수","","46","32","41","37","53","102","73","60","52","93","142","153","214","210","233","320",
"경기도","남자","93세","수급자수","","17","36","22","37","30","83","44","64","50","62","88","128","126","168","174","197",
"경기도","남자","94세","수급자수","","12","15","24","14","30","87","32","36","40","60","57","79","110","107","149","144",
"경기도","남자","95 - 99세","수급자수","","42","30","33","36","28","44","52","65","70","118","165","197","213","243","249","314",
"경기도","남자","95세","수급자수","","8","8","14","17","10","50","18","26","28","43","57","55","66","90","82","127",
"경기도","남자","96세","수급자수","","6","4","8","14","9","42","18","15","16","32","49","51","44","60","67","76",
"경기도","남자","97세","수급자수","","15","4","1","4","8","27","8","15","11","22","33","40","41","40","49","54",
"경기도","남자","98세","수급자수","","6","10","3","0","1","24","6","6","10","7","21","31","34","29","25","35",
"경기도","남자","99세","수급자수","","7","4","7","1","0","8","2","3","5","14","5","20","28","24","26","22",
"경기도","남자","100세 이상","수급자수","","13","10","10","13","12","8","5","9","10","15","22","24","35","52","57","60",
"경기도","여자","계","수급자수","","114832","112274","106574","101426","99386","98883","133535","135686","133426","154810","172699","199548","222644","234625","251127","267912",
"경기도","여자","0 - 4세","수급자수","","1856","1792","1650","1490","1427","1400","1818","1718","1620","1830","2174","2616","2618","2521","2538","2531",
"경기도","여자","0세","수급자수","","229","267","240","196","160","177","217","194","183","201","229","260","240","204","222","213",
"경기도","여자","1세","수급자수","","316","316","330","300","253","218","336","316","291","297","382","441","464","407","369","419",
"경기도","여자","2세","수급자수","","399","352","310","337","335","275","337","364","336","382","419","546","562","548","496","500",
"경기도","여자","3세","수급자수","","427","413","346","303","370","340","426","382","391","448","535","581","635","644","682","583",
"경기도","여자","4세","수급자수","","485","444","424","354","309","390","502","462","419","502","609","788","717","718","769","816",
"경기도","여자","5 - 9세","수급자수","","4305","3735","3173","2751","2494","2347","6274","6488","5931","5915","6432","7199","7434","7170","7229","7231",
"경기도","여자","5세","수급자수","","576","523","455","431","382","348","552","532","499","558","674","837","953","849","845","886",
"경기도","여자","6세","수급자수","","664","612","518","452","452","407","513","611","586","670","736","942","1058","1038","1022","1013",
"경기도","여자","7세","수급자수","","816","709","623","542","458","493","1597","1398","1451","1444","1472","1536","1577","1594","1591","1524",
"경기도","여자","8세","수급자수","","996","858","706","602","565","54","1809","1838","1530","1608","1743","1819","1762","1737","1784","1822",
"경기도","여자","9세","수급자수","","1253","1033","871","724","637","34","1803","2109","1865","1635","1807","2065","2084","1952","1987","1986",
"경기도","여자","10 - 14세","수급자수","","8790","8057","7079","5975","5317","4702","11665","11925","11176","10839","10722","11908","12705","12660","12926","13279",
"경기도","여자","10세","수급자수","","1346","1282","1012","868","741","25","1819","2034","2131","1889","1820","2126","2369","2258","2170","2226",
"경기도","여자","11세","수급자수","","1526","1387","1248","990","888","500","2043","2037","2008","2205","1997","2159","2355","2556","2452","2384",
"경기도","여자","12세","수급자수","","1807","1566","1388","1223","1017","599","2248","2336","2057","2082","2365","2319","2442","2518","2770","2684",
"경기도","여자","13세","수급자수","","1913","1878","1568","1363","1262","662","2628","2630","2383","2240","2241","2747","2617","2621","2770","3021",
"경기도","여자","14세","수급자수","","2198","1944","1863","1531","1409","756","2927","2888","2597","2423","2299","2557","2922","2707","2764","2964",
"경기도","여자","15 - 19세","수급자수","","12185","11758","10676","9612","8899","8341","18544","18659","16400","15377","14182","14411","14365","14222","14448","14817",
"경기도","여자","15세","수급자수","","2359","2217","1959","1839","1557","914","3545","3292","2914","2756","2544","2590","2776","3050","2870","2928",
"경기도","여자","16세","수급자수","","2589","2352","2220","1902","1855","1053","4197","4308","3503","3162","2968","2996","2757","2890","3227","3077",
"경기도","여자","17세","수급자수","","2699","2551","2270","2123","1861","1317","4473","4478","4132","3537","3205","3212","3147","2807","2994","3409",
"경기도","여자","18세","수급자수","","2654","2532","2333","1997","1986","1444","4372","4419","3927","3907","3372","3360","3274","3175","2954","3131",
"경기도","여자","19세","수급자수","","1884","2106","1894","1751","1640","1637","1957","2162","1924","2015","2093","2253","2411","2300","2403","2272",
"경기도","여자","20 - 24세","수급자수","","3878","4107","4250","4248","4557","4670","5708","5685","5638","6156","6689","8015","8645","8507","8854","9308",
"경기도","여자","20세","수급자수","","1445","1533","1613","1493","1530","1865","1712","1678","1719","1753","1832","2200","2203","2152","2216","2359",
"경기도","여자","21세","수급자수","","989","1038","1108","1171","1202","1774","1364","1411","1331","1551","1621","1905","2115","2001","2021","2112",
"경기도","여자","22세","수급자수","","645","733","722","786","906","1621","1173","1099","1126","1197","1410","1637","1782","1831","1815","1856",
"경기도","여자","23세","수급자수","","478","458","503","467","569","1405","840","849","820","962","992","1295","1399","1418","1547","1615",
"경기도","여자","24세","수급자수","","321","345","304","331","350","1246","619","648","642","693","834","978","1146","1105","1255","1366",
"경기도","여자","25 - 29세","수급자수","","1521","1413","1225","1052","1087","1137","1505","1586","1721","2067","2456","3314","3729","3804","4069","4560",
"경기도","여자","25세","수급자수","","269","281","262","235","261","941","400","487","497","545","625","838","904","992","1004","1131",
"경기도","여자","26세","수급자수","","262","241","223","205","212","670","298","324","397","457","515","663","772","768","881","941",
"경기도","여자","27세","수급자수","","306","246","209","182","203","408","258","272","287","417","479","599","677","708","752","890",
"경기도","여자","28세","수급자수","","335","308","228","193","196","271","271","245","268","336","449","620","647","653","716","792",
"경기도","여자","29세","수급자수","","349","337","303","237","215","228","278","258","272","312","388","594","729","683","716","806",
"경기도","여자","30 - 34세","수급자수","","2392","2172","2032","1877","1868","1775","2128","2013","1855","2228","2736","3627","4192","4505","4985","5606",
"경기도","여자","30세","수급자수","","367","365","320","303","279","211","290","297","293","382","453","613","772","838","841","943",
"경기도","여자","31세","수급자수","","380","392","400","341","330","219","353","321","340","391","492","676","802","883","1024","1042",
"경기도","여자","32세","수급자수","","490","391","398","409","380","208","383","390","340","445","557","718","816","896","1011","1212",
"경기도","여자","33세","수급자수","","510","509","410","427","423","250","509","438","403","463","562","823","855","931","1037","1224",
"경기도","여자","34세","수급자수","","645","515","504","397","456","286","593","567","479","547","672","797","947","957","1072","1185",
"경기도","여자","35 - 39세","수급자수","","5798","5146","4231","3590","3118","2874","3673","3709","3633","4342","5090","6439","6809","6658","6826","7290",
"경기도","여자","35세","수급자수","","797","683","517","506","434","362","662","637","629","643","738","998","1002","1072","1112","1273",
"경기도","여자","36세","수급자수","","998","860","694","510","539","407","688","715","680","796","858","1070","1190","1108","1250","1291",
"경기도","여자","37세","수급자수","","1131","1053","856","699","526","470","686","731","748","932","1070","1245","1278","1332","1283","1440",
"경기도","여자","38세","수급자수","","1387","1154","1027","865","716","492","819","724","805","946","1212","1473","1527","1448","1522","1506",
"경기도","여자","39세","수급자수","","1485","1396","1137","1010","903","475","818","902","771","1025","1212","1653","1812","1698","1659","1780",
"경기도","여자","40 - 44세","수급자수","","8932","8490","7861","7011","6395","5983","7034","6489","6024","6398","7125","8895","10313","10788","11684","12126",
"경기도","여자","40세","수급자수","","1650","1533","1394","1103","1022","597","1027","900","968","999","1334","1679","1988","1989","1901","1861",
"경기도","여자","41세","수급자수","","1834","1640","1499","1338","1122","566","1289","1107","950","1196","1228","1780","2005","2161","2264","2143",
"경기도","여자","42세","수급자수","","1833","1794","1586","1438","1312","744","1453","1346","1182","1136","1491","1691","2102","2248","2446","2566",
"경기도","여자","43세","수급자수","","1765","1799","1715","1522","1431","945","1555","1542","1372","1436","1365","1987","1947","2311","2513","2756",
"경기도","여자","44세","수급자수","","1850","1724","1667","1610","1508","1063","1710","1594","1552","1631","1707","1758","2271","2079","2560","2800",
"경기도","여자","45 - 49세","수급자수","","8637","8339","7787","7266","7327","7285","8913","9066","8913","9771","10591","12483","13011","13065","13216","13806",
"경기도","여자","45세","수급자수","","1737","1758","1629","1544","1564","1182","1831","1722","1604","1823","1901","2124","2107","2419","2322","2838",
"경기도","여자","46세","수급자수","","1619","1664","1655","1496","1490","1347","1864","1851","1761","1850","2116","2406","2434","2262","2660","2533",
"경기도","여자","47세","수급자수","","1768","1501","1575","1527","1424","1446","1854","1890","1825","2011","2084","2600","2720","2560","2473","2851",
"경기도","여자","48세","수급자수","","1777","1712","1356","1426","1439","1492","1743","1858","1878","2049","2246","2610","2860","2865","2736","2666",
"경기도","여자","49세","수급자수","","1736","1704","1572","1273","1410","1506","1621","1745","1845","2038","2244","2743","2890","2959","3025","2918",
"경기도","여자","50 - 54세","수급자수","","6360","6747","6819","6793","6727","6843","7928","7969","7959","9157","10362","12759","14648","15329","16033","16694",
"경기도","여자","50세","수급자수","","1452","1657","1569","1478","1221","1451","1649","1609","1716","2056","2226","2750","3002","3011","3124","3197",
"경기도","여자","51세","수급자수","","1281","1406","1586","1450","1409","1402","1594","1657","1554","1893","2250","2685","3002","3099","3174","3326",
"경기도","여자","52세","수급자수","","1233","1262","1310","1479","1410","1434","1470","1559","1638","1710","2076","2669","2969","3103","3288","3343",
"경기도","여자","53세","수급자수","","1201","1205","1184","1243","1454","1390","1604","1508","1543","1782","1844","2483","2947","3063","3261","3428",
"경기도","여자","54세","수급자수","","1193","1217","1170","1143","1233","1252","1611","1636","1508","1716","1966","2172","2728","3053","3186","3400",
"경기도","여자","55 - 59세","수급자수","","4429","4714","5099","5224","5560","6039","7427","7853","8231","9507","10394","11976","12845","13404","14603","15870",
"경기도","여자","55세","수급자수","","972","1194","1167","1146","1154","1386","1680","1654","1662","1680","1884","2356","2418","2827","3148","3347",
"경기도","여자","56세","수급자수","","884","964","1167","1133","1168","1377","1460","1712","1672","1901","1823","2268","2609","2514","2970","3340",
"경기도","여자","57세","수급자수","","969","870","950","1146","1143","1438","1392","1487","1806","1933","2090","2182","2506","2750","2694","3179",
"경기도","여자","58세","수급자수","","711","971","859","946","1155","1234","1432","1491","1516","2127","2231","2436","2451","2665","2902","2860",
"경기도","여자","59세","수급자수","","893","715","956","853","940","1180","1463","1509","1575","1866","2366","2734","2861","2648","2889","3144",
"경기도","여자","60 - 64세","수급자수","","5059","5004","4651","4465","4498","4736","6161","7165","7700","9675","11383","13841","15846","16971","17669","18260",
"경기도","여자","60세","수급자수","","843","911","698","947","890","1231","1488","1535","1601","1851","2194","2843","3058","3083","2865","3132",
"경기도","여자","61세","수급자수","","954","868","896","700","996","1191","1231","1577","1589","1938","2162","2734","3259","3372","3395","3129",
"경기도","여자","62세","수급자수","","1137","978","892","911","722","1203","1185","1319","1693","1983","2247","2708","3145","3611","3639","3712",
"경기도","여자","63세","수급자수","","1022","1171","976","922","924","991","1296","1294","1419","2084","2302","2755","3136","3470","3928","3950",
"경기도","여자","64세","수급자수","","1103","1076","1189","985","966","939","961","1440","1398","1819","2478","2801","3248","3435","3842","4337",
"경기도","여자","65 - 69세","수급자수","","9419","9201","8410","7781","7506","7447","8457","8342","8453","10500","12320","14877","18563","20333","22768","24777",
"경기도","여자","65세","수급자수","","1412","1267","1242","1420","1204","1041","1373","1185","1750","1997","2447","3281","3556","3928","4125","4496",
"경기도","여자","66세","수급자수","","1641","1570","1365","1374","1584","768","1591","1546","1306","2369","2476","3038","4049","4066","4531","4701",
"경기도","여자","67세","수급자수","","2204","1786","1628","1442","1442","997","1667","1695","1683","1671","2866","2894","3625","4514","4523","5038",
"경기도","여자","68세","수급자수","","2171","2337","1821","1696","1498","1211","2049","1783","1832","2132","2007","3345","3417","4045","5071","4991",
"경기도","여자","69세","수급자수","","1991","2241","2354","1849","1778","1386","1777","2133","1882","2331","2524","2319","3916","3780","4518","5551",
"경기도","여자","70 - 74세","수급자수","","11024","10966","10819","11100","10724","10600","11289","10964","10587","12825","14482","16103","17681","19206","20958","23213",
"경기도","여자","70세","수급자수","","2250","2088","2218","2388","1896","1725","1840","1863","2252","2423","2739","2905","2746","4348","4212","4988",
"경기도","여자","71세","수급자수","","2216","2275","2077","2229","2395","1537","2059","1923","1907","2832","2867","3102","3356","3033","4787","4621",
"경기도","여자","72세","수급자수","","2100","2285","2237","2071","2216","1588","2183","2115","1978","2430","3270","3247","3631","3715","3395","5283",
"경기도","여자","73세","수급자수","","2183","2122","2252","2194","2055","1854","2776","2224","2176","2449","2807","3680","3761","3944","4158","3763",
"경기도","여자","74세","수급자수","","2275","2196","2035","2218","2162","1997","2431","2839","2274","2691","2799","3169","4187","4166","4406","4558",
"경기도","여자","75 - 79세","수급자수","","9215","9590","9672","9628","9953","10149","10958","11207","12033","15314","17345","18715","20291","21054","22886","24571",
"경기도","여자","75세","수급자수","","2062","2266","2098","1992","2182","2447","2223","2426","2858","2858","3143","3146","3647","4585","4621","4788",
"경기도","여자","76세","수급자수","","1938","2055","2172","2050","1951","2252","2334","2185","2456","3636","3255","3427","3574","3961","5097","5021",
"경기도","여자","77세","수급자수","","1896","1872","1947","2086","1991","2050","2338","2326","2170","3096","4187","3597","3861","3918","4369","5510",
"경기도","여자","78세","수급자수","","1627","1818","1750","1862","2026","2138","2033","2271","2323","2777","3614","4612","4114","4191","4217","4726",
"경기도","여자","79세","수급자수","","1692","1579","1705","1638","1803","2165","2030","1999","2226","2947","3146","3933","5095","4399","4582","4526",
"경기도","여자","80 - 84세","수급자수","","6392","6457","6501","6734","6840","7159","8003","8466","8651","12661","15054","16636","19648","22356","24210","25541",
"경기도","여자","80세","수급자수","","1617","1595","1460","1613","1557","1927","2007","1981","1958","2862","3389","3427","4366","5428","4712","4882",
"경기도","여자","81세","수급자수","","1407","1495","1488","1370","1520","1954","1809","1906","1877","2692","3204","3685","3858","4631","5774","4975",
"경기도","여자","82세","수급자수","","1262","1288","1380","1399","1283","1965","1546","1761","1798","2512","2982","3446","4085","4091","4958","6042",
"경기도","여자","83세","수급자수","","1078","1144","1181","1267","1324","1752","1463","1448","1654","2428","2795","3183","3822","4254","4326","5159",
"경기도","여자","84세","수급자수","","1028","935","992","1085","1156","1492","1178","1370","1364","2167","2684","2895","3517","3952","4440","4483",
"경기도","여자","85 - 89세","수급자수","","3247","3201","3227","3316","3501","3740","4228","4458","4802","6932","8796","10379","12714","14476","16531","18397",
"경기도","여자","85세","수급자수","","836","887","840","908","988","1472","1177","1113","1264","1769","2378","2777","3189","3628","4010","4589",
"경기도","여자","86세","수급자수","","768","704","781","745","823","1218","986","1086","1045","1639","1940","2432","2993","3237","3752","4024",
"경기도","여자","87세","수급자수","","715","632","589","686","659","1225","836","901","987","1283","1780","1992","2604","2987","3275","3668",
"경기도","여자","88세","수급자수","","500","558","537","510","603","1036","690","742","837","1213","1403","1800","2082","2571","2969","3258",
"경기도","여자","89세","수급자수","","428","420","480","467","428","893","539","616","669","1028","1295","1378","1846","2053","2525","2858",
"경기도","여자","90 - 94세","수급자수","","1089","1078","1114","1188","1285","1337","1462","1522","1641","2587","3463","4269","5264","5975","6765","7743",
"경기도","여자","90세","수급자수","","362","339","350","394","403","729","459","452","534","839","1081","1277","1410","1747","1972","2379",
"경기도","여자","91세","수급자수","","249","286","273","293","333","583","290","366","396","674","891","1043","1299","1315","1692","1855",
"경기도","여자","92세","수급자수","","210","174","211","227","234","499","290","251","315","469","709","876","1060","1180","1185","1555",
"경기도","여자","93세","수급자수","","147","177","139","168","182","353","256","254","191","362","445","659","881","981","1056","1045",
"경기도","여자","94세","수급자수","","121","102","141","106","133","353","167","199","205","243","337","414","614","752","860","909",
"경기도","여자","95 - 99세","수급자수","","253","252","245","269","251","275","312","344","392","621","768","934","1137","1413","1691","2031",
"경기도","여자","95세","수급자수","","82","96","79","99","83","295","113","124","154","224","237","297","395","541","658","728",
"경기도","여자","96세","수급자수","","63","60","70","60","69","197","84","92","91","172","215","219","269","357","450","548",
"경기도","여자","97세","수급자수","","40","48","40","51","43","139","51","56","74","99","160","206","178","236","286","375",
"경기도","여자","98세","수급자수","","38","23","35","32","33","108","39","42","44","77","85","146","177","151","188","231",
"경기도","여자","99세","수급자수","","30","25","21","27","23","54","25","30","29","49","71","66","118","128","109","149",
"경기도","여자","100세 이상","수급자수","","51","55","53","56","52","44","48","58","66","108","135","152","186","208","238","261",
"강원특별자치도","계","계","수급자수","","63753","62850","58949","54936","52402","50943","59442","58500","56528","62914","67269","74329","79753","81160","82055","84290",
"강원특별자치도","계","0 - 4세","수급자수","","1187","1153","1054","897","835","766","885","767","662","701","768","880","862","797","795","781",
"강원특별자치도","계","0세","수급자수","","159","162","148","124","117","84","108","97","65","74","75","82","84","76","68","82",
"강원특별자치도","계","1세","수급자수","","200","199","181","169","155","131","139","138","123","121","112","150","144","130","128","110",
"강원특별자치도","계","2세","수급자수","","282","220","203","180","175","162","177","140","142","148","148","157","180","169","146","170",
"강원특별자치도","계","3세","수급자수","","252","309","224","200","179","199","216","173","151","182","195","205","192","202","206","185",
"강원특별자치도","계","4세","수급자수","","294","263","298","224","209","190","245","219","181","176","238","286","262","220","247","234",
"강원특별자치도","계","5 - 9세","수급자수","","2934","2451","2073","1758","1559","1440","2350","2470","2240","2295","2442","2701","2703","2457","2335","2341",
"강원특별자치도","계","5세","수급자수","","369","339","263","304","239","214","229","265","225","212","235","315","319","291","240","274",
"강원특별자치도","계","6세","수급자수","","465","375","344","257","320","252","262","232","271","304","281","317","384","347","325","294",
"강원특별자치도","계","7세","수급자수","","538","489","387","338","270","329","549","556","506","585","609","562","569","560","527","505",
"강원특별자치도","계","8세","수급자수","","660","565","493","372","351","24","685","648","562","585","652","720","643","604","628","579",
"강원특별자치도","계","9세","수급자수","","902","683","586","487","379","14","625","769","676","609","665","787","788","655","615","689",
"강원특별자치도","계","10 - 14세","수급자수","","5725","5388","4853","4145","3604","3099","4548","4594","4142","4015","3918","4358","4495","4383","4205","4223",
"강원특별자치도","계","10세","수급자수","","975","905","693","564","507","13","709","727","761","699","643","781","835","832","695","668",
"강원특별자치도","계","11세","수급자수","","1038","986","898","695","573","290","759","794","712","812","761","761","830","866","872","751",
"강원특별자치도","계","12세","수급자수","","1150","1073","973","873","695","355","892","883","781","743","855","870","800","860","876","909",
"강원특별자치도","계","13세","수급자수","","1196","1198","1071","941","879","387","1013","1039","893","820","806","1013","955","835","907","945",
"강원특별자치도","계","14세","수급자수","","1366","1226","1218","1072","950","513","1175","1151","995","941","853","933","1075","990","855","950",
"강원특별자치도","계","15 - 19세","수급자수","","7188","7119","6627","5979","5587","5256","7251","7326","6459","5985","5367","5375","5153","5009","4846","4768",
"강원특별자치도","계","15세","수급자수","","1452","1384","1242","1211","1068","593","1435","1360","1131","981","980","978","1001","1088","1012","880",
"강원특별자치도","계","16세","수급자수","","1521","1479","1380","1239","1190","717","1556","1679","1376","1204","1061","1127","1038","1016","1137","1047",
"강원특별자치도","계","17세","수급자수","","1675","1517","1430","1319","1195","889","1620","1720","1573","1363","1183","1164","1166","1013","1018","1152",
"강원특별자치도","계","18세","수급자수","","1410","1602","1398","1264","1220","955","1685","1618","1509","1498","1258","1249","1129","1114","993","992",
"강원특별자치도","계","19세","수급자수","","1130","1137","1177","946","914","1062","955","949","870","939","885","857","819","778","686","697",
"강원특별자치도","계","20 - 24세","수급자수","","2406","2508","2349","2280","2186","2273","2610","2543","2515","2681","2726","3001","3011","2845","2579","2592",
"강원특별자치도","계","20세","수급자수","","759","808","746","799","649","1169","822","727","716","732","767","757","733","619","602","559",
"강원특별자치도","계","21세","수급자수","","565","581","599","546","587","1115","589","645","588","650","615","712","685","662","515","550",
"강원특별자치도","계","22세","수급자수","","468","479","442","425","448","955","535","486","538","538","587","629","638","617","577","546",
"강원특별자치도","계","23세","수급자수","","345","370","310","317","290","648","419","382","381","436","413","502","537","525","469","508",
"강원특별자치도","계","24세","수급자수","","269","270","252","193","212","561","245","303","292","325","344","401","418","422","416","429",
"강원특별자치도","계","25 - 29세","수급자수","","917","908","799","668","608","619","679","634","636","753","871","1092","1240","1205","1225","1324",
"강원특별자치도","계","25세","수급자수","","214","220","199","154","138","537","187","170","216","239","268","329","345","327","317","348",
"강원특별자치도","계","26세","수급자수","","186","174","151","146","114","303","138","141","112","172","176","255","261","254","250","291",
"강원특별자치도","계","27세","수급자수","","178","180","150","107","119","224","119","119","109","116","161","186","238","224","228","235",
"강원특별자치도","계","28세","수급자수","","168","162","150","128","114","163","114","102","96","120","117","178","200","217","209","225",
"강원특별자치도","계","29세","수급자수","","171","172","149","133","123","116","121","102","103","106","149","144","196","183","221","225",
"강원특별자치도","계","30 - 34세","수급자수","","1300","1205","1064","934","874","806","870","763","716","779","860","1083","1109","1163","1210","1342",
"강원특별자치도","계","30세","수급자수","","192","184","177","145","135","109","114","133","118","138","163","193","171","224","218","274",
"강원특별자치도","계","31세","수급자수","","212","209","189","177","157","120","149","116","129","132","171","202","213","202","248","261",
"강원특별자치도","계","32세","수급자수","","259","220","213","183","176","111","162","137","127","151","155","217","224","242","240","278",
"강원특별자치도","계","33세","수급자수","","318","270","224","212","186","126","203","168","147","168","178","216","246","237","248","256",
"강원특별자치도","계","34세","수급자수","","319","322","261","217","220","139","242","209","195","190","193","255","255","258","256","273",
"강원특별자치도","계","35 - 39세","수급자수","","2696","2467","2158","1875","1584","1420","1551","1407","1343","1478","1665","1873","1863","1767","1700","1742",
"강원특별자치도","계","35세","수급자수","","403","349","327","258","228","165","239","253","218","231","239","268","296","270","278","291",
"강원특별자치도","계","36세","수급자수","","500","437","336","328","268","183","280","250","260","277","298","293","316","315","294","316",
"강원특별자치도","계","37세","수급자수","","492","512","442","323","320","193","298","285","259","292","337","389","328","347","334","335",
"강원특별자치도","계","38세","수급자수","","620","521","546","434","337","226","325","296","296","325","375","432","433","380","387","369",
"강원특별자치도","계","39세","수급자수","","681","648","507","532","431","246","409","323","310","353","416","491","490","455","407","431",
"강원특별자치도","계","40 - 44세","수급자수","","4494","4310","3934","3461","3114","2853","2941","2579","2323","2305","2374","2871","3032","3049","3051","2982",
"강원특별자치도","계","40세","수급자수","","813","700","660","509","533","265","427","413","334","382","398","543","537","538","495","437",
"강원특별자치도","계","41세","수급자수","","905","836","700","641","536","328","501","429","431","380","444","526","603","560","563","545",
"강원특별자치도","계","42세","수급자수","","864","930","815","655","644","355","639","505","432","498","445","554","618","647","618","605",
"강원특별자치도","계","43세","수급자수","","941","887","907","778","660","432","629","622","507","482","554","591","627","661","679","661",
"강원특별자치도","계","44세","수급자수","","971","957","852","878","741","538","745","610","619","563","533","657","647","643","696","734",
"강원특별자치도","계","45 - 49세","수급자수","","5478","5301","4834","4272","4125","3990","4206","4009","3801","3872","3919","4180","4176","3988","3784","3718",
"강원특별자치도","계","45세","수급자수","","959","984","905","804","852","551","777","744","609","680","636","668","727","675","685","724",
"강원특별자치도","계","46세","수급자수","","986","946","955","863","772","645","815","764","764","679","758","781","729","746","698","702",
"강원특별자치도","계","47세","수급자수","","1159","1007","905","878","835","687","898","798","745","844","745","872","836","767","753","711",
"강원특별자치도","계","48세","수급자수","","1197","1179","966","848","861","731","821","890","790","817","897","843","952","838","793","764",
"강원특별자치도","계","49세","수급자수","","1177","1185","1103","879","805","849","895","813","893","852","883","1016","932","962","855","817",
"강원특별자치도","계","50 - 54세","수급자수","","4890","5159","5156","4986","4785","4668","4795","4549","4299","4579","4781","5256","5572","5436","5298","5131",
"강원특별자치도","계","50세","수급자수","","1019","1178","1091","1036","845","768","908","862","814","934","911","973","1108","932","998","894",
"강원특별자치도","계","51세","수급자수","","1019","1031","1131","1036","1018","805","834","884","854","874","981","1031","1033","1106","948","1012",
"강원특별자치도","계","52세","수급자수","","1058","1007","969","1067","984","837","909","815","864","917","940","1121","1120","1056","1130","979",
"강원특별자치도","계","53세","수급자수","","905","1053","953","929","1034","793","1080","897","833","929","984","1052","1178","1131","1047","1166",
"강원특별자치도","계","54세","수급자수","","889","890","1012","918","904","866","1064","1091","934","925","965","1079","1133","1211","1175","1080",
"강원특별자치도","계","55 - 59세","수급자수","","3077","3489","3752","3835","4098","4339","4911","5063","5220","5603","5875","6191","6246","6004","6062","6202",
"강원특별자치도","계","55세","수급자수","","777","894","854","921","885","1003","1094","1060","1080","983","996","1097","1139","1128","1222","1227",
"강원특별자치도","계","56세","수급자수","","612","766","853","813","896","986","948","1105","1079","1140","1075","1139","1203","1132","1172","1221",
"강원특별자치도","계","57세","수급자수","","716","620","748","816","797","1020","963","949","1122","1154","1228","1184","1182","1232","1162","1223",
"강원특별자치도","계","58세","수급자수","","468","729","600","715","818","885","997","954","986","1222","1249","1353","1268","1206","1276","1201",
"강원특별자치도","계","59세","수급자수","","504","480","697","570","702","908","909","995","953","1104","1327","1418","1454","1306","1230","1330",
"강원특별자치도","계","60 - 64세","수급자수","","3024","2925","2715","2677","2633","2889","3714","4100","4477","5295","5957","6910","7579","7873","7830","7763",
"강원특별자치도","계","60세","수급자수","","549","505","468","663","563","899","967","907","1012","1049","1169","1534","1516","1522","1323","1280",
"강원특별자치도","계","61세","수급자수","","597","569","488","437","646","811","794","973","931","1135","1156","1328","1641","1581","1553","1376",
"강원특별자치도","계","62세","수급자수","","636","593","536","481","426","836","671","788","1013","1038","1252","1317","1438","1718","1610","1603",
"강원특별자치도","계","63세","수급자수","","609","641","590","511","484","709","754","669","811","1138","1147","1434","1422","1518","1741","1711",
"강원특별자치도","계","64세","수급자수","","633","617","633","585","514","594","528","763","710","935","1233","1297","1562","1534","1603","1793",
"강원특별자치도","계","65 - 69세","수급자수","","4600","4408","3961","3578","3502","3410","3850","3722","3739","4462","5316","6371","7581","8248","8889","9441",
"강원특별자치도","계","65세","수급자수","","744","685","675","697","636","648","646","593","838","920","1223","1489","1556","1774","1703","1774",
"강원특별자치도","계","66세","수급자수","","761","767","672","691","747","442","729","709","631","1078","1059","1396","1674","1681","1901","1861",
"강원특별자치도","계","67세","수급자수","","1074","801","758","668","699","496","785","725","723","741","1231","1188","1538","1768","1759","2006",
"강원특별자치도","계","68세","수급자수","","1006","1111","791","756","683","588","897","796","750","847","850","1379","1289","1660","1836","1870",
"강원특별자치도","계","69세","수급자수","","1015","1044","1065","766","737","683","793","899","797","876","953","919","1524","1365","1690","1930",
"강원특별자치도","계","70 - 74세","수급자수","","5001","5078","4906","4911","4533","4338","4606","4247","4051","4810","5212","5574","5859","6379","6703","7480",
"강원특별자치도","계","70세","수급자수","","1004","1028","987","1046","756","759","776","782","893","953","959","1034","1014","1592","1402","1767",
"강원특별자치도","계","71세","수급자수","","1109","1027","980","959","1007","698","824","752","796","1051","1064","1061","1132","1091","1656","1484",
"강원특별자치도","계","72세","수급자수","","1016","1119","968","954","932","682","858","809","745","919","1183","1140","1137","1219","1127","1746",
"강원특별자치도","계","73세","수급자수","","930","1004","1036","944","937","734","1129","825","817","916","1004","1246","1243","1196","1256","1184",
"강원특별자치도","계","74세","수급자수","","942","900","935","1008","901","772","1019","1079","800","971","1002","1093","1333","1281","1262","1299",
"강원특별자치도","계","75 - 79세","수급자수","","3934","3999","3882","3889","4019","3984","4485","4516","4625","5549","6046","6233","6601","6543","6722","6861",
"강원특별자치도","계","75세","수급자수","","955","918","857","881","978","994","1005","988","1035","994","1067","1084","1193","1404","1347","1325",
"강원특별자치도","계","76세","수급자수","","760","920","845","806","828","928","922","963","944","1260","1098","1148","1175","1242","1437","1398",
"강원특별자치도","계","77세","수급자수","","764","728","833","792","751","910","1004","879","917","1179","1390","1170","1263","1221","1294","1495",
"강원특별자치도","계","78세","수급자수","","697","756","673","778","718","862","798","942","833","1108","1285","1495","1322","1305","1276","1336",
"강원특별자치도","계","79세","수급자수","","758","677","674","632","744","968","756","744","896","1008","1206","1336","1648","1371","1368","1307",
"강원특별자치도","계","80 - 84세","수급자수","","2798","2890","2791","2755","2648","2664","2872","2878","2954","4388","5051","5644","6606","7272","7338","7447",
"강원특별자치도","계","80세","수급자수","","687","705","620","635","588","764","705","690","713","1085","1119","1256","1468","1647","1412","1408",
"강원특별자치도","계","81세","수급자수","","660","642","634","562","575","705","704","632","627","948","1160","1183","1394","1524","1672","1443",
"강원특별자치도","계","82세","수급자수","","542","607","569","594","517","685","523","625","582","851","1025","1217","1302","1421","1508","1699",
"강원특별자치도","계","83세","수급자수","","480","505","526","503","523","698","485","485","578","757","924","1032","1339","1338","1397","1506",
"강원특별자치도","계","84세","수급자수","","429","431","442","461","445","530","455","446","454","747","823","956","1103","1342","1349","1391",
"강원특별자치도","계","85 - 89세","수급자수","","1455","1469","1418","1418","1451","1483","1643","1627","1550","2218","2725","3118","4028","4473","5004","5371",
"강원특별자치도","계","85세","수급자수","","397","384","380","376","414","518","427","404","397","585","773","831","1042","1104","1327","1332",
"강원특별자치도","계","86세","수급자수","","363","345","317","319","345","460","371","356","338","496","632","774","913","1009","1053","1272",
"강원특별자치도","계","87세","수급자수","","295","303","278","277","272","458","353","328","308","408","524","600","850","887","983","1041",
"강원특별자치도","계","88세","수급자수","","230","253","247","234","239","392","285","293","276","382","406","514","669","838","857","924",
"강원특별자치도","계","89세","수급자수","","170","184","196","212","181","375","207","246","231","347","390","399","554","635","784","802",
"강원특별자치도","계","90 - 94세","수급자수","","506","487","493","471","505","500","547","568","619","918","1119","1288","1586","1775","1911","2118",
"강원특별자치도","계","90세","수급자수","","147","142","155","169","174","298","164","181","206","287","341","367","434","521","559","705",
"강원특별자치도","계","91세","수급자수","","128","109","114","116","136","219","131","137","147","233","286","333","366","373","463","495",
"강원특별자치도","계","92세","수급자수","","118","94","82","72","91","199","116","102","111","170","211","253","353","336","329","384",
"강원특별자치도","계","93세","수급자수","","59","96","74","64","50","150","78","89","85","129","165","188","246","315","296","273",
"강원특별자치도","계","94세","수급자수","","54","46","68","50","54","138","58","59","70","99","116","147","187","230","264","261",
"강원특별자치도","계","95 - 99세","수급자수","","117","114","107","125","129","126","108","114","131","197","237","291","397","435","490","585",
"강원특별자치도","계","95세","수급자수","","37","42","32","52","44","101","34","40","56","75","89","107","144","157","180","225",
"강원특별자치도","계","96세","수급자수","","31","25","31","29","38","73","25","23","27","57","66","74","102","121","141","149",
"강원특별자치도","계","97세","수급자수","","18","21","19","24","19","38","22","20","22","30","44","51","72","68","87","105",
"강원특별자치도","계","98세","수급자수","","16","17","14","12","20","40","19","14","18","17","25","40","49","48","46","70",
"강원특별자치도","계","99세","수급자수","","15","9","11","8","8","35","8","17","8","18","13","19","30","41","36","36",
"강원특별자치도","계","100세 이상","수급자수","","26","22","23","22","23","20","20","24","26","31","40","39","54","59","78","78",
"강원특별자치도","남자","계","수급자수","","27998","27593","26127","24312","23298","22814","27013","26880","26140","28353","29920","32833","34781","35029","35227","36308",
"강원특별자치도","남자","0 - 4세","수급자수","","625","616","572","494","450","418","453","398","345","372","401","473","445","408","392","393",
"강원특별자치도","남자","0세","수급자수","","87","84","80","68","57","46","53","52","29","33","43","46","44","40","28","42",
"강원특별자치도","남자","1세","수급자수","","105","102","99","87","90","66","80","75","66","58","57","84","70","60","63","48",
"강원특별자치도","남자","2세","수급자수","","149","123","110","97","93","95","84","78","78","85","72","80","98","86","70","95",
"강원특별자치도","남자","3세","수급자수","","134","163","127","112","96","109","115","80","85","99","117","98","103","108","104","93",
"강원특별자치도","남자","4세","수급자수","","150","144","156","130","114","102","121","113","87","97","112","165","130","114","127","115",
"강원특별자치도","남자","5 - 9세","수급자수","","1517","1258","1067","901","804","750","1257","1315","1175","1201","1269","1383","1415","1288","1197","1196",
"강원특별자치도","남자","5세","수급자수","","202","165","144","151","137","121","118","128","115","95","127","163","174","140","119","142",
"강원특별자치도","남자","6세","수급자수","","217","203","163","142","154","146","161","120","129","163","145","173","193","188","156","144",
"강원특별자치도","남자","7세","수급자수","","287","237","208","170","144","163","295","309","257","304","313","296","295","289","292","251",
"강원특별자치도","남자","8세","수급자수","","334","301","243","198","172","2","358","357","304","313","338","365","347","318","311","317",
"강원특별자치도","남자","9세","수급자수","","477","352","309","240","197","1","325","401","370","326","346","386","406","353","319","342",
"강원특별자치도","남자","10 - 14세","수급자수","","2931","2754","2483","2136","1873","1574","2335","2343","2120","2078","2021","2235","2316","2244","2149","2171",
"강원특별자치도","남자","10세","수급자수","","523","476","361","290","241","5","351","373","401","382","337","393","409","420","370","353",
"강원특별자치도","남자","11세","수급자수","","506","526","468","365","299","147","407","383","372","420","411","391","425","411","436","393",
"강원특별자치도","남자","12세","수급자수","","577","521","515","444","368","173","443","464","385","382","441","465","413","447","419","463",
"강원특별자치도","남자","13세","수급자수","","625","595","526","505","445","195","523","516","469","411","405","519","513","435","477","466",
"강원특별자치도","남자","14세","수급자수","","700","636","613","532","520","240","611","607","493","483","427","467","556","531","447","496",
"강원특별자치도","남자","15 - 19세","수급자수","","3605","3561","3383","3026","2795","2647","3591","3682","3256","2989","2670","2676","2546","2477","2450","2405",
"강원특별자치도","남자","15세","수급자수","","764","698","650","604","523","310","718","698","590","486","496","482","494","552","533","461",
"강원특별자치도","남자","16세","수급자수","","793","776","700","643","599","376","800","855","715","619","519","570","516","507","587","550",
"강원특별자치도","남자","17세","수급자수","","819","796","759","671","609","453","792","872","781","702","620","564","588","497","518","582",
"강원특별자치도","남자","18세","수급자수","","693","775","736","659","614","517","826","805","771","726","643","655","550","555","482","502",
"강원특별자치도","남자","19세","수급자수","","536","516","538","449","450","525","455","452","399","456","392","405","398","366","330","310",
"강원특별자치도","남자","20 - 24세","수급자수","","1084","1113","1018","971","968","1015","1228","1214","1224","1236","1269","1337","1324","1245","1136","1133",
"강원특별자치도","남자","20세","수급자수","","283","310","264","288","229","590","337","301","295","296","343","263","290","248","225","212",
"강원특별자치도","남자","21세","수급자수","","230","201","235","197","207","567","249","269","256","271","247","317","245","262","211","205",
"강원특별자치도","남자","22세","수급자수","","219","223","202","198","229","448","273","247","264","253","268","282","305","257","262","252",
"강원특별자치도","남자","23세","수급자수","","198","204","167","173","168","243","217","223","220","230","219","263","262","268","221","259",
"강원특별자치도","남자","24세","수급자수","","154","175","150","115","135","220","152","174","189","186","192","212","222","210","217","205",
"강원특별자치도","남자","25 - 29세","수급자수","","426","432","420","353","323","335","367","343","334","403","447","547","601","583","583","625",
"강원특별자치도","남자","25세","수급자수","","105","133","137","92","79","246","111","99","124","153","151","175","181","163","160","168",
"강원특별자치도","남자","26세","수급자수","","90","72","87","96","63","167","81","80","60","86","104","135","126","131","124","146",
"강원특별자치도","남자","27세","수급자수","","90","84","61","53","75","139","64","63","55","59","76","101","118","96","112","115",
"강원특별자치도","남자","28세","수급자수","","65","75","70","49","57","100","50","52","42","53","57","74","99","102","87","107",
"강원특별자치도","남자","29세","수급자수","","76","68","65","63","49","63","61","49","53","52","59","62","77","91","100","89",
"강원특별자치도","남자","30 - 34세","수급자수","","552","505","438","382","369","339","372","333","326","355","398","482","486","491","513","579",
"강원특별자치도","남자","30세","수급자수","","80","80","71","62","55","52","54","58","61","63","80","83","69","94","102","131",
"강원특별자치도","남자","31세","수급자수","","89","85","79","71","69","66","63","52","61","68","77","94","90","88","95","119",
"강원특별자치도","남자","32세","수급자수","","109","89","89","81","71","54","69","61","57","67","74","95","105","98","104","110",
"강원특별자치도","남자","33세","수급자수","","139","108","87","88","83","52","89","72","66","77","75","100","103","112","99","108",
"강원특별자치도","남자","34세","수급자수","","135","143","112","80","91","60","97","90","81","80","92","110","119","99","113","111",
"강원특별자치도","남자","35 - 39세","수급자수","","1149","1049","949","806","662","600","633","570","558","621","663","744","765","716","682","714",
"강원특별자치도","남자","35세","수급자수","","181","147","149","109","80","67","111","101","97","96","100","124","124","117","102","127",
"강원특별자치도","남자","36세","수급자수","","216","197","137","149","112","72","109","111","105","122","119","121","141","125","122","130",
"강원특별자치도","남자","37세","수급자수","","210","225","197","135","144","88","108","115","112","108","148","150","136","148","131","135",
"강원특별자치도","남자","38세","수급자수","","244","231","239","186","144","96","131","115","129","132","131","173","167","156","157","150",
"강원특별자치도","남자","39세","수급자수","","298","249","227","227","182","87","174","128","115","163","165","176","197","170","170","172",
"강원특별자치도","남자","40 - 44세","수급자수","","2000","1945","1759","1550","1373","1254","1269","1145","988","962","1000","1162","1213","1206","1195","1174",
"강원특별자치도","남자","40세","수급자수","","343","305","263","225","226","112","172","179","136","142","182","210","199","219","180","177",
"강원특별자치도","남자","41세","수급자수","","408","360","315","258","236","150","218","173","182","159","171","224","235","199","239","206",
"강원특별자치도","남자","42세","수급자수","","372","433","360","301","259","155","266","227","181","210","200","212","266","259","225","256",
"강원특별자치도","남자","43세","수급자수","","431","402","434","348","305","182","302","270","221","200","222","247","245","283","256","246",
"강원특별자치도","남자","44세","수급자수","","446","445","387","418","347","226","311","296","268","251","225","269","268","246","295","289",
"강원특별자치도","남자","45 - 49세","수급자수","","2953","2820","2565","2195","2092","1998","2133","1993","1948","1941","1919","1971","1945","1767","1646","1579",
"강원특별자치도","남자","45세","수급자수","","463","459","439","376","422","255","379","322","296","312","296","289","307","276","267","296",
"강원특별자치도","남자","46세","수급자수","","545","466","472","444","361","263","411","377","355","335","357","357","322","320","283","275",
"강원특별자치도","남자","47세","수급자수","","644","564","461","427","444","328","459","409","374","407","384","405","377","346","336","281",
"강원특별자치도","남자","48세","수급자수","","652","669","551","446","429","354","387","473","422","422","430","437","453","370","368","345",
"강원특별자치도","남자","49세","수급자수","","649","662","642","502","436","429","497","412","501","465","452","483","486","455","392","382",
"강원특별자치도","남자","50 - 54세","수급자수","","2948","3037","3033","2931","2780","2689","2720","2604","2404","2536","2654","2865","2949","2879","2722","2588",
"강원특별자치도","남자","50세","수급자수","","614","652","628","602","486","365","464","491","410","518","494","506","542","484","485","412",
"강원특별자치도","남자","51세","수급자수","","622","607","628","603","608","429","476","464","484","461","556","556","537","535","484","498",
"강원특별자치도","남자","52세","수급자수","","640","616","571","600","583","421","537","464","463","525","502","626","606","555","558","508",
"강원특별자치도","남자","53세","수급자수","","553","627","594","547","573","443","645","528","484","507","574","560","656","626","549","583",
"강원특별자치도","남자","54세","수급자수","","519","535","612","579","530","507","598","657","563","525","528","617","608","679","646","587",
"강원특별자치도","남자","55 - 59세","수급자수","","1630","1914","2153","2239","2435","2555","2873","2959","3075","3268","3383","3509","3573","3401","3410","3479",
"강원특별자치도","남자","55세","수급자수","","462","515","514","554","561","603","607","594","640","603","566","589","673","606","687","686",
"강원특별자치도","남자","56세","수급자수","","334","445","480","488","537","568","561","616","612","676","659","640","657","660","640","688",
"강원특별자치도","남자","57세","수급자수","","379","343","437","457","471","568","611","571","625","653","723","716","661","688","683","672",
"강원특별자치도","남자","58세","수급자수","","211","392","342","425","448","520","571","609","603","676","699","777","766","663","714","697",
"강원특별자치도","남자","59세","수급자수","","244","219","380","315","418","582","523","569","595","660","736","787","816","784","686","736",
"강원특별자치도","남자","60 - 64세","수급자수","","1284","1262","1176","1228","1281","1491","1921","2189","2447","2931","3312","3814","4191","4348","4336","4304",
"강원특별자치도","남자","60세","수급자수","","242","240","213","354","310","526","515","512","581","643","686","846","835","849","788","722",
"강원특별자치도","남자","61세","수급자수","","271","252","217","196","337","472","441","522","516","629","693","749","911","878","860","816",
"강원특별자치도","남자","62세","수급자수","","271","252","231","215","199","455","352","442","535","569","686","781","817","919","890","898",
"강원특별자치도","남자","63세","수급자수","","257","272","239","222","214","412","375","353","442","597","606","770","808","839","929","933",
"강원특별자치도","남자","64세","수급자수","","243","246","276","241","221","330","238","360","373","493","641","668","820","863","869","935",
"강원특별자치도","남자","65 - 69세","수급자수","","1690","1592","1475","1386","1399","1391","1609","1605","1652","2005","2495","3024","3656","4032","4443","4807",
"강원특별자치도","남자","65세","수급자수","","274","260","276","310","262","331","280","267","404","455","638","739","778","910","922","962",
"강원특별자치도","남자","66세","수급자수","","278","273","250","285","330","202","310","309","289","505","506","708","823","834","964","987",
"강원특별자치도","남자","67세","수급자수","","394","288","279","236","285","216","326","318","307","323","578","551","769","852","867","1018",
"강원특별자치도","남자","68세","수급자수","","360","401","286","274","242","251","384","331","325","361","373","627","590","808","884","914",
"강원특별자치도","남자","69세","수급자수","","384","370","384","281","280","283","309","380","327","361","400","399","696","628","806","926",
"강원특별자치도","남자","70 - 74세","수급자수","","1638","1725","1647","1644","1574","1575","1675","1530","1504","1768","1916","2161","2331","2582","2782","3254",
"강원특별자치도","남자","70세","수급자수","","321","383","342","367","275","337","287","294","383","380","392","436","430","718","637","835",
"강원특별자치도","남자","71세","수급자수","","364","332","356","334","358","270","310","275","297","415","410","440","471","454","729","680",
"강원특별자치도","남자","72세","수급자수","","362","367","297","344","330","250","303","292","267","319","452","431","459","493","471","765",
"강원특별자치도","남자","73세","수급자수","","314","353","330","283","341","279","407","285","290","313","344","482","466","462","473","488",
"강원특별자치도","남자","74세","수급자수","","277","290","322","316","270","281","368","384","267","341","318","372","505","455","472","486",
"강원특별자치도","남자","75 - 79세","수급자수","","1013","1059","1080","1144","1189","1213","1473","1493","1567","1803","1940","1958","2055","2099","2167","2298",
"강원특별자치도","남자","75세","수급자수","","250","254","269","290","314","350","373","345","374","334","348","338","408","520","460","489",
"강원특별자치도","남자","76세","수급자수","","225","243","233","260","270","325","278","351","329","427","353","356","353","422","525","464",
"강원특별자치도","남자","77세","수급자수","","194","212","219","217","228","340","332","267","330","379","451","366","384","367","429","538",
"강원특별자치도","남자","78세","수급자수","","178","188","194","197","195","254","254","309","252","376","405","477","406","378","362","440",
"강원특별자치도","남자","79세","수급자수","","166","162","165","180","182","317","236","221","282","287","383","421","504","412","391","367",
"강원특별자치도","남자","80 - 84세","수급자수","","545","577","576","588","581","616","708","758","816","1241","1391","1574","1795","1990","1988","2031",
"강원특별자치도","남자","80세","수급자수","","138","148","138","154","153","243","196","209","209","345","303","389","441","483","404","388",
"강원특별자치도","남자","81세","수급자수","","153","124","126","120","134","218","182","169","187","265","347","309","408","432","468","403",
"강원특별자치도","남자","82세","수급자수","","101","140","108","116","108","181","135","164","147","260","278","349","331","404","410","464",
"강원특별자치도","남자","83세","수급자수","","77","100","119","96","102","176","106","127","155","186","267","267","363","322","391","398",
"강원특별자치도","남자","84세","수급자수","","76","65","85","102","84","134","89","89","118","185","196","260","252","349","315","378",
"강원특별자치도","남자","85 - 89세","수급자수","","307","271","241","242","248","256","297","303","297","474","567","677","882","960","1087","1161",
"강원특별자치도","남자","85세","수급자수","","72","64","55","71","90","124","78","81","79","148","186","191","276","237","333","307",
"강원특별자치도","남자","86세","수급자수","","87","57","49","45","62","95","70","59","68","102","145","171","187","251","215","306",
"강원특별자치도","남자","87세","수급자수","","68","67","43","43","37","87","73","68","54","85","95","149","178","172","223","215",
"강원특별자치도","남자","88세","수급자수","","44","56","58","37","37","72","50","58","50","77","78","92","152","165","162","190",
"강원특별자치도","남자","89세","수급자수","","36","27","36","46","22","77","26","37","46","62","63","74","89","135","154","143",
"강원특별자치도","남자","90 - 94세","수급자수","","75","75","73","72","78","76","84","83","87","135","163","188","231","248","287","336",
"강원특별자치도","남자","90세","수급자수","","28","26","23","29","36","52","24","26","29","46","56","61","74","70","106","130",
"강원특별자치도","남자","91세","수급자수","","11","21","19","20","21","25","16","21","21","33","47","54","51","59","58","89",
"강원특별자치도","남자","92세","수급자수","","16","9","10","7","11","30","23","13","17","22","24","41","52","47","45","49",
"강원특별자치도","남자","93세","수급자수","","8","14","10","9","4","20","12","16","8","21","17","18","38","41","43","36",
"강원특별자치도","남자","94세","수급자수","","12","5","11","7","6","29","9","7","12","13","19","14","16","31","35","32",
"강원특별자치도","남자","95 - 99세","수급자수","","21","24","14","18","18","17","9","15","15","31","36","46","54","58","48","67",
"강원특별자치도","남자","95세","수급자수","","5","10","3","7","7","13","3","7","6","16","12","18","13","18","21","29",
"강원특별자치도","남자","96세","수급자수","","5","4","7","3","3","11","3","3","4","9","16","10","15","11","13","19",
"강원특별자치도","남자","97세","수급자수","","3","3","2","6","1","3","2","3","3","2","4","14","10","10","7","11",
"강원특별자치도","남자","98세","수급자수","","5","4","1","1","7","4","0","2","1","2","1","4","13","9","2","7",
"강원특별자치도","남자","99세","수급자수","","3","3","1","1","0","5","1","0","1","2","3","0","3","10","5","1",
"강원특별자치도","남자","100세 이상","수급자수","","5","4","5","6","6","5","6","5","2","3","6","7","8","7","14","14",
"강원특별자치도","여자","계","수급자수","","35755","35257","32822","30624","29104","28129","32429","31620","30388","34561","37349","41496","44972","46131","46828","47982",
"강원특별자치도","여자","0 - 4세","수급자수","","562","537","482","403","385","348","432","369","317","329","367","407","417","389","403","388",
"강원특별자치도","여자","0세","수급자수","","72","78","68","56","60","38","55","45","36","41","32","36","40","36","40","40",
"강원특별자치도","여자","1세","수급자수","","95","97","82","82","65","65","59","63","57","63","55","66","74","70","65","62",
"강원특별자치도","여자","2세","수급자수","","133","97","93","83","82","67","93","62","64","63","76","77","82","83","76","75",
"강원특별자치도","여자","3세","수급자수","","118","146","97","88","83","90","101","93","66","83","78","107","89","94","102","92",
"강원특별자치도","여자","4세","수급자수","","144","119","142","94","95","88","124","106","94","79","126","121","132","106","120","119",
"강원특별자치도","여자","5 - 9세","수급자수","","1417","1193","1006","857","755","690","1093","1155","1065","1094","1173","1318","1288","1169","1138","1145",
"강원특별자치도","여자","5세","수급자수","","167","174","119","153","102","93","111","137","110","117","108","152","145","151","121","132",
"강원특별자치도","여자","6세","수급자수","","248","172","181","115","166","106","101","112","142","141","136","144","191","159","169","150",
"강원특별자치도","여자","7세","수급자수","","251","252","179","168","126","166","254","247","249","281","296","266","274","271","235","254",
"강원특별자치도","여자","8세","수급자수","","326","264","250","174","179","22","327","291","258","272","314","355","296","286","317","262",
"강원특별자치도","여자","9세","수급자수","","425","331","277","247","182","13","300","368","306","283","319","401","382","302","296","347",
"강원특별자치도","여자","10 - 14세","수급자수","","2794","2634","2370","2009","1731","1525","2213","2251","2022","1937","1897","2123","2179","2139","2056","2052",
"강원특별자치도","여자","10세","수급자수","","452","429","332","274","266","8","358","354","360","317","306","388","426","412","325","315",
"강원특별자치도","여자","11세","수급자수","","532","460","430","330","274","143","352","411","340","392","350","370","405","455","436","358",
"강원특별자치도","여자","12세","수급자수","","573","552","458","429","327","182","449","419","396","361","414","405","387","413","457","446",
"강원특별자치도","여자","13세","수급자수","","571","603","545","436","434","192","490","523","424","409","401","494","442","400","430","479",
"강원특별자치도","여자","14세","수급자수","","666","590","605","540","430","273","564","544","502","458","426","466","519","459","408","454",
"강원특별자치도","여자","15 - 19세","수급자수","","3583","3558","3244","2953","2792","2609","3660","3644","3203","2996","2697","2699","2607","2532","2396","2363",
"강원특별자치도","여자","15세","수급자수","","688","686","592","607","545","283","717","662","541","495","484","496","507","536","479","419",
"강원특별자치도","여자","16세","수급자수","","728","703","680","596","591","341","756","824","661","585","542","557","522","509","550","497",
"강원특별자치도","여자","17세","수급자수","","856","721","671","648","586","436","828","848","792","661","563","600","578","516","500","570",
"강원특별자치도","여자","18세","수급자수","","717","827","662","605","606","438","859","813","738","772","615","594","579","559","511","490",
"강원특별자치도","여자","19세","수급자수","","594","621","639","497","464","537","500","497","471","483","493","452","421","412","356","387",
"강원특별자치도","여자","20 - 24세","수급자수","","1322","1395","1331","1309","1218","1258","1382","1329","1291","1445","1457","1664","1687","1600","1443","1459",
"강원특별자치도","여자","20세","수급자수","","476","498","482","511","420","579","485","426","421","436","424","494","443","371","377","347",
"강원특별자치도","여자","21세","수급자수","","335","380","364","349","380","548","340","376","332","379","368","395","440","400","304","345",
"강원특별자치도","여자","22세","수급자수","","249","256","240","227","219","507","262","239","274","285","319","347","333","360","315","294",
"강원특별자치도","여자","23세","수급자수","","147","166","143","144","122","405","202","159","161","206","194","239","275","257","248","249",
"강원특별자치도","여자","24세","수급자수","","115","95","102","78","77","341","93","129","103","139","152","189","196","212","199","224",
"강원특별자치도","여자","25 - 29세","수급자수","","491","476","379","315","285","284","312","291","302","350","424","545","639","622","642","699",
"강원특별자치도","여자","25세","수급자수","","109","87","62","62","59","291","76","71","92","86","117","154","164","164","157","180",
"강원특별자치도","여자","26세","수급자수","","96","102","64","50","51","136","57","61","52","86","72","120","135","123","126","145",
"강원특별자치도","여자","27세","수급자수","","88","96","89","54","44","85","55","56","54","57","85","85","120","128","116","120",
"강원특별자치도","여자","28세","수급자수","","103","87","80","79","57","63","64","50","54","67","60","104","101","115","122","118",
"강원특별자치도","여자","29세","수급자수","","95","104","84","70","74","53","60","53","50","54","90","82","119","92","121","136",
"강원특별자치도","여자","30 - 34세","수급자수","","748","700","626","552","505","467","498","430","390","424","462","601","623","672","697","763",
"강원특별자치도","여자","30세","수급자수","","112","104","106","83","80","57","60","75","57","75","83","110","102","130","116","143",
"강원특별자치도","여자","31세","수급자수","","123","124","110","106","88","54","86","64","68","64","94","108","123","114","153","142",
"강원특별자치도","여자","32세","수급자수","","150","131","124","102","105","57","93","76","70","84","81","122","119","144","136","168",
"강원특별자치도","여자","33세","수급자수","","179","162","137","124","103","74","114","96","81","91","103","116","143","125","149","148",
"강원특별자치도","여자","34세","수급자수","","184","179","149","137","129","79","145","119","114","110","101","145","136","159","143","162",
"강원특별자치도","여자","35 - 39세","수급자수","","1547","1418","1209","1069","922","820","918","837","785","857","1002","1129","1098","1051","1018","1028",
"강원특별자치도","여자","35세","수급자수","","222","202","178","149","148","98","128","152","121","135","139","144","172","153","176","164",
"강원특별자치도","여자","36세","수급자수","","284","240","199","179","156","111","171","139","155","155","179","172","175","190","172","186",
"강원특별자치도","여자","37세","수급자수","","282","287","245","188","176","105","190","170","147","184","189","239","192","199","203","200",
"강원특별자치도","여자","38세","수급자수","","376","290","307","248","193","130","194","181","167","193","244","259","266","224","230","219",
"강원특별자치도","여자","39세","수급자수","","383","399","280","305","249","159","235","195","195","190","251","315","293","285","237","259",
"강원특별자치도","여자","40 - 44세","수급자수","","2494","2365","2175","1911","1741","1599","1672","1434","1335","1343","1374","1709","1819","1843","1856","1808",
"강원특별자치도","여자","40세","수급자수","","470","395","397","284","307","153","255","234","198","240","216","333","338","319","315","260",
"강원특별자치도","여자","41세","수급자수","","497","476","385","383","300","178","283","256","249","221","273","302","368","361","324","339",
"강원특별자치도","여자","42세","수급자수","","492","497","455","354","385","200","373","278","251","288","245","342","352","388","393","349",
"강원특별자치도","여자","43세","수급자수","","510","485","473","430","355","250","327","352","286","282","332","344","382","378","423","415",
"강원특별자치도","여자","44세","수급자수","","525","512","465","460","394","312","434","314","351","312","308","388","379","397","401","445",
"강원특별자치도","여자","45 - 49세","수급자수","","2525","2481","2269","2077","2033","1992","2073","2016","1853","1931","2000","2209","2231","2221","2138","2139",
"강원특별자치도","여자","45세","수급자수","","496","525","466","428","430","296","398","422","313","368","340","379","420","399","418","428",
"강원특별자치도","여자","46세","수급자수","","441","480","483","419","411","382","404","387","409","344","401","424","407","426","415","427",
"강원특별자치도","여자","47세","수급자수","","515","443","444","451","391","359","439","389","371","437","361","467","459","421","417","430",
"강원특별자치도","여자","48세","수급자수","","545","510","415","402","432","377","434","417","368","395","467","406","499","468","425","419",
"강원특별자치도","여자","49세","수급자수","","528","523","461","377","369","420","398","401","392","387","431","533","446","507","463","435",
"강원특별자치도","여자","50 - 54세","수급자수","","1942","2122","2123","2055","2005","1979","2075","1945","1895","2043","2127","2391","2623","2557","2576","2543",
"강원특별자치도","여자","50세","수급자수","","405","526","463","434","359","403","444","371","404","416","417","467","566","448","513","482",
"강원특별자치도","여자","51세","수급자수","","397","424","503","433","410","376","358","420","370","413","425","475","496","571","464","514",
"강원특별자치도","여자","52세","수급자수","","418","391","398","467","401","416","372","351","401","392","438","495","514","501","572","471",
"강원특별자치도","여자","53세","수급자수","","352","426","359","382","461","350","435","369","349","422","410","492","522","505","498","583",
"강원특별자치도","여자","54세","수급자수","","370","355","400","339","374","359","466","434","371","400","437","462","525","532","529","493",
"강원특별자치도","여자","55 - 59세","수급자수","","1447","1575","1599","1596","1663","1784","2038","2104","2145","2335","2492","2682","2673","2603","2652","2723",
"강원특별자치도","여자","55세","수급자수","","315","379","340","367","324","400","487","466","440","380","430","508","466","522","535","541",
"강원특별자치도","여자","56세","수급자수","","278","321","373","325","359","418","387","489","467","464","416","499","546","472","532","533",
"강원특별자치도","여자","57세","수급자수","","337","277","311","359","326","452","352","378","497","501","505","468","521","544","479","551",
"강원특별자치도","여자","58세","수급자수","","257","337","258","290","370","365","426","345","383","546","550","576","502","543","562","504",
"강원특별자치도","여자","59세","수급자수","","260","261","317","255","284","326","386","426","358","444","591","631","638","522","544","594",
"강원특별자치도","여자","60 - 64세","수급자수","","1740","1663","1539","1449","1352","1398","1793","1911","2030","2364","2645","3096","3388","3525","3494","3459",
"강원특별자치도","여자","60세","수급자수","","307","265","255","309","253","373","452","395","431","406","483","688","681","673","535","558",
"강원특별자치도","여자","61세","수급자수","","326","317","271","241","309","339","353","451","415","506","463","579","730","703","693","560",
"강원특별자치도","여자","62세","수급자수","","365","341","305","266","227","381","319","346","478","469","566","536","621","799","720","705",
"강원특별자치도","여자","63세","수급자수","","352","369","351","289","270","297","379","316","369","541","541","664","614","679","812","778",
"강원특별자치도","여자","64세","수급자수","","390","371","357","344","293","264","290","403","337","442","592","629","742","671","734","858",
"강원특별자치도","여자","65 - 69세","수급자수","","2910","2816","2486","2192","2103","2019","2241","2117","2087","2457","2821","3347","3925","4216","4446","4634",
"강원특별자치도","여자","65세","수급자수","","470","425","399","387","374","317","366","326","434","465","585","750","778","864","781","812",
"강원특별자치도","여자","66세","수급자수","","483","494","422","406","417","240","419","400","342","573","553","688","851","847","937","874",
"강원특별자치도","여자","67세","수급자수","","680","513","479","432","414","280","459","407","416","418","653","637","769","916","892","988",
"강원특별자치도","여자","68세","수급자수","","646","710","505","482","441","337","513","465","425","486","477","752","699","852","952","956",
"강원특별자치도","여자","69세","수급자수","","631","674","681","485","457","400","484","519","470","515","553","520","828","737","884","1004",
"강원특별자치도","여자","70 - 74세","수급자수","","3363","3353","3259","3267","2959","2763","2931","2717","2547","3042","3296","3413","3528","3797","3921","4226",
"강원특별자치도","여자","70세","수급자수","","683","645","645","679","481","422","489","488","510","573","567","598","584","874","765","932",
"강원특별자치도","여자","71세","수급자수","","745","695","624","625","649","428","514","477","499","636","654","621","661","637","927","804",
"강원특별자치도","여자","72세","수급자수","","654","752","671","610","602","432","555","517","478","600","731","709","678","726","656","981",
"강원특별자치도","여자","73세","수급자수","","616","651","706","661","596","455","722","540","527","603","660","764","777","734","783","696",
"강원특별자치도","여자","74세","수급자수","","665","610","613","692","631","491","651","695","533","630","684","721","828","826","790","813",
"강원특별자치도","여자","75 - 79세","수급자수","","2921","2940","2802","2745","2830","2771","3012","3023","3058","3746","4106","4275","4546","4444","4555","4563",
"강원특별자치도","여자","75세","수급자수","","705","664","588","591","664","644","632","643","661","660","719","746","785","884","887","836",
"강원특별자치도","여자","76세","수급자수","","535","677","612","546","558","603","644","612","615","833","745","792","822","820","912","934",
"강원특별자치도","여자","77세","수급자수","","570","516","614","575","523","570","672","612","587","800","939","804","879","854","865","957",
"강원특별자치도","여자","78세","수급자수","","519","568","479","581","523","608","544","633","581","732","880","1018","916","927","914","896",
"강원특별자치도","여자","79세","수급자수","","592","515","509","452","562","651","520","523","614","721","823","915","1144","959","977","940",
"강원특별자치도","여자","80 - 84세","수급자수","","2253","2313","2215","2167","2067","2048","2164","2120","2138","3147","3660","4070","4811","5282","5350","5416",
"강원특별자치도","여자","80세","수급자수","","549","557","482","481","435","521","509","481","504","740","816","867","1027","1164","1008","1020",
"강원특별자치도","여자","81세","수급자수","","507","518","508","442","441","487","522","463","440","683","813","874","986","1092","1204","1040",
"강원특별자치도","여자","82세","수급자수","","441","467","461","478","409","504","388","461","435","591","747","868","971","1017","1098","1235",
"강원특별자치도","여자","83세","수급자수","","403","405","407","407","421","522","379","358","423","571","657","765","976","1016","1006","1108",
"강원특별자치도","여자","84세","수급자수","","353","366","357","359","361","396","366","357","336","562","627","696","851","993","1034","1013",
"강원특별자치도","여자","85 - 89세","수급자수","","1148","1198","1177","1176","1203","1227","1346","1324","1253","1744","2158","2441","3146","3513","3917","4210",
"강원특별자치도","여자","85세","수급자수","","325","320","325","305","324","394","349","323","318","437","587","640","766","867","994","1025",
"강원특별자치도","여자","86세","수급자수","","276","288","268","274","283","365","301","297","270","394","487","603","726","758","838","966",
"강원특별자치도","여자","87세","수급자수","","227","236","235","234","235","371","280","260","254","323","429","451","672","715","760","826",
"강원특별자치도","여자","88세","수급자수","","186","197","189","197","202","320","235","235","226","305","328","422","517","673","695","734",
"강원특별자치도","여자","89세","수급자수","","134","157","160","166","159","298","181","209","185","285","327","325","465","500","630","659",
"강원특별자치도","여자","90 - 94세","수급자수","","431","412","420","399","427","424","463","485","532","783","956","1100","1355","1527","1624","1782",
"강원특별자치도","여자","90세","수급자수","","119","116","132","140","138","246","140","155","177","241","285","306","360","451","453","575",
"강원특별자치도","여자","91세","수급자수","","117","88","95","96","115","194","115","116","126","200","239","279","315","314","405","406",
"강원특별자치도","여자","92세","수급자수","","102","85","72","65","80","169","93","89","94","148","187","212","301","289","284","335",
"강원특별자치도","여자","93세","수급자수","","51","82","64","55","46","130","66","73","77","108","148","170","208","274","253","237",
"강원특별자치도","여자","94세","수급자수","","42","41","57","43","48","109","49","52","58","86","97","133","171","199","229","229",
"강원특별자치도","여자","95 - 99세","수급자수","","96","90","93","107","111","109","99","99","116","166","201","245","343","377","442","518",
"강원특별자치도","여자","95세","수급자수","","32","32","29","45","37","88","31","33","50","59","77","89","131","139","159","196",
"강원특별자치도","여자","96세","수급자수","","26","21","24","26","35","62","22","20","23","48","50","64","87","110","128","130",
"강원특별자치도","여자","97세","수급자수","","15","18","17","18","18","35","20","17","19","28","40","37","62","58","80","94",
"강원특별자치도","여자","98세","수급자수","","11","13","13","11","13","36","19","12","17","15","24","36","36","39","44","63",
"강원특별자치도","여자","99세","수급자수","","12","6","10","7","8","30","7","17","7","16","10","19","27","31","31","35",
"강원특별자치도","여자","100세 이상","수급자수","","21","18","18","16","17","15","14","19","24","28","34","32","46","52","64","64",
"충청북도","계","계","수급자수","","53432","51817","47909","43908","40668","39339","49727","48294","46052","53726","57076","63967","71095","73264","76073","79187",
"충청북도","계","0 - 4세","수급자수","","1109","1038","886","804","718","689","857","764","687","831","931","1000","1042","981","920","900",
"충청북도","계","0세","수급자수","","134","129","119","101","87","81","97","89","67","101","102","109","99","98","82","87",
"충청북도","계","1세","수급자수","","187","174","160","145","138","112","141","120","120","132","172","171","166","137","153","139",
"충청북도","계","2세","수급자수","","252","213","171","164","159","149","172","161","144","164","184","220","211","186","168","194",
"충청북도","계","3세","수급자수","","250","256","206","183","160","173","211","180","177","205","195","243","276","241","226","214",
"충청북도","계","4세","수급자수","","286","266","230","211","174","174","236","214","179","229","278","257","290","319","291","266",
"충청북도","계","5 - 9세","수급자수","","2372","2084","1781","1508","1338","1225","2485","2520","2266","2370","2499","2780","2859","2701","2709","2696",
"충청북도","계","5세","수급자수","","338","304","258","227","207","181","263","244","225","249","274","359","306","317","368","332",
"충청북도","계","6세","수급자수","","356","355","318","254","226","210","267","275","253","288","307","378","433","353","366","434",
"충청북도","계","7세","수급자수","","465","361","358","319","255","252","611","579","526","576","601","592","635","603","561","546",
"충청북도","계","8세","수급자수","","563","490","364","351","311","10","673","672","598","598","643","689","715","681","674","638",
"충청북도","계","9세","수급자수","","650","574","483","357","339","10","671","750","664","659","674","762","770","747","740","746",
"충청북도","계","10 - 14세","수급자수","","4837","4441","3867","3230","2652","2285","4540","4370","3955","3919","3926","4349","4619","4593","4635","4712",
"충청북도","계","10세","수급자수","","794","675","564","480","346","3","728","752","725","689","702","773","846","840","818","785",
"충청북도","계","11세","수급자수","","852","810","667","543","461","266","803","789","741","780","752","818","889","891","887","856",
"충청북도","계","12세","수급자수","","987","887","795","618","519","316","825","854","777","733","820","865","873","916","953","987",
"충청북도","계","13세","수급자수","","1051","1004","869","754","599","340","1050","897","851","830","814","948","983","948","989","1039",
"충청북도","계","14세","수급자수","","1153","1065","972","835","727","349","1134","1078","861","887","838","945","1028","998","988","1045",
"충청북도","계","15 - 19세","수급자수","","6113","5950","5463","4753","4178","3867","6588","6222","5403","5115","4741","4917","4907","4830","4922","4964",
"충청북도","계","15세","수급자수","","1292","1178","1031","913","789","466","1277","1167","1040","921","919","960","994","1038","1053","1018",
"충청북도","계","16세","수급자수","","1349","1290","1146","982","884","523","1519","1393","1166","1086","975","1053","1026","1026","1092","1101",
"충청북도","계","17세","수급자수","","1361","1318","1245","1062","932","607","1528","1530","1318","1165","1075","1078","1084","1020","1035","1130",
"충청북도","계","18세","수급자수","","1216","1270","1156","1034","922","739","1487","1405","1282","1236","1094","1121","1095","1074","995","1039",
"충청북도","계","19세","수급자수","","895","894","885","762","651","787","777","727","597","707","678","705","708","672","747","676",
"충청북도","계","20 - 24세","수급자수","","1881","1813","1732","1684","1625","1543","1876","1846","1764","1964","2052","2355","2531","2439","2442","2460",
"충청북도","계","20세","수급자수","","571","534","572","522","482","853","571","558","500","495","536","590","610","573","543","570",
"충청북도","계","21세","수급자수","","436","435","399","435","402","832","411","431","416","482","437","528","577","553","521","511",
"충청북도","계","22세","수급자수","","385","339","332","328","329","656","394","364","346","404","436","465","538","532","542","518",
"충청북도","계","23세","수급자수","","261","283","240","246","233","433","300","274","276","317","350","422","406","428","460","460",
"충청북도","계","24세","수급자수","","228","222","189","153","179","384","200","219","226","266","293","350","400","353","376","401",
"충청북도","계","25 - 29세","수급자수","","831","814","680","583","534","574","662","602","579","709","850","1090","1236","1270","1260","1334",
"충청북도","계","25세","수급자수","","166","188","152","139","108","335","171","143","161","204","236","289","317","346","303","340",
"충청북도","계","26세","수급자수","","146","139","132","121","124","219","118","127","106","149","177","257","256","260","276","267",
"충청북도","계","27세","수급자수","","170","143","117","112","107","172","105","102","103","113","164","202","246","211","230","267",
"충청북도","계","28세","수급자수","","171","165","127","90","107","139","133","112","100","121","120","185","211","238","204","239",
"충청북도","계","29세","수급자수","","178","179","152","121","88","92","135","118","109","122","153","157","206","215","247","221",
"충청북도","계","30 - 34세","수급자수","","1144","1058","941","861","775","755","903","798","737","881","1017","1217","1347","1359","1520","1693",
"충청북도","계","30세","수급자수","","160","179","173","152","118","117","137","143","122","144","158","200","228","242","270","312",
"충청북도","계","31세","수급자수","","171","176","175","175","143","118","135","132","149","171","190","212","264","254","308","325",
"충청북도","계","32세","수급자수","","227","187","172","168","178","108","163","154","137","178","215","250","251","281","305","348",
"충청북도","계","33세","수급자수","","259","247","181","176","172","97","205","164","160","185","216","278","267","284","313","349",
"충청북도","계","34세","수급자수","","327","269","240","190","164","138","263","205","169","203","238","277","337","298","324","359",
"충청북도","계","35 - 39세","수급자수","","2400","2204","1854","1601","1360","1258","1385","1363","1292","1626","1718","2031","2076","2084","2109","2177",
"충청북도","계","35세","수급자수","","358","342","254","248","187","156","230","275","230","238","259","333","338","369","342","370",
"충청북도","계","36세","수급자수","","465","357","337","244","256","193","236","245","281","308","269","367","362","383","401","390",
"충청북도","계","37세","수급자수","","453","462","349","327","246","171","265","252","253","368","362","346","415","416","424","453",
"충청북도","계","38세","수급자수","","557","469","447","345","326","174","341","261","270","354","408","465","411","454","440","470",
"충청북도","계","39세","수급자수","","567","574","467","437","345","209","313","330","258","358","420","520","550","462","502","494",
"충청북도","계","40 - 44세","수급자수","","4032","3763","3386","2964","2524","2233","2501","2190","2013","2162","2253","2719","3075","3160","3252","3396",
"충청북도","계","40세","수급자수","","737","563","570","444","435","281","397","320","330","348","418","534","592","620","527","555",
"충청북도","계","41세","수급자수","","869","731","554","560","420","246","435","399","335","414","397","527","614","637","674","570",
"충청북도","계","42세","수급자수","","803","879","700","532","526","348","557","430","377","423","473","492","613","663","681","743",
"충청북도","계","43세","수급자수","","805","788","823","669","517","343","511","534","427","458","458","583","569","640","710","749",
"충청북도","계","44세","수급자수","","818","802","739","759","626","439","601","507","544","519","507","583","687","600","660","779",
"충청북도","계","45 - 49세","수급자수","","4426","4284","3817","3429","3284","3280","3617","3358","3068","3271","3290","3706","3803","3826","3756","3831",
"충청북도","계","45세","수급자수","","759","810","761","662","725","422","625","580","507","622","568","632","667","719","638","732",
"충청북도","계","46세","수급자수","","815","753","762","712","657","510","698","591","557","608","666","675","689","696","771","677",
"충청북도","계","47세","수급자수","","887","812","705","685","654","519","806","666","586","639","658","789","741","740","748","807",
"충청북도","계","48세","수급자수","","1060","869","764","664","642","604","761","789","655","663","697","761","873","763","789","782",
"충청북도","계","49세","수급자수","","905","1040","825","706","606","733","727","732","763","739","701","849","833","908","810","833",
"충청북도","계","50 - 54세","수급자수","","4243","4278","4298","3940","3667","3449","3768","3555","3451","3905","4135","4588","4963","4859","4818","4745",
"충청북도","계","50세","수급자수","","974","875","972","759","644","660","720","719","710","857","788","819","940","848","949","830",
"충청북도","계","51세","수급자수","","859","925","832","888","714","650","653","732","697","786","895","910","895","936","894","997",
"충청북도","계","52세","수급자수","","879","851","883","763","844","633","721","640","721","756","823","1033","990","920","961","925",
"충청북도","계","53세","수급자수","","780","862","789","809","700","579","776","695","648","791","790","931","1117","1022","942","1007",
"충청북도","계","54세","수급자수","","751","765","822","721","765","644","898","769","675","715","839","895","1021","1133","1072","986",
"충청북도","계","55 - 59세","수급자수","","2674","2897","3110","3127","3184","3395","3912","4110","4090","4429","4529","4973","5131","5151","5479","5717",
"충청북도","계","55세","수급자수","","616","703","726","759","663","699","786","908","762","752","781","946","974","1038","1180","1106",
"충청북도","계","56세","수급자수","","551","613","681","673","731","826","820","789","923","831","799","859","1052","986","1104","1219",
"충청북도","계","57세","수급자수","","619","540","600","637","649","701","770","830","796","1030","882","902","961","1089","1020","1125",
"충청북도","계","58세","수급자수","","445","597","526","565","595","750","815","776","827","892","1102","1015","1015","1014","1134","1082",
"충청북도","계","59세","수급자수","","443","444","577","493","546","694","721","807","782","924","965","1251","1129","1024","1041","1185",
"충청북도","계","60 - 64세","수급자수","","2417","2361","2264","2224","2159","2357","2953","3205","3466","4312","4728","5519","6385","6564","6620","6740",
"충청북도","계","60세","수급자수","","418","435","417","556","460","711","685","712","820","911","973","1107","1409","1203","1057","1122",
"충청북도","계","61세","수급자수","","479","421","412","392","528","657","613","696","722","969","965","1112","1254","1478","1254","1116",
"충청북도","계","62세","수급자수","","548","485","403","398","380","583","546","618","697","816","1047","1104","1210","1323","1585","1335",
"충청북도","계","63세","수급자수","","475","556","484","412","386","551","639","545","645","817","859","1194","1184","1276","1381","1685",
"충청북도","계","64세","수급자수","","497","464","548","466","405","481","470","634","582","799","884","1002","1328","1284","1343","1482",
"충청북도","계","65 - 69세","수급자수","","3718","3673","3263","2949","2761","2653","2942","2876","2947","3749","4306","5122","6179","6785","7417","8061",
"충청북도","계","65세","수급자수","","604","544","485","575","502","529","495","520","710","764","952","1137","1250","1473","1452","1524",
"충청북도","계","66세","수급자수","","729","667","543","500","591","402","558","523","553","932","860","1074","1332","1393","1616","1570",
"충청북도","계","67세","수급자수","","905","738","645","542","514","394","619","549","518","683","1012","981","1205","1453","1484","1729",
"충청북도","계","68세","수급자수","","779","933","705","637","537","463","673","609","553","667","733","1115","1121","1257","1531","1579",
"충청북도","계","69세","수급자수","","701","791","885","695","617","536","597","675","613","703","749","815","1271","1209","1334","1659",
"충청북도","계","70 - 74세","수급자수","","4154","4015","3747","3708","3478","3336","3715","3429","3156","3852","4063","4420","4988","5377","5772","6382",
"충청북도","계","70세","수급자수","","868","723","769","855","653","580","626","569","670","782","777","827","918","1334","1230","1417",
"충청북도","계","71세","수급자수","","866","858","679","741","817","532","697","611","562","841","833","853","929","960","1411","1302",
"충청북도","계","72세","수급자수","","782","876","807","629","721","542","742","678","576","707","941","928","957","993","1014","1508",
"충청북도","계","73세","수급자수","","816","757","805","745","581","619","894","716","658","712","754","1020","1048","1009","1047","1050",
"충청북도","계","74세","수급자수","","822","801","687","738","706","662","756","855","690","810","758","792","1136","1081","1070","1105",
"충청북도","계","75 - 79세","수급자수","","3357","3429","3299","3116","3035","3036","3219","3194","3332","4484","4745","5018","5498","5393","5556","5783",
"충청북도","계","75세","수급자수","","783","803","719","631","692","801","619","735","815","899","884","814","923","1202","1134","1135",
"충청북도","계","76세","수급자수","","747","764","717","647","587","692","728","590","684","1074","956","938","911","978","1253","1204",
"충청북도","계","77세","수급자수","","658","715","682","654","602","562","709","699","552","879","1149","1007","1050","965","1013","1309",
"충청북도","계","78세","수급자수","","559","625","634","614","609","673","575","655","654","747","937","1248","1163","1074","1033","1059",
"충청북도","계","79세","수급자수","","610","522","547","570","545","664","588","515","627","885","819","1011","1451","1174","1123","1076",
"충청북도","계","80 - 84세","수급자수","","2178","2189","2060","1995","1977","1977","2246","2287","2260","3561","4084","4332","5408","6101","6324","6343",
"충청북도","계","80세","수급자수","","545","558","446","484","506","553","587","541","492","820","928","877","1196","1518","1205","1134",
"충청북도","계","81세","수급자수","","507","500","477","394","436","588","525","530","515","712","872","996","1025","1259","1553","1239",
"충청북도","계","82세","수급자수","","410","447","429","419","352","558","464","481","482","719","757","881","1157","1052","1278","1582",
"충청북도","계","83세","수급자수","","368","365","387","371","358","513","366","414","412","707","772","823","1045","1209","1093","1282",
"충청북도","계","84세","수급자수","","348","319","321","327","325","454","304","321","359","603","755","755","985","1063","1195","1106",
"충청북도","계","85 - 89세","수급자수","","1081","1092","1065","1018","982","996","1101","1119","1079","1793","2216","2647","3515","4006","4457","4818",
"충청북도","계","85세","수급자수","","268","298","279","277","272","380","298","262","275","528","640","750","880","998","1085","1171",
"충청북도","계","86세","수급자수","","275","236","240","234","227","319","272","275","225","405","536","676","856","864","986","1065",
"충청북도","계","87세","수급자수","","235","235","200","199","209","311","215","239","235","295","415","495","754","846","862","964",
"충청북도","계","88세","수급자수","","163","192","190","155","152","287","163","197","188","313","312","422","569","740","814","839",
"충청북도","계","89세","수급자수","","140","131","156","153","122","230","153","146","156","252","313","304","456","558","710","779",
"충청북도","계","90 - 94세","수급자수","","362","324","306","332","355","355","373","394","396","612","765","928","1203","1429","1696","1972",
"충청북도","계","90세","수급자수","","110","94","91","115","130","189","104","126","122","201","239","305","328","445","508","652",
"충청북도","계","91세","수급자수","","80","82","75","72","89","169","87","83","106","158","199","231","320","320","435","466",
"충청북도","계","92세","수급자수","","71","64","62","56","61","121","91","60","64","112","153","179","242","285","295","384",
"충청북도","계","93세","수급자수","","61","44","46","51","40","104","60","74","51","70","99","132","186","220","268","249",
"충청북도","계","94세","수급자수","","40","40","32","38","35","106","31","51","53","71","75","81","127","159","190","221",
"충청북도","계","95 - 99세","수급자수","","86","83","77","68","66","61","67","75","95","158","206","228","293","312","358","399",
"충청북도","계","95세","수급자수","","33","26","31","21","26","72","23","25","38","53","72","67","88","107","129","156",
"충청북도","계","96세","수급자수","","20","26","14","22","15","43","16","18","24","40","51","66","76","71","84","110",
"충청북도","계","97세","수급자수","","18","16","15","11","14","30","11","15","12","30","44","41","60","60","61","61",
"충청북도","계","98세","수급자수","","9","8","8","9","6","20","7","9","14","21","22","36","36","48","47","38",
"충청북도","계","99세","수급자수","","6","7","9","5","5","18","10","8","7","14","17","18","33","26","37","34",
"충청북도","계","100세 이상","수급자수","","17","27","13","14","16","15","17","17","16","23","22","28","37","44","51","64",
"충청북도","남자","계","수급자수","","23148","22423","20716","19042","17674","17317","22360","21999","21100","23744","24956","27886","30597","31348","32447","33852",
"충청북도","남자","0 - 4세","수급자수","","568","518","460","418","354","343","424","387","349","420","444","500","517","505","422","453",
"충청북도","남자","0세","수급자수","","69","63","70","55","44","33","45","46","30","52","47","66","47","58","35","55",
"충청북도","남자","1세","수급자수","","100","87","81","78","71","53","67","62","64","60","88","75","88","62","73","65",
"충청북도","남자","2세","수급자수","","133","112","88","84","83","73","86","81","74","89","79","113","95","101","77","89",
"충청북도","남자","3세","수급자수","","119","127","108","91","77","95","104","87","91","97","99","115","144","113","109","107",
"충청북도","남자","4세","수급자수","","147","129","113","110","79","89","122","111","90","122","131","131","143","171","128","137",
"충청북도","남자","5 - 9세","수급자수","","1184","1042","885","763","687","605","1254","1306","1174","1182","1280","1401","1472","1375","1404","1393",
"충청북도","남자","5세","수급자수","","178","152","125","116","113","85","134","122","118","132","148","181","150","163","193","153",
"충청북도","남자","6세","수급자수","","181","187","154","123","113","109","134","134","126","153","162","195","217","168","184","228",
"충청북도","남자","7세","수급자수","","215","193","192","162","120","125","329","289","263","269","310","313","337","310","289","285",
"충청북도","남자","8세","수급자수","","277","227","191","184","159","0","341","381","297","303","310","356","366","356","352","346",
"충청북도","남자","9세","수급자수","","333","283","223","178","182","0","316","380","370","325","350","356","402","378","386","381",
"충청북도","남자","10 - 14세","수급자수","","2446","2220","1937","1601","1302","1136","2277","2195","1991","2019","1990","2184","2345","2333","2340","2387",
"충청북도","남자","10세","수급자수","","398","340","282","226","175","0","354","361","369","380","351","400","413","432","423","424",
"충청북도","남자","11세","수급자수","","451","408","327","270","216","125","420","395","352","396","412","404","458","437","447","439",
"충청북도","남자","12세","수급자수","","487","472","403","304","260","161","425","440","387","356","405","456","430","468","474","496",
"충청북도","남자","13세","수급자수","","498","493","455","377","285","178","513","460","437","421","386","470","524","471","501","511",
"충청북도","남자","14세","수급자수","","612","507","470","424","366","183","565","539","446","466","436","454","520","525","495","517",
"충청북도","남자","15 - 19세","수급자수","","3125","3033","2765","2414","2094","1933","3252","3131","2660","2531","2356","2488","2457","2422","2504","2492",
"충청북도","남자","15세","수급자수","","665","619","503","450","404","230","607","581","510","468","492","504","477","520","552","514",
"충청북도","남자","16세","수급자수","","696","661","608","469","436","255","765","676","574","537","500","561","531","502","549","561",
"충청북도","남자","17세","수급자수","","703","674","630","565","433","290","773","795","642","580","522","558","581","523","513","574",
"충청북도","남자","18세","수급자수","","586","665","595","545","490","376","735","738","652","611","548","542","550","569","510","522",
"충청북도","남자","19세","수급자수","","475","414","429","385","331","401","372","341","282","335","294","323","318","308","380","321",
"충청북도","남자","20 - 24세","수급자수","","852","832","792","783","758","735","914","872","836","903","899","977","1069","1034","1072","1025",
"충청북도","남자","20세","수급자수","","229","215","202","188","191","425","251","219","203","186","208","208","228","202","211","215",
"충청북도","남자","21세","수급자수","","170","179","178","172","150","400","169","179","157","190","160","198","214","222","195","193",
"충청북도","남자","22세","수급자수","","181","161","174","187","156","331","208","186","174","179","202","195","232","227","253","209",
"충청북도","남자","23세","수급자수","","136","159","128","144","149","171","168","161","162","180","172","203","196","199","223","219",
"충청북도","남자","24세","수급자수","","136","118","110","92","112","156","118","127","140","168","157","173","199","184","190","189",
"충청북도","남자","25 - 29세","수급자수","","401","394","315","260","256","275","330","319","313","362","447","547","610","606","596","631",
"충청북도","남자","25세","수급자수","","82","112","73","81","62","166","104","87","96","112","147","145","157","160","153","173",
"충청북도","남자","26세","수급자수","","71","65","70","49","70","130","61","73","63","80","96","144","128","131","125","131",
"충청북도","남자","27세","수급자수","","91","61","48","45","44","112","51","50","51","60","77","102","129","104","110","122",
"충청북도","남자","28세","수급자수","","75","80","57","36","43","85","64","53","53","53","59","85","106","116","98","102",
"충청북도","남자","29세","수급자수","","82","76","67","49","37","46","50","56","50","57","68","71","90","95","110","103",
"충청북도","남자","30 - 34세","수급자수","","488","443","380","364","323","314","370","327","313","379","450","535","615","603","670","767",
"충청북도","남자","30세","수급자수","","70","77","71","71","49","57","53","59","59","75","74","95","112","103","119","148",
"충청북도","남자","31세","수급자수","","77","79","71","75","61","46","57","56","62","83","94","95","124","114","148","155",
"충청북도","남자","32세","수급자수","","93","77","70","65","80","41","67","61","62","67","105","114","108","120","140","155",
"충청북도","남자","33세","수급자수","","103","100","77","69","67","43","89","65","60","79","80","122","123","127","128","163",
"충청북도","남자","34세","수급자수","","145","110","91","84","66","57","104","86","70","75","97","109","148","139","135","146",
"충청북도","남자","35 - 39세","수급자수","","969","872","710","644","579","534","533","533","521","623","657","779","802","815","816","874",
"충청북도","남자","35세","수급자수","","156","137","98","95","81","68","78","107","101","92","95","137","130","163","144","149",
"충청북도","남자","36세","수급자수","","183","152","136","94","102","84","100","90","108","123","109","130","138","142","172","159",
"충청북도","남자","37세","수급자수","","166","186","138","137","95","62","99","104","95","140","147","133","149","164","165","193",
"충청북도","남자","38세","수급자수","","220","173","170","148","142","79","130","103","109","134","153","182","165","161","168","182",
"충청북도","남자","39세","수급자수","","244","224","168","170","159","89","126","129","108","134","153","197","220","185","167","191",
"충청북도","남자","40 - 44세","수급자수","","1754","1619","1449","1270","1076","986","1085","939","893","925","930","1087","1202","1225","1261","1302",
"충청북도","남자","40세","수급자수","","296","241","226","172","177","114","167","126","136","137","160","194","240","256","205","197",
"충청북도","남자","41세","수급자수","","346","293","252","227","162","95","204","175","139","173","160","195","221","256","279","225",
"충청북도","남자","42세","수급자수","","338","361","297","237","224","157","232","207","164","172","200","203","225","238","270","302",
"충청북도","남자","43세","수급자수","","376","348","357","294","241","164","209","220","213","192","200","233","233","237","261","288",
"충청북도","남자","44세","수급자수","","398","376","317","340","272","186","273","211","241","251","210","262","283","238","246","290",
"충청북도","남자","45 - 49세","수급자수","","2371","2282","2010","1785","1660","1660","1790","1672","1503","1544","1556","1701","1716","1715","1652","1603",
"충청북도","남자","45세","수급자수","","362","401","369","299","339","168","289","274","210","275","288","259","286","298","261","286",
"충청북도","남자","46세","수급자수","","430","379","381","362","308","226","323","287","274","257","297","337","284","301","321","270",
"충청북도","남자","47세","수급자수","","487","445","359","361","345","242","398","325","293","307","280","353","379","308","337","338",
"충청북도","남자","48세","수급자수","","585","488","430","352","348","272","386","402","324","334","345","335","404","383","334","363",
"충청북도","남자","49세","수급자수","","507","569","471","411","320","354","394","384","402","371","346","417","363","425","399","346",
"충청북도","남자","50 - 54세","수급자수","","2463","2463","2452","2218","2074","1983","2175","2042","1960","2139","2240","2435","2601","2460","2459","2386",
"충청북도","남자","50세","수급자수","","544","497","544","440","375","328","398","398","380","439","406","402","466","383","461","406",
"충청북도","남자","51세","수급자수","","500","509","475","494","409","349","368","416","386","427","445","479","457","478","419","489",
"충청북도","남자","52세","수급자수","","524","495","485","433","480","357","434","352","413","430","448","523","522","469","496","450",
"충청북도","남자","53세","수급자수","","464","516","457","438","396","317","447","427","368","450","462","518","585","551","491","524",
"충청북도","남자","54세","수급자수","","431","446","491","413","414","387","528","449","413","393","479","513","571","579","592","517",
"충청북도","남자","55 - 59세","수급자수","","1417","1556","1703","1741","1825","1935","2202","2333","2341","2545","2578","2839","2927","2924","3008","3154",
"충청북도","남자","55세","수급자수","","350","400","416","451","380","396","442","535","437","455","437","541","558","584","609","621",
"충청북도","남자","56세","수급자수","","277","345","381","382","436","481","438","441","552","472","479","478","602","556","621","630",
"충청북도","남자","57세","수급자수","","340","271","335","352","376","402","428","450","451","602","487","540","532","619","571","631",
"충청북도","남자","58세","수급자수","","233","317","266","309","332","408","472","437","456","508","647","568","610","558","641","612",
"충청북도","남자","59세","수급자수","","217","223","305","247","301","394","422","470","445","508","528","712","625","607","566","660",
"충청북도","남자","60 - 64세","수급자수","","961","939","948","1019","1027","1171","1507","1693","1882","2297","2504","2919","3397","3501","3577","3701",
"충청북도","남자","60세","수급자수","","190","195","197","293","225","421","364","406","480","500","529","600","787","669","611","609",
"충청북도","남자","61세","수급자수","","195","190","182","189","270","386","338","371","409","542","521","596","674","825","692","653",
"충청북도","남자","62세","수급자수","","215","191","179","171","175","326","273","334","366","438","566","592","637","704","861","754",
"충청북도","남자","63세","수급자수","","174","210","187","191","169","304","325","263","340","416","445","625","604","659","736","908",
"충청북도","남자","64세","수급자수","","187","153","203","175","188","239","207","319","287","401","443","506","695","644","677","777",
"충청북도","남자","65 - 69세","수급자수","","1291","1324","1175","1065","1028","1032","1168","1197","1320","1668","1962","2400","2931","3252","3596","4000",
"충청북도","남자","65세","수급자수","","206","213","166","207","201","263","215","237","365","368","463","579","616","741","726","791",
"충청북도","남자","66세","수급자수","","270","238","214","167","224","187","245","224","256","446","398","503","664","687","824","809",
"충청북도","남자","67세","수급자수","","330","270","233","219","167","178","254","246","216","302","482","446","567","718","696","862",
"충청북도","남자","68세","수급자수","","255","342","250","229","211","209","247","244","237","261","322","527","493","582","733","740",
"충청북도","남자","69세","수급자수","","230","261","312","243","225","214","207","246","246","291","297","345","591","524","617","798",
"충청북도","남자","70 - 74세","수급자수","","1352","1320","1231","1245","1183","1141","1302","1189","1128","1378","1500","1620","1896","2183","2381","2730",
"충청북도","남자","70세","수급자수","","299","238","261","309","222","216","245","192","246","309","321","336","380","601","514","664",
"충청북도","남자","71세","수급자수","","286","303","219","248","277","180","250","244","186","302","325","344","373","396","635","550",
"충청북도","남자","72세","수급자수","","261","285","285","203","244","213","255","233","222","228","324","345","380","383","421","670",
"충청북도","남자","73세","수급자수","","259","245","256","259","188","225","291","244","224","270","242","344","391","408","395","433",
"충청북도","남자","74세","수급자수","","247","249","210","226","252","228","261","276","250","269","288","251","372","395","416","413",
"충청북도","남자","75 - 79세","수급자수","","806","889","916","870","867","914","1026","1040","1087","1410","1470","1573","1690","1699","1805","1939",
"충청북도","남자","75세","수급자수","","223","236","223","198","207","268","215","253","266","301","285","296","293","396","412","444",
"충청북도","남자","76세","수급자수","","188","223","205","196","175","234","254","191","227","319","320","306","319","302","408","419",
"충청북도","남자","77세","수급자수","","160","176","201","178","179","186","209","252","177","270","346","325","318","337","305","420",
"충청북도","남자","78세","수급자수","","110","151","150","171","159","239","167","198","230","231","271","359","359","320","346","308",
"충청북도","남자","79세","수급자수","","125","103","137","127","147","194","181","146","187","289","248","287","401","344","334","348",
"충청북도","남자","80 - 84세","수급자수","","427","415","370","381","396","429","529","599","593","979","1116","1214","1436","1652","1672","1636",
"충청북도","남자","80세","수급자수","","109","106","83","121","106","162","155","165","140","255","286","249","312","414","350","316",
"충청북도","남자","81세","수급자수","","90","98","91","67","111","176","140","135","151","193","256","299","278","318","414","341",
"충청북도","남자","82세","수급자수","","84","78","81","79","60","143","97","129","122","200","203","250","341","287","307","413",
"충청북도","남자","83세","수급자수","","78","69","60","70","63","133","93","86","106","171","204","216","275","356","274","302",
"충청북도","남자","84세","수급자수","","66","64","55","44","56","91","44","84","74","160","167","200","230","277","327","264",
"충청북도","남자","85 - 89세","수급자수","","202","197","170","146","135","145","168","166","173","342","456","527","720","806","939","1061",
"충청북도","남자","85세","수급자수","","54","49","53","43","38","96","51","38","66","103","158","151","216","237","260","300",
"충청북도","남자","86세","수급자수","","49","47","33","39","26","52","44","48","32","95","101","154","168","189","222","242",
"충청북도","남자","87세","수급자수","","46","37","33","28","33","57","28","35","37","54","93","82","162","156","188","205",
"충청북도","남자","88세","수급자수","","34","40","24","19","22","51","22","23","20","54","56","92","84","145","145","178",
"충청북도","남자","89세","수급자수","","19","24","27","17","16","29","23","22","18","36","48","48","90","79","124","136",
"충청북도","남자","90 - 94세","수급자수","","51","46","39","47","43","42","49","52","47","73","86","125","156","196","228","261",
"충청북도","남자","90세","수급자수","","14","16","14","23","13","24","13","18","16","22","27","47","42","77","75","100",
"충청북도","남자","91세","수급자수","","11","13","12","11","16","25","10","7","15","18","24","29","44","36","72","60",
"충청북도","남자","92세","수급자수","","14","9","5","5","9","16","11","7","4","19","18","23","32","32","26","60",
"충청북도","남자","93세","수급자수","","6","5","5","4","3","14","11","8","6","6","13","17","24","31","29","21",
"충청북도","남자","94세","수급자수","","6","3","3","4","2","10","4","12","6","8","4","9","14","20","26","20",
"충청북도","남자","95 - 99세","수급자수","","17","12","7","6","5","1","2","5","13","24","32","31","37","36","44","55",
"충청북도","남자","95세","수급자수","","6","4","1","1","2","12","1","3","9","8","10","3","11","14","20","24",
"충청북도","남자","96세","수급자수","","4","3","2","1","2","4","1","1","3","9","7","11","4","9","12","14",
"충청북도","남자","97세","수급자수","","5","3","1","2","0","2","0","1","1","3","13","5","9","4","7","10",
"충청북도","남자","98세","수급자수","","1","1","2","1","0","0","0","0","0","3","1","11","3","7","2","5",
"충청북도","남자","99세","수급자수","","1","1","1","1","1","1","0","0","0","1","1","1","10","2","3","2",
"충청북도","남자","100세 이상","수급자수","","3","7","2","2","2","3","3","2","3","1","3","4","1","6","1","2",
"충청북도","여자","계","수급자수","","30284","29394","27193","24866","22994","22022","27367","26295","24952","29982","32120","36081","40498","41916","43626","45335",
"충청북도","여자","0 - 4세","수급자수","","541","520","426","386","364","346","433","377","338","411","487","500","525","476","498","447",
"충청북도","여자","0세","수급자수","","65","66","49","46","43","48","52","43","37","49","55","43","52","40","47","32",
"충청북도","여자","1세","수급자수","","87","87","79","67","67","59","74","58","56","72","84","96","78","75","80","74",
"충청북도","여자","2세","수급자수","","119","101","83","80","76","76","86","80","70","75","105","107","116","85","91","105",
"충청북도","여자","3세","수급자수","","131","129","98","92","83","78","107","93","86","108","96","128","132","128","117","107",
"충청북도","여자","4세","수급자수","","139","137","117","101","95","85","114","103","89","107","147","126","147","148","163","129",
"충청북도","여자","5 - 9세","수급자수","","1188","1042","896","745","651","620","1231","1214","1092","1188","1219","1379","1387","1326","1305","1303",
"충청북도","여자","5세","수급자수","","160","152","133","111","94","96","129","122","107","117","126","178","156","154","175","179",
"충청북도","여자","6세","수급자수","","175","168","164","131","113","101","133","141","127","135","145","183","216","185","182","206",
"충청북도","여자","7세","수급자수","","250","168","166","157","135","127","282","290","263","307","291","279","298","293","272","261",
"충청북도","여자","8세","수급자수","","286","263","173","167","152","10","332","291","301","295","333","333","349","325","322","292",
"충청북도","여자","9세","수급자수","","317","291","260","179","157","10","355","370","294","334","324","406","368","369","354","365",
"충청북도","여자","10 - 14세","수급자수","","2391","2221","1930","1629","1350","1149","2263","2175","1964","1900","1936","2165","2274","2260","2295","2325",
"충청북도","여자","10세","수급자수","","396","335","282","254","171","3","374","391","356","309","351","373","433","408","395","361",
"충청북도","여자","11세","수급자수","","401","402","340","273","245","141","383","394","389","384","340","414","431","454","440","417",
"충청북도","여자","12세","수급자수","","500","415","392","314","259","155","400","414","390","377","415","409","443","448","479","491",
"충청북도","여자","13세","수급자수","","553","511","414","377","314","162","537","437","414","409","428","478","459","477","488","528",
"충청북도","여자","14세","수급자수","","541","558","502","411","361","166","569","539","415","421","402","491","508","473","493","528",
"충청북도","여자","15 - 19세","수급자수","","2988","2917","2698","2339","2084","1934","3336","3091","2743","2584","2385","2429","2450","2408","2418","2472",
"충청북도","여자","15세","수급자수","","627","559","528","463","385","236","670","586","530","453","427","456","517","518","501","504",
"충청북도","여자","16세","수급자수","","653","629","538","513","448","268","754","717","592","549","475","492","495","524","543","540",
"충청북도","여자","17세","수급자수","","658","644","615","497","499","317","755","735","676","585","553","520","503","497","522","556",
"충청북도","여자","18세","수급자수","","630","605","561","489","432","363","752","667","630","625","546","579","545","505","485","517",
"충청북도","여자","19세","수급자수","","420","480","456","377","320","386","405","386","315","372","384","382","390","364","367","355",
"충청북도","여자","20 - 24세","수급자수","","1029","981","940","901","867","808","962","974","928","1061","1153","1378","1462","1405","1370","1435",
"충청북도","여자","20세","수급자수","","342","319","370","334","291","428","320","339","297","309","328","382","382","371","332","355",
"충청북도","여자","21세","수급자수","","266","256","221","263","252","432","242","252","259","292","277","330","363","331","326","318",
"충청북도","여자","22세","수급자수","","204","178","158","141","173","325","186","178","172","225","234","270","306","305","289","309",
"충청북도","여자","23세","수급자수","","125","124","112","102","84","262","132","113","114","137","178","219","210","229","237","241",
"충청북도","여자","24세","수급자수","","92","104","79","61","67","228","82","92","86","98","136","177","201","169","186","212",
"충청북도","여자","25 - 29세","수급자수","","430","420","365","323","278","299","332","283","266","347","403","543","626","664","664","703",
"충청북도","여자","25세","수급자수","","84","76","79","58","46","169","67","56","65","92","89","144","160","186","150","167",
"충청북도","여자","26세","수급자수","","75","74","62","72","54","89","57","54","43","69","81","113","128","129","151","136",
"충청북도","여자","27세","수급자수","","79","82","69","67","63","60","54","52","52","53","87","100","117","107","120","145",
"충청북도","여자","28세","수급자수","","96","85","70","54","64","54","69","59","47","68","61","100","105","122","106","137",
"충청북도","여자","29세","수급자수","","96","103","85","72","51","46","85","62","59","65","85","86","116","120","137","118",
"충청북도","여자","30 - 34세","수급자수","","656","615","561","497","452","441","533","471","424","502","567","682","732","756","850","926",
"충청북도","여자","30세","수급자수","","90","102","102","81","69","60","84","84","63","69","84","105","116","139","151","164",
"충청북도","여자","31세","수급자수","","94","97","104","100","82","72","78","76","87","88","96","117","140","140","160","170",
"충청북도","여자","32세","수급자수","","134","110","102","103","98","67","96","93","75","111","110","136","143","161","165","193",
"충청북도","여자","33세","수급자수","","156","147","104","107","105","54","116","99","100","106","136","156","144","157","185","186",
"충청북도","여자","34세","수급자수","","182","159","149","106","98","81","159","119","99","128","141","168","189","159","189","213",
"충청북도","여자","35 - 39세","수급자수","","1431","1332","1144","957","781","724","852","830","771","1003","1061","1252","1274","1269","1293","1303",
"충청북도","여자","35세","수급자수","","202","205","156","153","106","88","152","168","129","146","164","196","208","206","198","221",
"충청북도","여자","36세","수급자수","","282","205","201","150","154","109","136","155","173","185","160","237","224","241","229","231",
"충청북도","여자","37세","수급자수","","287","276","211","190","151","109","166","148","158","228","215","213","266","252","259","260",
"충청북도","여자","38세","수급자수","","337","296","277","197","184","95","211","158","161","220","255","283","246","293","272","288",
"충청북도","여자","39세","수급자수","","323","350","299","267","186","120","187","201","150","224","267","323","330","277","335","303",
"충청북도","여자","40 - 44세","수급자수","","2278","2144","1937","1694","1448","1247","1416","1251","1120","1237","1323","1632","1873","1935","1991","2094",
"충청북도","여자","40세","수급자수","","441","322","344","272","258","167","230","194","194","211","258","340","352","364","322","358",
"충청북도","여자","41세","수급자수","","523","438","302","333","258","151","231","224","196","241","237","332","393","381","395","345",
"충청북도","여자","42세","수급자수","","465","518","403","295","302","191","325","223","213","251","273","289","388","425","411","441",
"충청북도","여자","43세","수급자수","","429","440","466","375","276","179","302","314","214","266","258","350","336","403","449","461",
"충청북도","여자","44세","수급자수","","420","426","422","419","354","253","328","296","303","268","297","321","404","362","414","489",
"충청북도","여자","45 - 49세","수급자수","","2055","2002","1807","1644","1624","1620","1827","1686","1565","1727","1734","2005","2087","2111","2104","2228",
"충청북도","여자","45세","수급자수","","397","409","392","363","386","254","336","306","297","347","280","373","381","421","377","446",
"충청북도","여자","46세","수급자수","","385","374","381","350","349","284","375","304","283","351","369","338","405","395","450","407",
"충청북도","여자","47세","수급자수","","400","367","346","324","309","277","408","341","293","332","378","436","362","432","411","469",
"충청북도","여자","48세","수급자수","","475","381","334","312","294","332","375","387","331","329","352","426","469","380","455","419",
"충청북도","여자","49세","수급자수","","398","471","354","295","286","379","333","348","361","368","355","432","470","483","411","487",
"충청북도","여자","50 - 54세","수급자수","","1780","1815","1846","1722","1593","1466","1593","1513","1491","1766","1895","2153","2362","2399","2359","2359",
"충청북도","여자","50세","수급자수","","430","378","428","319","269","332","322","321","330","418","382","417","474","465","488","424",
"충청북도","여자","51세","수급자수","","359","416","357","394","305","301","285","316","311","359","450","431","438","458","475","508",
"충청북도","여자","52세","수급자수","","355","356","398","330","364","276","287","288","308","326","375","510","468","451","465","475",
"충청북도","여자","53세","수급자수","","316","346","332","371","304","262","329","268","280","341","328","413","532","471","451","483",
"충청북도","여자","54세","수급자수","","320","319","331","308","351","257","370","320","262","322","360","382","450","554","480","469",
"충청북도","여자","55 - 59세","수급자수","","1257","1341","1407","1386","1359","1460","1710","1777","1749","1884","1951","2134","2204","2227","2471","2563",
"충청북도","여자","55세","수급자수","","266","303","310","308","283","303","344","373","325","297","344","405","416","454","571","485",
"충청북도","여자","56세","수급자수","","274","268","300","291","295","345","382","348","371","359","320","381","450","430","483","589",
"충청북도","여자","57세","수급자수","","279","269","265","285","273","299","342","380","345","428","395","362","429","470","449","494",
"충청북도","여자","58세","수급자수","","212","280","260","256","263","342","343","339","371","384","455","447","405","456","493","470",
"충청북도","여자","59세","수급자수","","226","221","272","246","245","300","299","337","337","416","437","539","504","417","475","525",
"충청북도","여자","60 - 64세","수급자수","","1456","1422","1316","1205","1132","1186","1446","1512","1584","2015","2224","2600","2988","3063","3043","3039",
"충청북도","여자","60세","수급자수","","228","240","220","263","235","290","321","306","340","411","444","507","622","534","446","513",
"충청북도","여자","61세","수급자수","","284","231","230","203","258","271","275","325","313","427","444","516","580","653","562","463",
"충청북도","여자","62세","수급자수","","333","294","224","227","205","257","273","284","331","378","481","512","573","619","724","581",
"충청북도","여자","63세","수급자수","","301","346","297","221","217","247","314","282","305","401","414","569","580","617","645","777",
"충청북도","여자","64세","수급자수","","310","311","345","291","217","242","263","315","295","398","441","496","633","640","666","705",
"충청북도","여자","65 - 69세","수급자수","","2427","2349","2088","1884","1733","1621","1774","1679","1627","2081","2344","2722","3248","3533","3821","4061",
"충청북도","여자","65세","수급자수","","398","331","319","368","301","266","280","283","345","396","489","558","634","732","726","733",
"충청북도","여자","66세","수급자수","","459","429","329","333","367","215","313","299","297","486","462","571","668","706","792","761",
"충청북도","여자","67세","수급자수","","575","468","412","323","347","216","365","303","302","381","530","535","638","735","788","867",
"충청북도","여자","68세","수급자수","","524","591","455","408","326","254","426","365","316","406","411","588","628","675","798","839",
"충청북도","여자","69세","수급자수","","471","530","573","452","392","322","390","429","367","412","452","470","680","685","717","861",
"충청북도","여자","70 - 74세","수급자수","","2802","2695","2516","2463","2295","2195","2413","2240","2028","2474","2563","2800","3092","3194","3391","3652",
"충청북도","여자","70세","수급자수","","569","485","508","546","431","364","381","377","424","473","456","491","538","733","716","753",
"충청북도","여자","71세","수급자수","","580","555","460","493","540","352","447","367","376","539","508","509","556","564","776","752",
"충청북도","여자","72세","수급자수","","521","591","522","426","477","329","487","445","354","479","617","583","577","610","593","838",
"충청북도","여자","73세","수급자수","","557","512","549","486","393","394","603","472","434","442","512","676","657","601","652","617",
"충청북도","여자","74세","수급자수","","575","552","477","512","454","434","495","579","440","541","470","541","764","686","654","692",
"충청북도","여자","75 - 79세","수급자수","","2551","2540","2383","2246","2168","2122","2193","2154","2245","3074","3275","3445","3808","3694","3751","3844",
"충청북도","여자","75세","수급자수","","560","567","496","433","485","533","404","482","549","598","599","518","630","806","722","691",
"충청북도","여자","76세","수급자수","","559","541","512","451","412","458","474","399","457","755","636","632","592","676","845","785",
"충청북도","여자","77세","수급자수","","498","539","481","476","423","376","500","447","375","609","803","682","732","628","708","889",
"충청북도","여자","78세","수급자수","","449","474","484","443","450","434","408","457","424","516","666","889","804","754","687","751",
"충청북도","여자","79세","수급자수","","485","419","410","443","398","470","407","369","440","596","571","724","1050","830","789","728",
"충청북도","여자","80 - 84세","수급자수","","1751","1774","1690","1614","1581","1548","1717","1688","1667","2582","2968","3118","3972","4449","4652","4707",
"충청북도","여자","80세","수급자수","","436","452","363","363","400","391","432","376","352","565","642","628","884","1104","855","818",
"충청북도","여자","81세","수급자수","","417","402","386","327","325","412","385","395","364","519","616","697","747","941","1139","898",
"충청북도","여자","82세","수급자수","","326","369","348","340","292","415","367","352","360","519","554","631","816","765","971","1169",
"충청북도","여자","83세","수급자수","","290","296","327","301","295","380","273","328","306","536","568","607","770","853","819","980",
"충청북도","여자","84세","수급자수","","282","255","266","283","269","363","260","237","285","443","588","555","755","786","868","842",
"충청북도","여자","85 - 89세","수급자수","","879","895","895","872","847","851","933","953","906","1451","1760","2120","2795","3200","3518","3757",
"충청북도","여자","85세","수급자수","","214","249","226","234","234","284","247","224","209","425","482","599","664","761","825","871",
"충청북도","여자","86세","수급자수","","226","189","207","195","201","267","228","227","193","310","435","522","688","675","764","823",
"충청북도","여자","87세","수급자수","","189","198","167","171","176","254","187","204","198","241","322","413","592","690","674","759",
"충청북도","여자","88세","수급자수","","129","152","166","136","130","236","141","174","168","259","256","330","485","595","669","661",
"충청북도","여자","89세","수급자수","","121","107","129","136","106","201","130","124","138","216","265","256","366","479","586","643",
"충청북도","여자","90 - 94세","수급자수","","311","278","267","285","312","313","324","342","349","539","679","803","1047","1233","1468","1711",
"충청북도","여자","90세","수급자수","","96","78","77","92","117","165","91","108","106","179","212","258","286","368","433","552",
"충청북도","여자","91세","수급자수","","69","69","63","61","73","144","77","76","91","140","175","202","276","284","363","406",
"충청북도","여자","92세","수급자수","","57","55","57","51","52","105","80","53","60","93","135","156","210","253","269","324",
"충청북도","여자","93세","수급자수","","55","39","41","47","37","90","49","66","45","64","86","115","162","189","239","228",
"충청북도","여자","94세","수급자수","","34","37","29","34","33","96","27","39","47","63","71","72","113","139","164","201",
"충청북도","여자","95 - 99세","수급자수","","69","71","70","62","61","60","65","70","82","134","174","197","256","276","314","344",
"충청북도","여자","95세","수급자수","","27","22","30","20","24","60","22","22","29","45","62","64","77","93","109","132",
"충청북도","여자","96세","수급자수","","16","23","12","21","13","39","15","17","21","31","44","55","72","62","72","96",
"충청북도","여자","97세","수급자수","","13","13","14","9","14","28","11","14","11","27","31","36","51","56","54","51",
"충청북도","여자","98세","수급자수","","8","7","6","8","6","20","7","9","14","18","21","25","33","41","45","33",
"충청북도","여자","99세","수급자수","","5","6","8","4","4","17","10","8","7","13","16","17","23","24","34","32",
"충청북도","여자","100세 이상","수급자수","","14","20","11","12","14","12","14","15","13","22","19","24","36","38","50","62",
"충청남도","계","계","수급자수","","69941","67657","61713","53594","50284","48695","59366","57896","55602","60852","64162","70991","79773","83610","87637","92378",
"충청남도","계","0 - 4세","수급자수","","1515","1312","1157","891","792","771","886","812","750","825","933","977","971","903","926","921",
"충청남도","계","0세","수급자수","","177","145","153","98","84","87","126","87","82","86","108","82","91","91","101","90",
"충청남도","계","1세","수급자수","","271","207","185","153","135","143","150","162","117","147","148","159","166","138","138","170",
"충청남도","계","2세","수급자수","","304","285","217","178","172","152","186","165","171","177","188","185","200","185","167","170",
"충청남도","계","3세","수급자수","","342","323","290","206","186","196","194","201","171","209","238","242","237","223","243","200",
"충청남도","계","4세","수급자수","","421","352","312","256","215","193","230","197","209","206","251","309","277","266","277","291",
"충청남도","계","5 - 9세","수급자수","","3173","2808","2378","1904","1690","1547","2880","2929","2561","2494","2644","2919","3096","2928","2939","3024",
"충청남도","계","5세","수급자수","","437","446","352","293","255","226","242","266","206","234","280","335","372","314","327","348",
"충청남도","계","6세","수급자수","","511","457","433","328","305","270","284","264","283","279","310","363","404","429","370","436",
"충청남도","계","7세","수급자수","","606","539","456","386","319","315","707","681","581","615","615","635","685","629","682","616",
"충청남도","계","8세","수급자수","","707","627","528","425","383","24","803","817","679","648","705","740","781","730","734","799",
"충청남도","계","9세","수급자수","","912","739","609","472","428","12","844","901","812","718","734","846","854","826","826","825",
"충청남도","계","10 - 14세","수급자수","","6376","5874","5113","4027","3429","3002","5434","5302","4834","4647","4534","4908","5239","5212","5326","5534",
"충청남도","계","10세","수급자수","","1001","925","722","558","475","8","888","930","852","853","767","871","954","913","922","968",
"충청남도","계","11세","수급자수","","1187","1031","930","675","558","334","964","979","900","867","887","877","995","1037","999","1001",
"충청남도","계","12세","수급자수","","1292","1214","1001","832","678","402","1025","1031","927","926","920","1001","980","1054","1127","1102",
"충청남도","계","13세","수급자수","","1371","1324","1164","919","817","427","1162","1139","1057","962","963","1079","1119","1069","1130","1264",
"충청남도","계","14세","수급자수","","1525","1380","1296","1043","901","485","1395","1223","1098","1039","997","1080","1191","1139","1148","1199",
"충청남도","계","15 - 19세","수급자수","","7537","7418","6718","5766","5312","4838","8066","7563","6538","6038","5391","5463","5492","5586","5803","6084",
"충청남도","계","15세","수급자수","","1627","1540","1338","1175","1016","591","1615","1456","1229","1120","1026","1093","1146","1231","1208","1273",
"충청남도","계","16세","수급자수","","1632","1632","1473","1200","1134","698","1778","1718","1434","1274","1102","1164","1181","1194","1314","1301",
"충청남도","계","17세","수급자수","","1676","1610","1553","1305","1138","801","1925","1768","1611","1423","1217","1186","1194","1226","1244","1377",
"충청남도","계","18세","수급자수","","1545","1540","1367","1270","1172","898","1874","1771","1522","1471","1275","1253","1189","1184","1244","1279",
"충청남도","계","19세","수급자수","","1057","1096","987","816","852","1013","874","850","742","750","771","767","782","751","793","854",
"충청남도","계","20 - 24세","수급자수","","2223","2206","2025","1797","1791","1845","2050","2073","2033","2149","2198","2451","2584","2575","2605","2767",
"충청남도","계","20세","수급자수","","732","691","659","577","544","1105","641","630","609","603","562","673","663","643","596","638",
"충청남도","계","21세","수급자수","","478","519","455","444","432","1046","456","494","472","515","545","517","610","587","573","581",
"충청남도","계","22세","수급자수","","415","408","402","354","393","776","403","411","425","412","477","508","487","567","568","565",
"충청남도","계","23세","수급자수","","334","325","281","248","238","576","313","297","305","335","342","430","442","411","502","521",
"충청남도","계","24세","수급자수","","264","263","228","174","184","428","237","241","222","284","272","323","382","367","366","462",
"충청남도","계","25 - 29세","수급자수","","1086","976","822","653","604","613","636","640","609","682","796","960","1118","1184","1238","1358",
"충청남도","계","25세","수급자수","","203","224","199","149","135","367","163","191","178","183","227","252","293","310","308","322",
"충청남도","계","26세","수급자수","","211","168","168","130","123","286","127","130","137","152","144","221","227","254","268","276",
"충청남도","계","27세","수급자수","","204","180","131","132","108","188","114","97","111","116","153","159","246","206","223","283",
"충청남도","계","28세","수급자수","","216","187","147","118","121","139","112","112","86","130","124","172","170","229","202","254",
"충청남도","계","29세","수급자수","","252","217","177","124","117","118","120","110","97","101","148","156","182","185","237","223",
"충청남도","계","30 - 34세","수급자수","","1603","1460","1297","1066","976","919","918","817","729","820","917","1102","1228","1297","1404","1612",
"충청남도","계","30세","수급자수","","253","248","209","169","120","115","141","128","121","128","140","201","222","237","238","308",
"충청남도","계","31세","수급자수","","277","255","253","196","174","116","141","141","131","160","168","176","242","247","277","298",
"충청남도","계","32세","수급자수","","320","275","249","227","199","125","153","141","141","163","192","221","243","270","289","320",
"충청남도","계","33세","수급자수","","346","324","260","240","245","123","232","165","156","178","200","231","244","261","303","326",
"충청남도","계","34세","수급자수","","407","358","326","234","238","132","251","242","180","191","217","273","277","282","297","360",
"충청남도","계","35 - 39세","수급자수","","3215","2925","2496","2062","1722","1556","1658","1572","1479","1683","1824","1989","2099","2034","2026","2163",
"충청남도","계","35세","수급자수","","504","417","352","290","237","204","283","254","261","249","242","279","338","317","327","358",
"충청남도","계","36세","수급자수","","627","516","410","326","289","212","295","308","263","329","333","308","330","374","360","410",
"충청남도","계","37세","수급자수","","586","649","503","398","320","248","318","316","318","334","396","400","377","376","409","415",
"충청남도","계","38세","수급자수","","718","593","636","461","408","252","358","314","332","378","399","510","494","434","435","484",
"충청남도","계","39세","수급자수","","780","750","595","587","468","253","404","380","305","393","454","492","560","533","495","496",
"충청남도","계","40 - 44세","수급자수","","4907","4694","4207","3516","3142","2853","3002","2653","2449","2438","2494","2868","3206","3333","3538","3652",
"충청남도","계","40세","수급자수","","910","784","716","540","561","302","462","404","378","379","460","533","607","620","604","557",
"충청남도","계","41세","수급자수","","1041","927","754","665","530","349","555","443","411","441","424","571","626","657","705","689",
"충청남도","계","42세","수급자수","","964","1056","868","668","648","400","654","551","450","462","497","515","656","700","730","780",
"충청남도","계","43세","수급자수","","970","976","968","780","631","465","613","658","558","518","529","611","619","706","750","795",
"충청남도","계","44세","수급자수","","1022","951","901","863","772","568","718","597","652","638","584","638","698","650","749","831",
"충청남도","계","45 - 49세","수급자수","","5670","5376","4725","4038","3917","3794","3962","3856","3668","3770","3804","4168","4267","4312","4240","4313",
"충청남도","계","45세","수급자수","","1062","993","871","804","830","529","697","714","612","718","694","708","730","759","702","836",
"충청남도","계","46세","수급자수","","975","1063","930","766","763","650","785","692","732","681","755","809","780","791","807","765",
"충청남도","계","47세","수급자수","","1129","963","998","824","726","641","897","775","685","793","705","876","897","826","844","877",
"충청남도","계","48세","수급자수","","1268","1110","897","854","775","730","800","889","782","740","841","817","962","934","887","889",
"충청남도","계","49세","수급자수","","1236","1247","1029","790","823","816","783","786","857","838","809","958","898","1002","1000","946",
"충청남도","계","50 - 54세","수급자수","","4943","5087","5076","4567","4382","4291","4416","4096","4031","4442","4538","5051","5480","5516","5469","5587",
"충청남도","계","50세","수급자수","","1096","1203","1142","910","748","740","864","771","794","928","872","926","1052","950","1038","1048",
"충청남도","계","51세","수급자수","","1022","1068","1118","1001","879","730","850","834","800","852","993","1005","1003","1096","1002","1085",
"충청남도","계","52세","수급자수","","978","1003","1019","960","950","778","770","844","838","854","890","1111","1117","1055","1130","1092",
"충청남도","계","53세","수급자수","","912","950","903","895","927","813","927","733","872","882","885","1010","1199","1174","1106","1193",
"충청남도","계","54세","수급자수","","935","863","894","801","878","742","1005","914","727","926","898","999","1109","1241","1193","1169",
"충청남도","계","55 - 59세","수급자수","","3654","3764","3745","3517","3632","3880","4441","4676","4757","5047","5173","5557","5781","5871","6265","6475",
"충청남도","계","55세","수급자수","","889","918","825","776","755","866","986","1006","923","793","977","1030","1075","1172","1297","1267",
"충청남도","계","56세","수급자수","","643","851","853","730","748","936","954","994","1003","995","840","1100","1126","1125","1199","1399",
"충청남도","계","57세","수급자수","","752","641","795","772","697","934","846","952","996","1121","1050","966","1208","1175","1180","1241",
"충청남도","계","58세","수급자수","","636","741","590","720","745","878","854","856","970","1073","1151","1171","1075","1270","1254","1253",
"충청남도","계","59세","수급자수","","734","613","682","519","687","780","801","868","865","1065","1155","1290","1297","1129","1335","1315",
"충청남도","계","60 - 64세","수급자수","","3436","3549","3272","2864","2728","2952","3490","3781","4079","4838","5428","6249","7042","7452","7563","7788",
"충청남도","계","60세","수급자수","","651","712","560","614","510","755","866","830","887","977","1150","1332","1467","1370","1197","1420",
"충청남도","계","61세","수급자수","","679","661","677","510","612","707","796","865","849","981","1055","1292","1465","1539","1436","1282",
"충청남도","계","62세","수급자수","","835","682","602","613","496","760","578","808","909","941","1066","1198","1416","1569","1616","1546",
"충청남도","계","63세","수급자수","","637","823","647","539","599","705","681","589","813","1023","1053","1202","1350","1504","1677","1732",
"충청남도","계","64세","수급자수","","634","671","786","588","511","525","569","689","621","916","1104","1225","1344","1470","1637","1808",
"충청남도","계","65 - 69세","수급자수","","4953","4732","4195","3623","3372","3285","3851","3813","3770","4339","4941","5873","7150","7925","8814","9585",
"충청남도","계","65세","수급자수","","805","690","659","770","623","608","746","612","778","787","1087","1388","1468","1619","1672","1871",
"충청남도","계","66세","수급자수","","892","820","686","619","769","493","707","788","664","977","887","1285","1605","1630","1822","1845",
"충청남도","계","67세","수급자수","","1183","951","782","626","627","621","781","715","801","799","1068","1023","1470","1756","1766","1945",
"충청남도","계","68세","수급자수","","1056","1206","913","755","618","574","930","790","736","917","873","1205","1225","1591","1869","1900",
"충청남도","계","69세","수급자수","","1017","1065","1155","853","735","656","687","908","791","859","1026","972","1382","1329","1685","2024",
"충청남도","계","70 - 74세","수급자수","","5536","5328","4913","4541","4280","4139","4456","4123","3874","4437","4860","5482","6260","6689","7153","7824",
"충청남도","계","70세","수급자수","","1061","1008","1016","1046","821","798","689","692","914","948","973","1127","1115","1475","1438","1769",
"충청남도","계","71세","수급자수","","1115","1039","918","915","1015","630","822","687","687","1054","1046","1056","1264","1206","1604","1516",
"충청남도","계","72세","수급자수","","1087","1134","967","811","879","627","906","793","676","789","1133","1147","1216","1324","1258","1689",
"충청남도","계","73세","수급자수","","1115","1079","1041","868","767","734","1115","862","772","774","869","1209","1278","1329","1432","1343",
"충청남도","계","74세","수급자수","","1158","1068","971","901","798","815","924","1089","825","872","839","943","1387","1355","1421","1507",
"충청남도","계","75 - 79세","수급자수","","4722","4806","4560","4050","3861","3724","4011","3987","4135","4931","5265","5577","6162","6317","6682","7097",
"충청남도","계","75세","수급자수","","1084","1112","952","843","837","994","796","890","1056","946","940","892","1073","1479","1429","1494",
"충청남도","계","76세","수급자수","","996","1038","997","823","771","859","835","752","858","1251","1008","1012","1035","1155","1552","1515",
"충청남도","계","77세","수급자수","","1015","942","934","878","747","737","865","801","691","1003","1339","1062","1167","1093","1237","1616",
"충청남도","계","78세","수급자수","","811","954","831","778","797","780","780","810","749","833","1097","1433","1240","1260","1133","1280",
"충청남도","계","79세","수급자수","","816","760","846","728","709","799","735","734","781","898","881","1178","1647","1330","1331","1192",
"충청남도","계","80 - 84세","수급자수","","3141","3136","2932","2749","2641","2668","3039","3049","3031","4060","4587","4786","6126","7015","7276","7344",
"충청남도","계","80세","수급자수","","751","737","670","710","650","713","780","671","687","904","995","928","1379","1753","1385","1378",
"충청남도","계","81세","수급자수","","771","685","632","567","621","691","674","721","627","866","956","1040","1098","1435","1802","1417",
"충청남도","계","82세","수급자수","","632","685","598","503","493","741","594","616","671","765","933","983","1296","1159","1495","1846",
"충청남도","계","83세","수급자수","","519","577","564","500","445","666","573","532","569","848","797","984","1200","1385","1189","1492",
"충청남도","계","84세","수급자수","","468","452","468","469","432","592","418","509","477","677","906","851","1153","1283","1405","1211",
"충청남도","계","85 - 89세","수급자수","","1615","1586","1487","1377","1383","1397","1513","1486","1574","2219","2630","3175","4429","4969","5450","5874",
"충청남도","계","85세","수급자수","","375","393","383","384","394","562","401","364","461","571","701","920","1040","1178","1319","1424",
"충청남도","계","86세","수급자수","","430","310","331","314","338","445","350","357","316","561","577","706","1079","1079","1164","1305",
"충청남도","계","87세","수급자수","","342","377","252","275","268","403","303","295","333","415","570","598","909","1088","1020","1127",
"충청남도","계","88세","수급자수","","257","295","301","191","225","370","256","257","246","376","405","562","726","901","1057","992",
"충청남도","계","89세","수급자수","","211","211","220","213","158","331","203","213","218","296","377","389","675","723","890","1026",
"충청남도","계","90 - 94세","수급자수","","501","498","471","479","518","498","534","541","553","765","931","1126","1637","2009","2325","2680",
"충청남도","계","90세","수급자수","","154","166","163","163","169","282","157","161","175","258","279","352","466","664","686","835",
"충청남도","계","91세","수급자수","","101","109","124","119","140","222","105","126","130","190","248","283","410","444","643","637",
"충청남도","계","92세","수급자수","","100","82","76","90","90","192","126","87","99","142","174","224","326","377","407","565",
"충청남도","계","93세","수급자수","","82","74","59","65","69","118","89","99","66","101","136","147","264","302","325","359",
"충청남도","계","94세","수급자수","","64","67","49","42","50","148","57","68","83","74","94","120","171","222","264","284",
"충청남도","계","95 - 99세","수급자수","","112","102","107","92","96","107","106","115","130","202","236","266","361","419","504","610",
"충청남도","계","95세","수급자수","","37","34","44","36","32","115","41","40","51","85","67","85","123","151","213","230",
"충청남도","계","96세","수급자수","","25","26","23","23","28","68","28","36","35","43","78","54","83","106","126","184",
"충청남도","계","97세","수급자수","","25","11","19","16","18","49","18","18","19","37","48","66","57","65","79","107",
"충청남도","계","98세","수급자수","","16","20","7","13","10","37","14","11","15","22","28","42","60","47","56","50",
"충청남도","계","99세","수급자수","","9","11","14","4","8","26","5","10","10","15","15","19","38","50","30","39",
"충청남도","계","100세 이상","수급자수","","23","20","17","15","16","16","17","12","18","26","38","44","45","64","91","86",
"충청남도","남자","계","수급자수","","30263","29290","26763","23295","22014","21528","26871","26456","25623","27561","28797","31870","35040","36436","38022","40126",
"충청남도","남자","0 - 4세","수급자수","","789","671","571","443","412","407","468","428","388","425","464","472","484","446","457","462",
"충청남도","남자","0세","수급자수","","90","70","68","55","45","58","68","42","35","42","58","33","51","46","50","49",
"충청남도","남자","1세","수급자수","","144","105","89","78","74","74","90","83","55","68","69","83","77","73","65","88",
"충청남도","남자","2세","수급자수","","164","145","107","83","89","77","93","101","89","92","86","86","101","90","88","85",
"충청남도","남자","3세","수급자수","","180","170","144","105","90","105","100","100","99","115","124","113","120","105","119","102",
"충청남도","남자","4세","수급자수","","211","181","163","122","114","93","117","102","110","108","127","157","135","132","135","138",
"충청남도","남자","5 - 9세","수급자수","","1656","1434","1219","969","870","798","1477","1507","1322","1276","1348","1477","1570","1518","1511","1561",
"충청남도","남자","5세","수급자수","","237","229","181","154","116","119","121","137","109","118","154","172","191","146","167","175",
"충청남도","남자","6세","수급자수","","261","247","224","165","166","125","156","138","147","145","158","195","208","226","179","216",
"충청남도","남자","7세","수급자수","","314","273","247","210","163","173","350","364","303","300","309","322","358","333","354","306",
"충청남도","남자","8세","수급자수","","350","327","261","222","203","6","417","406","358","338","348","363","406","373","386","423",
"충청남도","남자","9세","수급자수","","494","358","306","218","222","3","433","462","405","375","379","425","407","440","425","441",
"충청남도","남자","10 - 14세","수급자수","","3220","3018","2613","2067","1740","1536","2769","2748","2465","2378","2340","2554","2694","2626","2691","2834",
"충청남도","남자","10세","수급자수","","504","502","358","277","233","1","448","475","440","420","384","459","487","450","484","499",
"충청남도","남자","11세","수급자수","","587","519","507","329","283","172","500","510","455","457","448","438","517","521","492","505",
"충청남도","남자","12세","수급자수","","657","596","504","459","331","209","518","538","474","468","501","516","480","550","567","541",
"충청남도","남자","13세","수급자수","","721","672","581","468","443","225","612","564","547","493","493","579","573","520","596","650",
"충청남도","남자","14세","수급자수","","751","729","663","534","450","242","691","661","549","540","514","562","637","585","552","639",
"충청남도","남자","15 - 19세","수급자수","","3793","3746","3410","2949","2709","2443","4100","3851","3366","3092","2733","2775","2761","2850","2966","3074",
"충청남도","남자","15세","수급자수","","842","776","716","604","516","290","877","735","667","536","527","565","598","655","618","619",
"충청남도","남자","16세","수급자수","","825","850","751","633","585","334","913","936","716","675","530","604","600","629","691","654",
"충청남도","남자","17세","수급자수","","838","816","814","667","593","445","941","889","876","711","656","582","611","626","650","731",
"충청남도","남자","18세","수급자수","","786","762","686","661","587","461","928","883","766","796","622","677","575","597","637","665",
"충청남도","남자","19세","수급자수","","502","542","443","384","428","513","441","408","341","374","398","347","377","343","370","405",
"충청남도","남자","20 - 24세","수급자수","","1006","994","910","803","791","811","930","949","947","986","1001","1078","1130","1148","1149","1179",
"충청남도","남자","20세","수급자수","","292","258","244","202","198","564","253","278","252","252","243","285","249","261","215","227",
"충청남도","남자","21세","수급자수","","201","209","182","193","146","549","183","187","220","205","225","209","260","220","225","214",
"충청남도","남자","22세","수급자수","","201","205","194","165","214","356","185","199","184","211","210","215","221","273","246","259",
"충청남도","남자","23세","수급자수","","166","184","156","142","128","231","160","152","174","157","195","195","211","208","269","228",
"충청남도","남자","24세","수급자수","","146","138","134","101","105","158","149","133","117","161","128","174","189","186","194","251",
"충청남도","남자","25 - 29세","수급자수","","512","473","398","329","294","315","302","310","295","320","387","446","538","559","567","634",
"충청남도","남자","25세","수급자수","","108","120","104","89","82","157","70","106","95","92","127","115","156","153","156","168",
"충청남도","남자","26세","수급자수","","114","84","84","62","69","169","66","49","68","82","73","107","111","135","124","136",
"충청남도","남자","27세","수급자수","","93","94","56","63","51","96","67","46","43","58","73","76","117","91","109","121",
"충청남도","남자","28세","수급자수","","98","79","78","49","51","79","49","63","35","49","57","79","78","101","81","120",
"충청남도","남자","29세","수급자수","","99","96","76","66","41","72","50","46","54","39","57","69","76","79","97","89",
"충청남도","남자","30 - 34세","수급자수","","653","586","516","431","395","378","391","338","294","334","367","450","535","577","576","660",
"충청남도","남자","30세","수급자수","","99","88","94","66","62","58","64","46","53","69","55","89","97","109","103","130",
"충청남도","남자","31세","수급자수","","114","101","90","87","66","53","57","60","45","68","86","70","103","113","121","126",
"충청남도","남자","32세","수급자수","","133","115","93","84","85","53","68","59","62","56","78","110","105","109","121","130",
"충청남도","남자","33세","수급자수","","146","135","110","91","89","46","95","72","57","70","71","89","126","111","116","142",
"충청남도","남자","34세","수급자수","","161","147","129","103","93","68","107","101","77","71","77","92","104","135","115","132",
"충청남도","남자","35 - 39세","수급자수","","1257","1158","977","807","697","636","663","640","599","672","679","738","762","712","748","803",
"충청남도","남자","35세","수급자수","","204","166","146","120","108","82","106","102","106","103","88","96","116","110","153","139",
"충청남도","남자","36세","수급자수","","235","208","160","138","121","92","114","113","111","135","125","111","114","124","126","183",
"충청남도","남자","37세","수급자수","","230","249","202","147","129","90","128","122","123","140","149","153","136","127","140","146",
"충청남도","남자","38세","수급자수","","301","225","238","179","152","100","159","132","129","137","155","189","186","161","152","164",
"충청남도","남자","39세","수급자수","","287","310","231","223","187","113","156","171","130","157","162","189","210","190","177","171",
"충청남도","남자","40 - 44세","수급자수","","2245","2060","1844","1533","1349","1201","1264","1109","1068","1049","1039","1160","1288","1298","1316","1348",
"충청남도","남자","40세","수급자수","","408","301","303","220","211","130","179","162","170","153","185","197","233","244","219","199",
"충청남도","남자","41세","수급자수","","464","412","300","281","226","140","238","178","176","191","174","230","235","247","265","254",
"충청남도","남자","42세","수급자수","","426","467","399","272","272","153","259","237","190","196","217","216","253","266","272","291",
"충청남도","남자","43세","수급자수","","453","441","429","372","252","191","259","271","256","219","211","262","264","266","279","295",
"충청남도","남자","44세","수급자수","","494","439","413","388","388","218","329","261","276","290","252","255","303","275","281","309",
"충청남도","남자","45 - 49세","수급자수","","3103","2876","2478","2085","1982","1935","1996","1921","1829","1856","1840","1964","1960","1977","1902","1824",
"충청남도","남자","45세","수급자수","","530","496","416","390","386","227","315","343","280","326","329","306","311","325","291","316",
"충청남도","남자","46세","수급자수","","508","533","485","367","380","284","408","322","361","322","354","379","332","354","345","322",
"충청남도","남자","47세","수급자수","","615","511","516","436","363","281","444","409","314","394","337","398","429","361","383","368",
"충청남도","남자","48세","수급자수","","726","612","484","449","417","367","408","443","430","351","427","391","446","460","384","400",
"충청남도","남자","49세","수급자수","","724","724","577","443","436","390","421","404","444","463","393","490","442","477","499","418",
"충청남도","남자","50 - 54세","수급자수","","2875","2926","2921","2649","2568","2483","2541","2349","2252","2480","2558","2810","2974","2943","2883","2871",
"충청남도","남자","50세","수급자수","","647","702","667","523","424","373","472","421","405","502","493","478","534","472","501","506",
"충청남도","남자","51세","수급자수","","603","629","647","582","514","382","461","459","450","457","534","563","530","563","509","527",
"충청남도","남자","52세","수급자수","","542","577","600","556","565","423","445","482","469","491","502","607","623","574","592","570",
"충청남도","남자","53세","수급자수","","535","531","525","523","537","433","562","429","502","498","516","571","648","650","594","633",
"충청남도","남자","54세","수급자수","","548","487","482","465","528","429","601","558","426","532","513","591","639","684","687","635",
"충청남도","남자","55 - 59세","수급자수","","1946","2079","2102","1959","2080","2247","2544","2701","2810","2982","3065","3279","3440","3432","3587","3710",
"충청남도","남자","55세","수급자수","","511","548","469","414","448","522","577","599","572","466","563","584","634","663","726","743",
"충청남도","남자","56세","수급자수","","347","482","510","417","407","563","559","594","597","616","507","644","655","667","684","772",
"충청남도","남자","57세","수급자수","","397","332","452","455","401","536","485","552","593","664","650","575","712","679","686","702",
"충청남도","남자","58세","수급자수","","342","394","303","408","430","532","463","495","557","632","671","719","653","736","718","733",
"충청남도","남자","59세","수급자수","","349","323","368","265","394","458","460","461","491","604","674","757","786","687","773","760",
"충청남도","남자","60 - 64세","수급자수","","1496","1548","1482","1390","1373","1520","1850","2043","2220","2651","2970","3436","3902","4180","4277","4449",
"충청남도","남자","60세","수급자수","","342","331","293","326","257","415","492","470","479","553","649","766","859","823","722","818",
"충청남도","남자","61세","수급자수","","291","343","311","269","326","409","448","484","483","524","585","722","835","877","847","769",
"충청남도","남자","62세","수급자수","","352","286","308","274","260","433","273","458","506","508","559","654","784","890","910","909",
"충청남도","남자","63세","수급자수","","262","324","256","278","270","413","344","284","459","567","581","625","726","811","926","958",
"충청남도","남자","64세","수급자수","","249","264","314","243","260","257","293","347","293","499","596","669","698","779","872","995",
"충청남도","남자","65 - 69세","수급자수","","1700","1670","1510","1341","1291","1362","1643","1687","1785","2056","2412","2963","3582","3995","4472","4964",
"충청남도","남자","65세","수급자수","","295","274","247","306","255","313","354","317","384","377","585","739","780","841","874","1017",
"충청남도","남자","66세","수급자수","","301","296","271","235","297","256","352","366","345","466","427","693","823","830","944","969",
"충청남도","남자","67세","수급자수","","400","330","272","246","237","281","315","349","374","397","505","491","757","881","901","1010",
"충청남도","남자","68세","수급자수","","367","413","325","260","248","290","357","317","355","420","435","558","594","806","929","960",
"충청남도","남자","69세","수급자수","","337","357","395","294","254","272","265","338","327","396","460","482","628","637","824","1008",
"충청남도","남자","70 - 74세","수급자수","","1760","1708","1599","1507","1442","1425","1584","1493","1434","1699","1910","2217","2634","2906","3230","3558",
"충청남도","남자","70세","수급자수","","342","324","349","351","283","302","280","271","343","390","438","505","536","670","699","849",
"충청남도","남자","71세","수급자수","","376","324","300","316","334","245","280","273","262","397","422","461","556","571","736","718",
"충청남도","남자","72세","수급자수","","348","383","295","268","309","253","316","274","265","304","426","469","519","574","575","747",
"충청남도","남자","73세","수급자수","","348","337","343","271","267","253","382","296","272","294","318","444","509","559","619","610",
"충청남도","남자","74세","수급자수","","346","340","312","301","249","288","326","379","292","314","306","338","514","532","601","634",
"충청남도","남자","75 - 79세","수급자수","","1226","1327","1261","1146","1141","1107","1244","1261","1361","1600","1731","1861","1954","2031","2222","2505",
"충청남도","남자","75세","수급자수","","323","327","285","261","268","331","269","316","373","324","331","321","357","530","552","617",
"충청남도","남자","76세","수급자수","","274","305","278","239","232","299","259","245","307","422","321","359","346","372","517","567",
"충청남도","남자","77세","수급자수","","266","261","272","246","213","254","266","239","225","345","454","325","368","366","400","534",
"충청남도","남자","78세","수급자수","","199","244","216","229","221","245","234","240","224","252","360","477","357","370","366","411",
"충청남도","남자","79세","수급자수","","164","190","210","171","207","248","216","221","232","257","265","379","526","393","387","376",
"충청남도","남자","80 - 84세","수급자수","","659","653","612","570","567","602","770","783","808","1113","1239","1293","1595","1870","1927","1988",
"충청남도","남자","80세","수급자수","","166","132","174","163","152","209","220","184","192","274","271","279","408","530","405","385",
"충청남도","남자","81세","수급자수","","167","153","113","143","137","205","184","202","179","237","276","276","303","403","508","413",
"충청남도","남자","82세","수급자수","","129","142","123","81","122","200","139","163","178","209","250","272","323","295","413","503",
"충청남도","남자","83세","수급자수","","117","120","104","98","68","184","130","118","150","220","214","253","301","337","287","398",
"충청남도","남자","84세","수급자수","","80","106","98","85","88","136","97","116","109","173","228","213","260","305","314","289",
"충청남도","남자","85 - 89세","수급자수","","280","271","271","247","230","239","250","249","285","439","556","711","955","1056","1160","1218",
"충청남도","남자","85세","수급자수","","74","67","89","72","69","119","57","79","102","136","177","232","239","258","292","298",
"충청남도","남자","86세","수급자수","","77","60","56","65","53","110","69","44","66","119","137","174","260","230","258","283",
"충청남도","남자","87세","수급자수","","52","67","43","42","50","53","47","51","43","87","112","133","198","244","208","239",
"충청남도","남자","88세","수급자수","","36","52","49","34","30","76","38","43","39","58","77","98","153","191","221","192",
"충청남도","남자","89세","수급자수","","41","25","34","34","28","54","39","32","35","39","53","74","105","133","181","206",
"충청남도","남자","90 - 94세","수급자수","","73","80","56","58","65","64","72","78","79","126","121","153","234","257","328","413",
"충청남도","남자","90세","수급자수","","22","28","14","22","25","43","15","30","27","42","33","51","82","80","119","162",
"충청남도","남자","91세","수급자수","","13","17","17","10","20","40","17","11","25","33","35","37","54","71","79","97",
"충청남도","남자","92세","수급자수","","18","8","11","11","8","26","21","15","8","28","23","29","45","45","61","70",
"충청남도","남자","93세","수급자수","","14","13","8","10","7","17","13","12","10","10","24","19","32","38","38","54",
"충청남도","남자","94세","수급자수","","6","14","6","5","5","20","6","10","9","13","6","17","21","23","31","30",
"충청남도","남자","95 - 99세","수급자수","","13","9","13","11","16","18","13","11","13","21","31","28","44","51","46","65",
"충청남도","남자","95세","수급자수","","2","2","9","6","5","15","3","3","8","7","12","3","17","16","19","29",
"충청남도","남자","96세","수급자수","","3","2","1","3","7","7","2","3","2","6","8","9","7","14","13","17",
"충청남도","남자","97세","수급자수","","2","1","1","1","3","5","3","1","1","5","7","9","8","9","7","10",
"충청남도","남자","98세","수급자수","","3","2","1","0","1","5","4","1","1","2","3","6","8","5","5","6",
"충청남도","남자","99세","수급자수","","3","2","1","1","0","3","1","3","1","1","1","1","4","7","2","3",
"충청남도","남자","100세 이상","수급자수","","1","3","0","1","2","1","0","0","3","6","6","5","4","4","7","6",
"충청남도","여자","계","수급자수","","39678","38367","34950","30299","28270","27167","32495","31440","29979","33291","35365","39121","44733","47174","49615","52252",
"충청남도","여자","0 - 4세","수급자수","","726","641","586","448","380","364","418","384","362","400","469","505","487","457","469","459",
"충청남도","여자","0세","수급자수","","87","75","85","43","39","29","58","45","47","44","50","49","40","45","51","41",
"충청남도","여자","1세","수급자수","","127","102","96","75","61","69","60","79","62","79","79","76","89","65","73","82",
"충청남도","여자","2세","수급자수","","140","140","110","95","83","75","93","64","82","85","102","99","99","95","79","85",
"충청남도","여자","3세","수급자수","","162","153","146","101","96","91","94","101","72","94","114","129","117","118","124","98",
"충청남도","여자","4세","수급자수","","210","171","149","134","101","100","113","95","99","98","124","152","142","134","142","153",
"충청남도","여자","5 - 9세","수급자수","","1517","1374","1159","935","820","749","1403","1422","1239","1218","1296","1442","1526","1410","1428","1463",
"충청남도","여자","5세","수급자수","","200","217","171","139","139","107","121","129","97","116","126","163","181","168","160","173",
"충청남도","여자","6세","수급자수","","250","210","209","163","139","145","128","126","136","134","152","168","196","203","191","220",
"충청남도","여자","7세","수급자수","","292","266","209","176","156","142","357","317","278","315","306","313","327","296","328","310",
"충청남도","여자","8세","수급자수","","357","300","267","203","180","18","386","411","321","310","357","377","375","357","348","376",
"충청남도","여자","9세","수급자수","","418","381","303","254","206","9","411","439","407","343","355","421","447","386","401","384",
"충청남도","여자","10 - 14세","수급자수","","3156","2856","2500","1960","1689","1466","2665","2554","2369","2269","2194","2354","2545","2586","2635","2700",
"충청남도","여자","10세","수급자수","","497","423","364","281","242","7","440","455","412","433","383","412","467","463","438","469",
"충청남도","여자","11세","수급자수","","600","512","423","346","275","162","464","469","445","410","439","439","478","516","507","496",
"충청남도","여자","12세","수급자수","","635","618","497","373","347","193","507","493","453","458","419","485","500","504","560","561",
"충청남도","여자","13세","수급자수","","650","652","583","451","374","202","550","575","510","469","470","500","546","549","534","614",
"충청남도","여자","14세","수급자수","","774","651","633","509","451","243","704","562","549","499","483","518","554","554","596","560",
"충청남도","여자","15 - 19세","수급자수","","3744","3672","3308","2817","2603","2395","3966","3712","3172","2946","2658","2688","2731","2736","2837","3010",
"충청남도","여자","15세","수급자수","","785","764","622","571","500","301","738","721","562","584","499","528","548","576","590","654",
"충청남도","여자","16세","수급자수","","807","782","722","567","549","364","865","782","718","599","572","560","581","565","623","647",
"충청남도","여자","17세","수급자수","","838","794","739","638","545","356","984","879","735","712","561","604","583","600","594","646",
"충청남도","여자","18세","수급자수","","759","778","681","609","585","437","946","888","756","675","653","576","614","587","607","614",
"충청남도","여자","19세","수급자수","","555","554","544","432","424","500","433","442","401","376","373","420","405","408","423","449",
"충청남도","여자","20 - 24세","수급자수","","1217","1212","1115","994","1000","1034","1120","1124","1086","1163","1197","1373","1454","1427","1456","1588",
"충청남도","여자","20세","수급자수","","440","433","415","375","346","541","388","352","357","351","319","388","414","382","381","411",
"충청남도","여자","21세","수급자수","","277","310","273","251","286","497","273","307","252","310","320","308","350","367","348","367",
"충청남도","여자","22세","수급자수","","214","203","208","189","179","420","218","212","241","201","267","293","266","294","322","306",
"충청남도","여자","23세","수급자수","","168","141","125","106","110","345","153","145","131","178","147","235","231","203","233","293",
"충청남도","여자","24세","수급자수","","118","125","94","73","79","270","88","108","105","123","144","149","193","181","172","211",
"충청남도","여자","25 - 29세","수급자수","","574","503","424","324","310","298","334","330","314","362","409","514","580","625","671","724",
"충청남도","여자","25세","수급자수","","95","104","95","60","53","210","93","85","83","91","100","137","137","157","152","154",
"충청남도","여자","26세","수급자수","","97","84","84","68","54","117","61","81","69","70","71","114","116","119","144","140",
"충청남도","여자","27세","수급자수","","111","86","75","69","57","92","47","51","68","58","80","83","129","115","114","162",
"충청남도","여자","28세","수급자수","","118","108","69","69","70","60","63","49","51","81","67","93","92","128","121","134",
"충청남도","여자","29세","수급자수","","153","121","101","58","76","46","70","64","43","62","91","87","106","106","140","134",
"충청남도","여자","30 - 34세","수급자수","","950","874","781","635","581","541","527","479","435","486","550","652","693","720","828","952",
"충청남도","여자","30세","수급자수","","154","160","115","103","58","57","77","82","68","59","85","112","125","128","135","178",
"충청남도","여자","31세","수급자수","","163","154","163","109","108","63","84","81","86","92","82","106","139","134","156","172",
"충청남도","여자","32세","수급자수","","187","160","156","143","114","72","85","82","79","107","114","111","138","161","168","190",
"충청남도","여자","33세","수급자수","","200","189","150","149","156","77","137","93","99","108","129","142","118","150","187","184",
"충청남도","여자","34세","수급자수","","246","211","197","131","145","64","144","141","103","120","140","181","173","147","182","228",
"충청남도","여자","35 - 39세","수급자수","","1958","1767","1519","1255","1025","920","995","932","880","1011","1145","1251","1337","1322","1278","1360",
"충청남도","여자","35세","수급자수","","300","251","206","170","129","122","177","152","155","146","154","183","222","207","174","219",
"충청남도","여자","36세","수급자수","","392","308","250","188","168","120","181","195","152","194","208","197","216","250","234","227",
"충청남도","여자","37세","수급자수","","356","400","301","251","191","158","190","194","195","194","247","247","241","249","269","269",
"충청남도","여자","38세","수급자수","","417","368","398","282","256","152","199","182","203","241","244","321","308","273","283","320",
"충청남도","여자","39세","수급자수","","493","440","364","364","281","140","248","209","175","236","292","303","350","343","318","325",
"충청남도","여자","40 - 44세","수급자수","","2662","2634","2363","1983","1793","1652","1738","1544","1381","1389","1455","1708","1918","2035","2222","2304",
"충청남도","여자","40세","수급자수","","502","483","413","320","350","172","283","242","208","226","275","336","374","376","385","358",
"충청남도","여자","41세","수급자수","","577","515","454","384","304","209","317","265","235","250","250","341","391","410","440","435",
"충청남도","여자","42세","수급자수","","538","589","469","396","376","247","395","314","260","266","280","299","403","434","458","489",
"충청남도","여자","43세","수급자수","","517","535","539","408","379","274","354","387","302","299","318","349","355","440","471","500",
"충청남도","여자","44세","수급자수","","528","512","488","475","384","350","389","336","376","348","332","383","395","375","468","522",
"충청남도","여자","45 - 49세","수급자수","","2567","2500","2247","1953","1935","1859","1966","1935","1839","1914","1964","2204","2307","2335","2338","2489",
"충청남도","여자","45세","수급자수","","532","497","455","414","444","302","382","371","332","392","365","402","419","434","411","520",
"충청남도","여자","46세","수급자수","","467","530","445","399","383","366","377","370","371","359","401","430","448","437","462","443",
"충청남도","여자","47세","수급자수","","514","452","482","388","363","360","453","366","371","399","368","478","468","465","461","509",
"충청남도","여자","48세","수급자수","","542","498","413","405","358","363","392","446","352","389","414","426","516","474","503","489",
"충청남도","여자","49세","수급자수","","512","523","452","347","387","426","362","382","413","375","416","468","456","525","501","528",
"충청남도","여자","50 - 54세","수급자수","","2068","2161","2155","1918","1814","1808","1875","1747","1779","1962","1980","2241","2506","2573","2586","2716",
"충청남도","여자","50세","수급자수","","449","501","475","387","324","367","392","350","389","426","379","448","518","478","537","542",
"충청남도","여자","51세","수급자수","","419","439","471","419","365","348","389","375","350","395","459","442","473","533","493","558",
"충청남도","여자","52세","수급자수","","436","426","419","404","385","355","325","362","369","363","388","504","494","481","538","522",
"충청남도","여자","53세","수급자수","","377","419","378","372","390","380","365","304","370","384","369","439","551","524","512","560",
"충청남도","여자","54세","수급자수","","387","376","412","336","350","313","404","356","301","394","385","408","470","557","506","534",
"충청남도","여자","55 - 59세","수급자수","","1708","1685","1643","1558","1552","1633","1897","1975","1947","2065","2108","2278","2341","2439","2678","2765",
"충청남도","여자","55세","수급자수","","378","370","356","362","307","344","409","407","351","327","414","446","441","509","571","524",
"충청남도","여자","56세","수급자수","","296","369","343","313","341","373","395","400","406","379","333","456","471","458","515","627",
"충청남도","여자","57세","수급자수","","355","309","343","317","296","398","361","400","403","457","400","391","496","496","494","539",
"충청남도","여자","58세","수급자수","","294","347","287","312","315","346","391","361","413","441","480","452","422","534","536","520",
"충청남도","여자","59세","수급자수","","385","290","314","254","293","322","341","407","374","461","481","533","511","442","562","555",
"충청남도","여자","60 - 64세","수급자수","","1940","2001","1790","1474","1355","1432","1640","1738","1859","2187","2458","2813","3140","3272","3286","3339",
"충청남도","여자","60세","수급자수","","309","381","267","288","253","340","374","360","408","424","501","566","608","547","475","602",
"충청남도","여자","61세","수급자수","","388","318","366","241","286","298","348","381","366","457","470","570","630","662","589","513",
"충청남도","여자","62세","수급자수","","483","396","294","339","236","327","305","350","403","433","507","544","632","679","706","637",
"충청남도","여자","63세","수급자수","","375","499","391","261","329","292","337","305","354","456","472","577","624","693","751","774",
"충청남도","여자","64세","수급자수","","385","407","472","345","251","268","276","342","328","417","508","556","646","691","765","813",
"충청남도","여자","65 - 69세","수급자수","","3253","3062","2685","2282","2081","1923","2208","2126","1985","2283","2529","2910","3568","3930","4342","4621",
"충청남도","여자","65세","수급자수","","510","416","412","464","368","295","392","295","394","410","502","649","688","778","798","854",
"충청남도","여자","66세","수급자수","","591","524","415","384","472","237","355","422","319","511","460","592","782","800","878","876",
"충청남도","여자","67세","수급자수","","783","621","510","380","390","340","466","366","427","402","563","532","713","875","865","935",
"충청남도","여자","68세","수급자수","","689","793","588","495","370","284","573","473","381","497","438","647","631","785","940","940",
"충청남도","여자","69세","수급자수","","680","708","760","559","481","384","422","570","464","463","566","490","754","692","861","1016",
"충청남도","여자","70 - 74세","수급자수","","3776","3620","3314","3034","2838","2714","2872","2630","2440","2738","2950","3265","3626","3783","3923","4266",
"충청남도","여자","70세","수급자수","","719","684","667","695","538","496","409","421","571","558","535","622","579","805","739","920",
"충청남도","여자","71세","수급자수","","739","715","618","599","681","385","542","414","425","657","624","595","708","635","868","798",
"충청남도","여자","72세","수급자수","","739","751","672","543","570","374","590","519","411","485","707","678","697","750","683","942",
"충청남도","여자","73세","수급자수","","767","742","698","597","500","481","733","566","500","480","551","765","769","770","813","733",
"충청남도","여자","74세","수급자수","","812","728","659","600","549","527","598","710","533","558","533","605","873","823","820","873",
"충청남도","여자","75 - 79세","수급자수","","3496","3479","3299","2904","2720","2617","2767","2726","2774","3331","3534","3716","4208","4286","4460","4592",
"충청남도","여자","75세","수급자수","","761","785","667","582","569","663","527","574","683","622","609","571","716","949","877","877",
"충청남도","여자","76세","수급자수","","722","733","719","584","539","560","576","507","551","829","687","653","689","783","1035","948",
"충청남도","여자","77세","수급자수","","749","681","662","632","534","483","599","562","466","658","885","737","799","727","837","1082",
"충청남도","여자","78세","수급자수","","612","710","615","549","576","535","546","570","525","581","737","956","883","890","767","869",
"충청남도","여자","79세","수급자수","","652","570","636","557","502","551","519","513","549","641","616","799","1121","937","944","816",
"충청남도","여자","80 - 84세","수급자수","","2482","2483","2320","2179","2074","2066","2269","2266","2223","2947","3348","3493","4531","5145","5349","5356",
"충청남도","여자","80세","수급자수","","585","605","496","547","498","504","560","487","495","630","724","649","971","1223","980","993",
"충청남도","여자","81세","수급자수","","604","532","519","424","484","486","490","519","448","629","680","764","795","1032","1294","1004",
"충청남도","여자","82세","수급자수","","503","543","475","422","371","541","455","453","493","556","683","711","973","864","1082","1343",
"충청남도","여자","83세","수급자수","","402","457","460","402","377","482","443","414","419","628","583","731","899","1048","902","1094",
"충청남도","여자","84세","수급자수","","388","346","370","384","344","456","321","393","368","504","678","638","893","978","1091","922",
"충청남도","여자","85 - 89세","수급자수","","1335","1315","1216","1130","1153","1158","1263","1237","1289","1780","2074","2464","3474","3913","4290","4656",
"충청남도","여자","85세","수급자수","","301","326","294","312","325","443","344","285","359","435","524","688","801","920","1027","1126",
"충청남도","여자","86세","수급자수","","353","250","275","249","285","335","281","313","250","442","440","532","819","849","906","1022",
"충청남도","여자","87세","수급자수","","290","310","209","233","218","350","256","244","290","328","458","465","711","844","812","888",
"충청남도","여자","88세","수급자수","","221","243","252","157","195","294","218","214","207","318","328","464","573","710","836","800",
"충청남도","여자","89세","수급자수","","170","186","186","179","130","277","164","181","183","257","324","315","570","590","709","820",
"충청남도","여자","90 - 94세","수급자수","","428","418","415","421","453","434","462","463","474","639","810","973","1403","1752","1997","2267",
"충청남도","여자","90세","수급자수","","132","138","149","141","144","239","142","131","148","216","246","301","384","584","567","673",
"충청남도","여자","91세","수급자수","","88","92","107","109","120","182","88","115","105","157","213","246","356","373","564","540",
"충청남도","여자","92세","수급자수","","82","74","65","79","82","166","105","72","91","114","151","195","281","332","346","495",
"충청남도","여자","93세","수급자수","","68","61","51","55","62","101","76","87","56","91","112","128","232","264","287","305",
"충청남도","여자","94세","수급자수","","58","53","43","37","45","128","51","58","74","61","88","103","150","199","233","254",
"충청남도","여자","95 - 99세","수급자수","","99","93","94","81","80","89","93","104","117","181","205","238","317","368","458","545",
"충청남도","여자","95세","수급자수","","35","32","35","30","27","100","38","37","43","78","55","82","106","135","194","201",
"충청남도","여자","96세","수급자수","","22","24","22","20","21","61","26","33","33","37","70","45","76","92","113","167",
"충청남도","여자","97세","수급자수","","23","10","18","15","15","44","15","17","18","32","41","57","49","56","72","97",
"충청남도","여자","98세","수급자수","","13","18","6","13","9","32","10","10","14","20","25","36","52","42","51","44",
"충청남도","여자","99세","수급자수","","6","9","13","3","8","23","4","7","9","14","14","18","34","43","28","36",
"충청남도","여자","100세 이상","수급자수","","22","17","17","14","14","15","17","12","15","20","32","39","41","60","84","80",
"전북특별자치도","계","계","수급자수","","108326","105192","97559","89906","84720","81465","97750","94287","89275","95745","100656","109921","120144","123431","126481","130243",
"전북특별자치도","계","0 - 4세","수급자수","","2291","2176","2016","1769","1592","1517","1740","1494","1373","1452","1556","1658","1589","1456","1400","1353",
"전북특별자치도","계","0세","수급자수","","278","280","298","206","176","167","210","179","176","188","180","171","149","129","143","140",
"전북특별자치도","계","1세","수급자수","","412","356","350","340","263","246","278","267","227","259","265","250","260","217","206","225",
"전북특별자치도","계","2세","수급자수","","482","445","392","371","365","292","329","304","275","266","308","330","317","301","274","265",
"전북특별자치도","계","3세","수급자수","","524","524","447","396","380","397","389","355","328","346","367","409","387","366","361","314",
"전북특별자치도","계","4세","수급자수","","595","571","529","456","408","415","534","389","367","393","436","498","476","443","416","409",
"전북특별자치도","계","5 - 9세","수급자수","","5379","4662","3929","3340","2914","2738","5223","5067","4443","4355","4474","4727","4815","4516","4448","4254",
"전북특별자치도","계","5세","수급자수","","693","633","582","506","459","443","543","528","416","447","478","600","604","547","525","497",
"전북특별자치도","계","6세","수급자수","","878","730","633","574","526","492","534","557","550","522","552","629","685","663","629","601",
"전북특별자치도","계","7세","수급자수","","1014","929","736","624","590","572","1305","1108","1068","1052","1029","1008","1068","1029","980","886",
"전북특별자치도","계","8세","수급자수","","1276","1048","937","729","619","27","1430","1374","1123","1179","1155","1178","1121","1098","1117","1060",
"전북특별자치도","계","9세","수급자수","","1518","1322","1041","907","720","22","1411","1500","1286","1155","1260","1312","1337","1179","1197","1210",
"전북특별자치도","계","10 - 14세","수급자수","","10706","9885","8652","7418","6366","5483","9363","8721","7731","7277","7047","7569","7996","7841","7766","7785",
"전북특별자치도","계","10세","수급자수","","1715","1539","1318","1032","891","16","1485","1447","1404","1333","1211","1453","1456","1364","1273","1279",
"전북특별자치도","계","11세","수급자수","","1989","1751","1510","1295","1036","602","1614","1547","1364","1445","1380","1385","1595","1541","1481","1371",
"전북특별자치도","계","12세","수급자수","","2125","2018","1736","1469","1298","629","1835","1698","1480","1392","1517","1497","1500","1658","1629","1576",
"전북특별자치도","계","13세","수급자수","","2380","2165","1977","1686","1471","747","2034","1930","1659","1481","1438","1674","1635","1574","1752","1738",
"전북특별자치도","계","14세","수급자수","","2497","2412","2111","1936","1670","886","2395","2099","1824","1626","1501","1560","1810","1704","1631","1821",
"전북특별자치도","계","15 - 19세","수급자수","","12987","12803","12093","10854","10162","9374","13768","13000","11308","10170","9252","9039","8747","8718","8684","8686",
"전북특별자치도","계","15세","수급자수","","2715","2546","2403","2046","1937","1069","2650","2476","2000","1807","1662","1653","1678","1900","1768","1686",
"전북특별자치도","계","16세","수급자수","","2782","2744","2541","2320","1999","1315","2992","2879","2412","2035","1842","1851","1740","1729","1971","1844",
"전북특별자치도","계","17세","수급자수","","2885","2751","2661","2385","2228","1466","3187","3006","2689","2342","2008","1936","1922","1760","1792","1990",
"전북특별자치도","계","18세","수급자수","","2630","2712","2483","2383","2210","1688","3054","2992","2605","2512","2227","2031","1964","1913","1780","1845",
"전북특별자치도","계","19세","수급자수","","1975","2050","2005","1720","1788","1913","1885","1647","1602","1474","1513","1568","1443","1416","1373","1321",
"전북특별자치도","계","20 - 24세","수급자수","","4590","4665","4635","4432","4303","4434","4977","5001","4644","4838","4912","5371","5529","5319","5220","5191",
"전북특별자치도","계","20세","수급자수","","1413","1377","1434","1280","1259","1973","1432","1420","1193","1245","1175","1287","1305","1157","1115","1086",
"전북특별자치도","계","21세","수급자수","","1090","1135","1106","1116","1016","2087","1151","1143","1133","1093","1135","1137","1229","1167","1093","1105",
"전북특별자치도","계","22세","수급자수","","859","946","911","903","929","1713","1003","1076","976","1061","1029","1164","1134","1188","1159","1092",
"전북특별자치도","계","23세","수급자수","","655","674","701","636","645","1268","814","762","771","803","911","946","1010","958","1066","1004",
"전북특별자치도","계","24세","수급자수","","573","533","483","497","454","1034","577","600","571","636","662","837","851","849","787","904",
"전북특별자치도","계","25 - 29세","수급자수","","1818","1780","1598","1357","1280","1301","1428","1370","1385","1547","1661","2056","2337","2468","2558","2659",
"전북특별자치도","계","25세","수급자수","","402","443","394","335","354","982","412","405","440","482","510","606","699","690","699","666",
"전북특별자치도","계","26세","수급자수","","343","345","330","306","260","664","300","299","279","332","359","461","508","564","549","619",
"전북특별자치도","계","27세","수급자수","","367","312","270","241","238","486","260","238","247","261","289","376","420","460","479","500",
"전북특별자치도","계","28세","수급자수","","339","346","264","238","209","350","217","217","215","243","250","304","376","395","422","447",
"전북특별자치도","계","29세","수급자수","","367","334","340","237","219","287","239","211","204","229","253","309","334","359","409","427",
"전북특별자치도","계","30 - 34세","수급자수","","2473","2273","2056","1821","1658","1516","1624","1456","1332","1418","1515","1893","2057","2159","2251","2461",
"전북특별자치도","계","30세","수급자수","","420","363","327","315","226","226","250","243","204","242","251","330","368","382","395","494",
"전북특별자치도","계","31세","수급자수","","403","433","361","329","305","233","273","239","251","227","286","355","407","397","449","453",
"전북특별자치도","계","32세","수급자수","","514","430","420","356","343","205","275","270","265","276","270","367","396","448","449","499",
"전북특별자치도","계","33세","수급자수","","504","521","414","415","364","226","398","297","294","307","352","367","440","439","482","492",
"전북특별자치도","계","34세","수급자수","","632","526","534","406","420","233","428","407","318","366","356","474","446","493","476","523",
"전북특별자치도","계","35 - 39세","수급자수","","5060","4629","3882","3321","2864","2638","2901","2716","2554","2718","2972","3317","3434","3210","3173","3138",
"전북특별자치도","계","35세","수급자수","","747","648","540","529","425","326","473","448","432","421","442","468","546","477","524","535",
"전북특별자치도","계","36세","수급자수","","900","777","641","537","541","360","541","508","481","517","510","556","556","586","532","559",
"전북특별자치도","계","37세","수급자수","","1027","932","762","618","531","371","543","546","541","541","639","657","667","613","655","592",
"전북특별자치도","계","38세","수급자수","","1183","1062","904","746","614","430","661","542","546","609","653","803","757","726","669","709",
"전북특별자치도","계","39세","수급자수","","1203","1210","1035","891","753","453","683","672","554","630","728","833","908","808","793","743",
"전북특별자치도","계","40 - 44세","수급자수","","7855","7367","6792","6071","5452","4946","5080","4485","4012","4073","4155","4878","5297","5359","5528","5524",
"전북특별자치도","계","40세","수급자수","","1367","1221","1182","1007","898","562","745","678","678","631","733","908","951","983","896","849",
"전북특별자치도","계","41세","수급자수","","1574","1404","1205","1152","1014","562","916","758","676","800","723","928","1047","1044","1076","1007",
"전북특별자치도","계","42세","수급자수","","1619","1576","1348","1157","1132","631","1000","906","753","764","885","910","1041","1125","1129","1170",
"전북특별자치도","계","43세","수급자수","","1557","1616","1532","1293","1154","775","1176","992","912","863","862","1090","1035","1104","1227","1193",
"전북특별자치도","계","44세","수급자수","","1738","1550","1525","1462","1254","914","1243","1151","993","1015","952","1042","1223","1103","1200","1305",
"전북특별자치도","계","45 - 49세","수급자수","","8867","8464","7789","7117","6858","6588","6828","6561","6251","6328","6395","6909","6937","6871","6752","6745",
"전북특별자치도","계","45세","수급자수","","1642","1713","1479","1399","1407","1014","1274","1233","1129","1110","1098","1117","1170","1297","1168","1259",
"전북특별자치도","계","46세","수급자수","","1604","1625","1645","1364","1343","1108","1349","1240","1233","1223","1185","1300","1252","1219","1376","1240",
"전북특별자치도","계","47세","수급자수","","1784","1608","1517","1545","1302","1135","1498","1333","1235","1338","1286","1398","1415","1324","1305","1439",
"전북특별자치도","계","48세","수급자수","","1806","1746","1511","1398","1474","1245","1361","1428","1282","1306","1436","1484","1519","1489","1379","1368",
"전북특별자치도","계","49세","수급자수","","2031","1772","1637","1411","1332","1361","1346","1327","1372","1351","1390","1610","1581","1542","1524","1439",
"전북특별자치도","계","50 - 54세","수급자수","","7872","8120","7980","7535","7256","7000","7252","6929","6627","6961","7254","7920","8454","8562","8532","8605",
"전북특별자치도","계","50세","수급자수","","1799","1969","1655","1523","1346","1294","1479","1298","1303","1444","1413","1562","1751","1634","1587","1564",
"전북특별자치도","계","51세","수급자수","","1579","1732","1847","1537","1460","1251","1389","1438","1283","1364","1500","1549","1632","1783","1701","1666",
"전북특별자치도","계","52세","수급자수","","1601","1515","1639","1685","1454","1437","1407","1341","1386","1345","1407","1683","1647","1663","1813","1761",
"전북특별자치도","계","53세","수급자수","","1379","1544","1375","1516","1591","1297","1489","1393","1298","1438","1416","1569","1760","1674","1708","1871",
"전북특별자치도","계","54세","수급자수","","1514","1360","1464","1274","1405","1324","1488","1459","1357","1370","1518","1557","1664","1808","1723","1743",
"전북특별자치도","계","55 - 59세","수급자수","","5368","5723","5698","5750","5975","6199","7039","7298","7357","7869","7988","8438","8662","8812","9136","9328",
"전북특별자치도","계","55세","수급자수","","1246","1484","1263","1357","1211","1413","1664","1451","1463","1399","1433","1652","1658","1753","1856","1743",
"전북특별자치도","계","56세","수급자수","","941","1219","1387","1162","1317","1412","1505","1633","1425","1526","1473","1584","1768","1715","1811","1932",
"전북특별자치도","계","57세","수급자수","","1117","912","1142","1316","1129","1554","1301","1516","1639","1537","1586","1627","1667","1826","1766","1875",
"전북특별자치도","계","58세","수급자수","","982","1106","868","1098","1257","1374","1363","1295","1534","1747","1656","1762","1697","1728","1899","1811",
"전북특별자치도","계","59세","수급자수","","1082","1002","1038","817","1061","1201","1206","1403","1296","1660","1840","1813","1872","1790","1804","1967",
"전북특별자치도","계","60 - 64세","수급자수","","5296","5397","5110","4737","4452","4631","5480","5728","6096","7194","8069","9187","10198","10525","10768","10699",
"전북특별자치도","계","60세","수급자수","","1066","1075","938","978","782","1278","1377","1208","1398","1426","1774","2088","1973","1960","1850","1859",
"전북특별자치도","계","61세","수급자수","","1077","1053","1003","883","951","1104","1149","1379","1219","1559","1527","1962","2309","2073","2032","1913",
"전북특별자치도","계","62세","수급자수","","1202","1054","998","970","851","1242","889","1139","1399","1333","1651","1697","2099","2361","2140","2122",
"전북특별자치도","계","63세","수급자수","","1042","1204","1005","951","936","1057","1104","914","1147","1560","1445","1821","1825","2203","2455","2249",
"전북특별자치도","계","64세","수급자수","","909","1011","1166","955","932","789","961","1088","933","1316","1672","1619","1992","1928","2291","2556",
"전북특별자치도","계","65 - 69세","수급자수","","6482","6229","5561","5011","4870","4979","5832","5782","5735","6645","7370","8297","9622","10444","11327","12136",
"전북특별자치도","계","65세","수급자수","","985","917","1002","1147","977","982","1176","1043","1184","1173","1549","1969","1922","2247","2138","2530",
"전북특별자치도","계","66세","수급자수","","1126","996","897","993","1150","849","1181","1209","1069","1422","1309","1745","2215","2073","2368","2289",
"전북특별자치도","계","67세","수급자수","","1702","1129","948","884","978","954","1113","1190","1236","1270","1575","1449","1983","2349","2149","2485",
"전북특별자치도","계","68세","수급자수","","1450","1720","1097","921","876","994","1277","1094","1161","1422","1373","1685","1610","2103","2450","2268",
"전북특별자치도","계","69세","수급자수","","1219","1467","1617","1066","889","990","1085","1246","1085","1358","1564","1449","1892","1672","2222","2564",
"전북특별자치도","계","70 - 74세","수급자수","","7444","7009","6539","6545","6073","5631","6028","5565","5123","6192","7009","7957","8870","9242","9589","10378",
"전북특별자치도","계","70세","수급자수","","1546","1223","1389","1563","1011","1145","969","1066","1233","1283","1494","1702","1572","1995","1757","2322",
"전북특별자치도","계","71세","수급자수","","1504","1516","1134","1347","1525","986","994","939","1024","1496","1389","1589","1891","1641","2065","1849",
"전북특별자치도","계","72세","수급자수","","1446","1481","1396","1081","1307","864","1090","961","917","1232","1636","1487","1758","2012","1729","2161",
"전북특별자치도","계","73세","수급자수","","1457","1384","1348","1303","1018","886","1627","1053","938","1067","1342","1757","1670","1852","2113","1819",
"전북특별자치도","계","74세","수급자수","","1491","1405","1272","1251","1212","991","1348","1546","1011","1114","1148","1422","1979","1742","1925","2227",
"전북특별자치도","계","75 - 79세","수급자수","","6452","6569","6203","5900","5646","5439","5605","5528","5751","6902","7351","7718","8467","8415","8715","9491",
"전북특별자치도","계","75세","수급자수","","1531","1462","1285","1205","1161","1502","1043","1302","1517","1217","1225","1218","1614","2056","1810","2038",
"전북특별자치도","계","76세","수급자수","","1390","1493","1326","1208","1122","1258","1244","987","1225","1797","1333","1325","1369","1673","2092","1911",
"전북특별자치도","계","77세","수급자수","","1312","1319","1301","1237","1110","994","1138","1145","935","1449","1963","1404","1498","1454","1696","2209",
"전북특별자치도","계","78세","수급자수","","1127","1243","1181","1203","1152","1179","1104","1067","1079","1144","1557","2108","1582","1571","1500","1764",
"전북특별자치도","계","79세","수급자수","","1092","1052","1110","1047","1101","1108","1076","1027","995","1295","1273","1663","2404","1661","1617","1569",
"전북특별자치도","계","80 - 84세","수급자수","","4291","4412","4143","3987","3970","3981","4305","4271","4178","5428","6300","6732","8423","9644","9736","9799",
"전북특별자치도","계","80세","수급자수","","1041","1024","936","980","955","1067","1064","971","933","1239","1431","1353","1911","2520","1686","1659",
"전북특별자치도","계","81세","수급자수","","952","962","897","827","900","1024","1005","961","880","1121","1357","1486","1564","1962","2555","1754",
"전북특별자치도","계","82세","수급자수","","978","876","821","803","737","1061","861","904","868","1069","1235","1404","1748","1631","2015","2635",
"전북특별자치도","계","83세","수급자수","","757","873","752","721","731","1018","747","790","811","1055","1150","1297","1664","1815","1647","2068",
"전북특별자치도","계","84세","수급자수","","563","677","737","656","647","874","628","645","686","944","1127","1192","1536","1716","1833","1683",
"전북특별자치도","계","85 - 89세","수급자수","","2170","2121","2019","2002","2008","2122","2299","2301","2258","2945","3627","4182","5752","6506","7109","7651",
"전북특별자치도","계","85세","수급자수","","465","507","536","635","602","803","590","564","565","811","997","1141","1407","1537","1706","1845",
"전북특별자치도","계","86세","수급자수","","603","401","398","456","540","657","524","506","494","651","851","999","1359","1420","1528","1714",
"전북특별자치도","계","87세","수급자수","","509","530","333","323","377","629","489","465","447","547","695","817","1189","1365","1406","1489",
"전북특별자치도","계","88세","수급자수","","304","437","417","263","272","577","415","422","396","508","575","673","988","1187","1323","1358",
"전북특별자치도","계","89세","수급자수","","289","246","335","325","217","529","281","344","356","428","509","552","809","997","1146","1245",
"전북특별자치도","계","90 - 94세","수급자수","","746","735","682","759","821","738","761","793","854","1095","1395","1664","2369","2641","2964","3406",
"전북특별자치도","계","90세","수급자수","","238","229","189","275","268","471","205","238","297","368","428","501","660","755","909","1045",
"전북특별자치도","계","91세","수급자수","","167","191","180","160","222","315","135","169","196","299","363","400","566","611","692","846",
"전북특별자치도","계","92세","수급자수","","134","129","142","141","128","230","189","102","147","214","286","330","482","523","559","634",
"전북특별자치도","계","93세","수급자수","","118","96","95","108","116","158","153","163","86","135","191","251","365","419","446","494",
"전북특별자치도","계","94세","수급자수","","89","90","76","75","87","219","79","121","128","79","127","182","296","333","358","387",
"전북특별자치도","계","95 - 99세","수급자수","","138","140","154","155","171","181","185","182","223","288","299","348","516","621","710","831",
"전북특별자치도","계","95세","수급자수","","44","55","67","56","62","177","68","53","101","110","65","116","192","261","261","306",
"전북특별자치도","계","96세","수급자수","","32","30","35","48","40","98","47","54","36","96","102","55","114","148","209","207",
"전북특별자치도","계","97세","수급자수","","31","23","23","27","38","86","36","34","39","27","82","88","58","97","120","166",
"전북특별자치도","계","98세","수급자수","","19","18","16","14","21","69","20","28","26","31","29","68","85","52","78","95",
"전북특별자치도","계","99세","수급자수","","12","14","13","10","10","47","14","13","21","24","21","21","67","63","42","57",
"전북특별자치도","계","100세 이상","수급자수","","41","33","28","25","29","29","32","39","40","50","55","61","73","102","115","123",
"전북특별자치도","남자","계","수급자수","","46185","44853","41864","38731","36549","35434","43661","42520","40585","42823","44608","48710","52336","53476","54655","56311",
"전북특별자치도","남자","0 - 4세","수급자수","","1172","1140","1068","962","858","795","873","733","695","757","824","857","810","732","664","669",
"전북특별자치도","남자","0세","수급자수","","141","145","159","108","95","80","95","85","97","103","90","86","68","69","66","72",
"전북특별자치도","남자","1세","수급자수","","233","192","192","174","145","121","130","124","118","145","148","121","128","89","99","114",
"전북특별자치도","남자","2세","수급자수","","224","254","213","205","186","159","167","146","126","148","158","177","158","147","116","129",
"전북특별자치도","남자","3세","수급자수","","274","246","259","212","208","214","203","180","165","172","202","203","211","170","179","146",
"전북특별자치도","남자","4세","수급자수","","300","303","245","263","224","221","278","198","189","189","226","270","245","257","204","208",
"전북특별자치도","남자","5 - 9세","수급자수","","2809","2392","2035","1695","1484","1404","2742","2675","2376","2295","2311","2439","2534","2358","2322","2206",
"전북특별자치도","남자","5세","수급자수","","356","309","304","240","261","253","292","270","221","229","223","305","315","276","296","256",
"전북특별자치도","남자","6세","수급자수","","451","376","306","300","256","282","302","304","285","271","295","311","352","338","319","335",
"전북특별자치도","남자","7세","수급자수","","533","478","371","300","295","273","697","590","569","542","523","553","545","537","505","442",
"전북특별자치도","남자","8세","수급자수","","657","557","489","374","303","0","724","742","609","631","600","603","612","562","578","550",
"전북특별자치도","남자","9세","수급자수","","812","672","565","481","369","2","727","769","692","622","670","667","710","645","624","623",
"전북특별자치도","남자","10 - 14세","수급자수","","5431","5060","4406","3806","3281","2846","4750","4440","3921","3741","3600","3955","4159","4072","4036","4033",
"전북특별자치도","남자","10세","수급자수","","876","806","668","564","474","0","706","743","712","717","630","757","743","706","683","662",
"전북특별자치도","남자","11세","수급자수","","981","879","801","646","560","301","838","733","728","716","728","727","836","789","772","734",
"전북특별자치도","남자","12세","수급자수","","1075","1007","871","781","646","295","957","876","693","735","746","816","785","859","846","803",
"전북특별자치도","남자","13세","수급자수","","1228","1103","987","850","772","392","1076","983","856","718","762","832","879","809","906","893",
"전북특별자치도","남자","14세","수급자수","","1271","1265","1079","965","829","473","1173","1105","932","855","734","823","916","909","829","941",
"전북특별자치도","남자","15 - 19세","수급자수","","6451","6400","6097","5504","5074","4673","6880","6464","5627","5064","4586","4481","4384","4350","4343","4365",
"전북특별자치도","남자","15세","수급자수","","1401","1296","1256","1052","963","567","1334","1223","1037","909","867","799","874","960","930","859",
"전북특별자치도","남자","16세","수급자수","","1413","1423","1296","1210","1014","646","1508","1461","1185","1051","935","979","847","896","992","992",
"전북특별자치도","남자","17세","수급자수","","1439","1407","1365","1227","1147","768","1604","1512","1370","1137","1010","978","1009","857","920","985",
"전북특별자치도","남자","18세","수급자수","","1269","1359","1269","1212","1116","852","1513","1505","1304","1265","1062","1021","982","1001","859","946",
"전북특별자치도","남자","19세","수급자수","","929","915","911","803","834","954","921","763","731","702","712","704","672","636","642","583",
"전북특별자치도","남자","20 - 24세","수급자수","","1980","1955","1919","1872","1769","1852","2152","2250","2022","2072","2112","2273","2282","2235","2165","2154",
"전북특별자치도","남자","20세","수급자수","","530","469","455","408","429","1003","539","610","440","442","427","470","443","431","369","386",
"전북특별자치도","남자","21세","수급자수","","430","425","391","379","343","1072","411","410","451","391","406","413","445","391","405","395",
"전북특별자치도","남자","22세","수급자수","","381","445","437","422","380","792","462","484","407","494","447","486","486","518","466","464",
"전북특별자치도","남자","23세","수급자수","","318","328","378","363","335","448","427","404","400","415","470","453","476","476","516","464",
"전북특별자치도","남자","24세","수급자수","","321","288","258","300","282","359","313","342","324","330","362","451","432","419","409","445",
"전북특별자치도","남자","25 - 29세","수급자수","","913","891","780","687","656","681","737","700","718","785","816","972","1147","1191","1214","1275",
"전북특별자치도","남자","25세","수급자수","","233","251","207","177","218","442","231","225","237","271","256","311","384","341","350","329",
"전북특별자치도","남자","26세","수급자수","","186","194","175","154","126","326","176","159","151","170","197","223","239","299","262","313",
"전북특별자치도","남자","27세","수급자수","","173","164","138","125","111","277","143","126","126","129","133","180","188","210","245","225",
"전북특별자치도","남자","28세","수급자수","","150","141","129","118","101","213","87","107","101","117","114","137","182","171","185","221",
"전북특별자치도","남자","29세","수급자수","","171","141","131","113","100","171","100","83","103","98","116","121","154","170","172","187",
"전북특별자치도","남자","30 - 34세","수급자수","","972","913","839","730","679","633","663","598","551","591","623","815","859","920","968","1052",
"전북특별자치도","남자","30세","수급자수","","173","166","130","119","108","100","112","94","76","109","116","145","150","177","185","211",
"전북특별자치도","남자","31세","수급자수","","159","175","158","132","111","99","103","104","102","88","120","172","187","161","196","205",
"전북특별자치도","남자","32세","수급자수","","220","176","167","159","144","98","124","107","116","114","100","153","175","200","186","209",
"전북특별자치도","남자","33세","수급자수","","173","218","164","153","160","92","152","130","117","129","147","137","179","185","207","200",
"전북특별자치도","남자","34세","수급자수","","247","178","220","167","156","105","172","163","140","151","140","208","168","197","194","227",
"전북특별자치도","남자","35 - 39세","수급자수","","1807","1632","1407","1242","1070","998","1124","1090","1017","1071","1169","1268","1336","1239","1222","1198",
"전북특별자치도","남자","35세","수급자수","","253","248","177","220","161","122","204","173","165","171","183","187","226","176","210","213",
"전북특별자치도","남자","36세","수급자수","","333","265","248","185","218","153","208","218","188","198","206","215","218","238","205","222",
"전북특별자치도","남자","37세","수급자수","","358","340","274","239","184","161","200","221","232","198","235","264","263","235","257","210",
"전북특별자치도","남자","38세","수급자수","","410","371","335","266","238","164","263","208","218","253","244","299","295","280","248","273",
"전북특별자치도","남자","39세","수급자수","","453","408","373","332","269","172","249","270","214","251","301","303","334","310","302","280",
"전북특별자치도","남자","40 - 44세","수급자수","","3179","2929","2604","2279","2044","1861","1941","1742","1619","1659","1698","1965","2133","2136","2150","2088",
"전북특별자치도","남자","40세","수급자수","","519","461","400","352","342","221","283","252","278","244","300","359","355","364","336","321",
"전북특별자치도","남자","41세","수급자수","","579","532","457","400","359","195","344","290","258","338","297","380","411","393","392","381",
"전북특별자치도","남자","42세","수급자수","","654","590","517","445","408","246","385","352","303","311","367","357","436","459","426","424",
"전북특별자치도","남자","43세","수급자수","","665","671","587","516","442","284","447","390","373","346","347","447","419","459","489","455",
"전북특별자치도","남자","44세","수급자수","","762","675","643","566","493","351","482","458","407","420","387","422","512","461","507","507",
"전북특별자치도","남자","45 - 49세","수급자수","","4501","4174","3804","3437","3244","3060","3139","2922","2777","2832","2859","3048","3049","2962","2921","2857",
"전북특별자치도","남자","45세","수급자수","","765","761","673","625","574","368","533","485","454","459","461","460","475","552","483","511",
"전북특별자치도","남자","46세","수급자수","","776","770","759","629","608","408","573","530","513","528","510","559","528","500","597","521",
"전북특별자치도","남자","47세","수급자수","","892","797","748","733","623","450","669","595","549","569","574","604","625","567","532","629",
"전북특별자치도","남자","48세","수급자수","","955","894","766","712","735","514","653","657","601","613","643","687","662","673","598","562",
"전북특별자치도","남자","49세","수급자수","","1113","952","858","738","704","571","711","655","660","663","671","738","759","670","711","634",
"전북특별자치도","남자","50 - 54세","수급자수","","4471","4592","4500","4248","4087","3907","3995","3841","3669","3715","3863","4169","4326","4346","4261","4312",
"전북특별자치도","남자","50세","수급자수","","1006","1094","898","810","722","598","789","710","666","707","719","784","835","777","712","759",
"전북특별자치도","남자","51세","수급자수","","876","973","1044","853","772","629","767","786","714","706","764","784","832","871","833","770",
"전북특별자치도","남자","52세","수급자수","","895","859","928","967","831","748","789","745","768","738","745","884","849","861","900","892",
"전북특별자치도","남자","53세","수급자수","","814","862","793","873","932","699","807","800","735","796","792","829","931","876","900","948",
"전북특별자치도","남자","54세","수급자수","","880","804","837","745","830","722","843","800","786","768","843","888","879","961","916","943",
"전북특별자치도","남자","55 - 59세","수급자수","","2834","3089","3150","3250","3403","3577","4070","4221","4249","4522","4533","4773","4925","4978","5107","5169",
"전북특별자치도","남자","55세","수급자수","","675","857","738","778","711","766","969","822","815","819","796","936","953","927","1003","940",
"전북특별자치도","남자","56세","수급자수","","511","652","799","676","760","809","882","942","817","853","861","888","1004","977","962","1055",
"전북특별자치도","남자","57세","수급자수","","580","496","610","757","652","911","761","891","952","878","886","960","947","1047","1009","1002",
"전북특별자치도","남자","58세","수급자수","","522","568","479","582","711","803","774","769","899","1009","942","981","983","983","1094","1041",
"전북특별자치도","남자","59세","수급자수","","546","516","524","457","569","712","684","797","766","963","1048","1008","1038","1044","1039","1131",
"전북특별자치도","남자","60 - 64세","수급자수","","2269","2411","2379","2276","2263","2403","2899","3083","3384","3937","4462","5094","5615","5736","5917","5906",
"전북특별자치도","남자","60세","수급자수","","532","539","487","487","441","729","769","682","805","810","1025","1186","1095","1074","1069","1071",
"전북특별자치도","남자","61세","수급자수","","473","524","490","454","476","633","611","769","683","865","857","1114","1273","1134","1098","1105",
"전북특별자치도","남자","62세","수급자수","","510","449","493","478","437","700","482","602","778","735","914","936","1182","1282","1162","1146",
"전북특별자치도","남자","63세","수급자수","","424","502","426","465","449","571","545","492","615","839","778","999","994","1223","1323","1210",
"전북특별자치도","남자","64세","수급자수","","330","397","483","392","460","442","492","538","503","688","888","859","1071","1023","1265","1374",
"전북특별자치도","남자","65 - 69세","수급자수","","2277","2184","1980","1878","1920","2032","2527","2632","2731","3226","3594","4156","4860","5386","5844","6350",
"전북특별자치도","남자","65세","수급자수","","377","334","392","473","399","486","561","535","592","616","798","1045","1017","1195","1115","1399",
"전북특별자치도","남자","66세","수급자수","","382","377","328","380","476","440","574","572","548","689","674","888","1152","1094","1245","1192",
"전북특별자치도","남자","67세","수급자수","","598","370","360","321","381","464","450","575","587","619","760","745","989","1216","1130","1298",
"전북특별자치도","남자","68세","수급자수","","514","594","353","358","321","488","522","438","562","666","643","808","805","1045","1247","1169",
"전북특별자치도","남자","69세","수급자수","","406","509","547","346","343","396","420","512","442","636","719","670","897","836","1107","1292",
"전북특별자치도","남자","70 - 74세","수급자수","","2192","2117","2065","2113","1968","1890","2070","1965","1886","2350","2761","3248","3701","4013","4272","4715",
"전북특별자치도","남자","70세","수급자수","","488","406","473","531","320","475","355","415","498","520","684","768","718","928","867","1138",
"전북특별자치도","남자","71세","수급자수","","479","475","373","447","522","373","368","342","388","585","564","704","841","733","937","894",
"전북특별자치도","남자","72세","수급자수","","404","465","440","345","433","300","351","362","333","451","633","595","771","861","758","955",
"전북특별자치도","남자","73세","수급자수","","415","378","431","404","320","335","548","325","362","383","487","670","656","808","890","790",
"전북특별자치도","남자","74세","수급자수","","406","393","348","386","373","314","448","521","305","411","393","511","715","683","820","938",
"전북특별자치도","남자","75 - 79세","수급자수","","1579","1620","1591","1538","1533","1535","1642","1686","1835","2150","2283","2394","2627","2705","2936","3360",
"전북특별자치도","남자","75세","수급자수","","417","388","362","345","350","515","332","430","517","367","431","411","576","718","695","851",
"전북특별자치도","남자","76세","수급자수","","362","389","355","327","317","406","377","313","397","591","391","455","441","581","711","721",
"전북특별자치도","남자","77세","수급자수","","319","327","331","325","298","320","341","345","300","457","626","404","493","461","580","729",
"전북특별자치도","남자","78세","수급자수","","250","294","284","300","295","363","306","315","325","351","468","633","442","497","456","580",
"전북특별자치도","남자","79세","수급자수","","231","222","259","241","273","335","286","283","296","384","367","491","675","448","494","479",
"전북특별자치도","남자","80 - 84세","수급자수","","853","864","789","765","756","832","989","1003","1011","1349","1600","1683","2097","2445","2409","2458",
"전북특별자치도","남자","80세","수급자수","","220","215","193","220","199","302","266","250","253","338","412","366","543","689","435","485",
"전북특별자치도","남자","81세","수급자수","","192","202","178","159","196","275","251","226","219","274","359","409","397","522","661","437",
"전북특별자치도","남자","82세","수급자수","","179","165","158","157","127","260","197","219","208","272","284","360","441","397","502","678",
"전북특별자치도","남자","83세","수급자수","","146","152","133","119","137","248","161","175","184","255","270","285","397","449","384","480",
"전북특별자치도","남자","84세","수급자수","","116","130","127","110","97","190","114","133","147","210","275","263","319","388","427","378",
"전북특별자치도","남자","85 - 89세","수급자수","","393","388","352","329","334","328","346","344","360","530","683","842","1118","1236","1405","1530",
"전북특별자치도","남자","85세","수급자수","","106","97","94","106","103","171","102","99","110","170","212","270","284","305","369","419",
"전북특별자치도","남자","86세","수급자수","","99","87","77","79","81","114","77","78","83","121","165","217","297","260","298","351",
"전북특별자치도","남자","87세","수급자수","","98","84","68","55","63","109","69","62","62","97","130","146","248","275","255","281",
"전북특별자치도","남자","88세","수급자수","","50","82","52","52","47","85","57","61","49","78","96","121","155","245","266","241",
"전북특별자치도","남자","89세","수급자수","","40","38","61","37","40","81","41","44","56","64","80","88","134","151","217","238",
"전북특별자치도","남자","90 - 94세","수급자수","","85","89","82","106","109","107","103","108","106","148","193","233","313","365","422","516",
"전북특별자치도","남자","90세","수급자수","","34","26","27","47","28","70","30","31","35","53","67","77","90","122","137","192",
"전북특별자치도","남자","91세","수급자수","","19","30","22","24","36","54","26","28","30","40","50","59","75","78","103","121",
"전북특별자치도","남자","92세","수급자수","","11","16","17","15","21","38","17","18","21","31","35","44","78","66","72","95",
"전북특별자치도","남자","93세","수급자수","","13","4","14","9","14","28","20","14","10","15","25","30","38","67","60","57",
"전북특별자치도","남자","94세","수급자수","","8","13","2","11","10","25","10","17","10","9","16","23","32","32","50","51",
"전북특별자치도","남자","95 - 99세","수급자수","","13","11","16","11","15","16","16","18","25","25","35","41","56","60","65","86",
"전북특별자치도","남자","95세","수급자수","","5","2","9","1","8","27","7","7","13","7","7","15","21","28","22","41",
"전북특별자치도","남자","96세","수급자수","","3","3","1","7","0","17","2","7","5","12","10","5","14","13","22","14",
"전북특별자치도","남자","97세","수급자수","","4","3","2","0","5","10","5","1","5","4","12","8","2","9","11","16",
"전북특별자치도","남자","98세","수급자수","","1","2","2","2","0","7","0","3","0","2","4","11","12","1","7","9",
"전북특별자치도","남자","99세","수급자수","","0","1","2","1","2","7","2","0","2","0","2","2","7","9","3","6",
"전북특별자치도","남자","100세 이상","수급자수","","4","2","1","3","2","4","3","5","6","4","3","4","5","11","12","12",
"전북특별자치도","여자","계","수급자수","","62141","60339","55695","51175","48171","46031","54089","51767","48690","52922","56048","61211","67808","69955","71826","73932",
"전북특별자치도","여자","0 - 4세","수급자수","","1119","1036","948","807","734","722","867","761","678","695","732","801","779","724","736","684",
"전북특별자치도","여자","0세","수급자수","","137","135","139","98","81","87","115","94","79","85","90","85","81","60","77","68",
"전북특별자치도","여자","1세","수급자수","","179","164","158","166","118","125","148","143","109","114","117","129","132","128","107","111",
"전북특별자치도","여자","2세","수급자수","","258","191","179","166","179","133","162","158","149","118","150","153","159","154","158","136",
"전북특별자치도","여자","3세","수급자수","","250","278","188","184","172","183","186","175","163","174","165","206","176","196","182","168",
"전북특별자치도","여자","4세","수급자수","","295","268","284","193","184","194","256","191","178","204","210","228","231","186","212","201",
"전북특별자치도","여자","5 - 9세","수급자수","","2570","2270","1894","1645","1430","1334","2481","2392","2067","2060","2163","2288","2281","2158","2126","2048",
"전북특별자치도","여자","5세","수급자수","","337","324","278","266","198","190","251","258","195","218","255","295","289","271","229","241",
"전북특별자치도","여자","6세","수급자수","","427","354","327","274","270","210","232","253","265","251","257","318","333","325","310","266",
"전북특별자치도","여자","7세","수급자수","","481","451","365","324","295","299","608","518","499","510","506","455","523","492","475","444",
"전북특별자치도","여자","8세","수급자수","","619","491","448","355","316","27","706","632","514","548","555","575","509","536","539","510",
"전북특별자치도","여자","9세","수급자수","","706","650","476","426","351","20","684","731","594","533","590","645","627","534","573","587",
"전북특별자치도","여자","10 - 14세","수급자수","","5275","4825","4246","3612","3085","2637","4613","4281","3810","3536","3447","3614","3837","3769","3730","3752",
"전북특별자치도","여자","10세","수급자수","","839","733","650","468","417","16","779","704","692","616","581","696","713","658","590","617",
"전북특별자치도","여자","11세","수급자수","","1008","872","709","649","476","301","776","814","636","729","652","658","759","752","709","637",
"전북특별자치도","여자","12세","수급자수","","1050","1011","865","688","652","334","878","822","787","657","771","681","715","799","783","773",
"전북특별자치도","여자","13세","수급자수","","1152","1062","990","836","699","355","958","947","803","763","676","842","756","765","846","845",
"전북특별자치도","여자","14세","수급자수","","1226","1147","1032","971","841","413","1222","994","892","771","767","737","894","795","802","880",
"전북특별자치도","여자","15 - 19세","수급자수","","6536","6403","5996","5350","5088","4701","6888","6536","5681","5106","4666","4558","4363","4368","4341","4321",
"전북특별자치도","여자","15세","수급자수","","1314","1250","1147","994","974","502","1316","1253","963","898","795","854","804","940","838","827",
"전북특별자치도","여자","16세","수급자수","","1369","1321","1245","1110","985","669","1484","1418","1227","984","907","872","893","833","979","852",
"전북특별자치도","여자","17세","수급자수","","1446","1344","1296","1158","1081","698","1583","1494","1319","1205","998","958","913","903","872","1005",
"전북특별자치도","여자","18세","수급자수","","1361","1353","1214","1171","1094","836","1541","1487","1301","1247","1165","1010","982","912","921","899",
"전북특별자치도","여자","19세","수급자수","","1046","1135","1094","917","954","959","964","884","871","772","801","864","771","780","731","738",
"전북특별자치도","여자","20 - 24세","수급자수","","2610","2710","2716","2560","2534","2582","2825","2751","2622","2766","2800","3098","3247","3084","3055","3037",
"전북특별자치도","여자","20세","수급자수","","883","908","979","872","830","970","893","810","753","803","748","817","862","726","746","700",
"전북특별자치도","여자","21세","수급자수","","660","710","715","737","673","1015","740","733","682","702","729","724","784","776","688","710",
"전북특별자치도","여자","22세","수급자수","","478","501","474","481","549","921","541","592","569","567","582","678","648","670","693","628",
"전북특별자치도","여자","23세","수급자수","","337","346","323","273","310","820","387","358","371","388","441","493","534","482","550","540",
"전북특별자치도","여자","24세","수급자수","","252","245","225","197","172","675","264","258","247","306","300","386","419","430","378","459",
"전북특별자치도","여자","25 - 29세","수급자수","","905","889","818","670","624","620","691","670","667","762","845","1084","1190","1277","1344","1384",
"전북특별자치도","여자","25세","수급자수","","169","192","187","158","136","540","181","180","203","211","254","295","315","349","349","337",
"전북특별자치도","여자","26세","수급자수","","157","151","155","152","134","338","124","140","128","162","162","238","269","265","287","306",
"전북특별자치도","여자","27세","수급자수","","194","148","132","116","127","209","117","112","121","132","156","196","232","250","234","275",
"전북특별자치도","여자","28세","수급자수","","189","205","135","120","108","137","130","110","114","126","136","167","194","224","237","226",
"전북특별자치도","여자","29세","수급자수","","196","193","209","124","119","116","139","128","101","131","137","188","180","189","237","240",
"전북특별자치도","여자","30 - 34세","수급자수","","1501","1360","1217","1091","979","883","961","858","781","827","892","1078","1198","1239","1283","1409",
"전북특별자치도","여자","30세","수급자수","","247","197","197","196","118","126","138","149","128","133","135","185","218","205","210","283",
"전북특별자치도","여자","31세","수급자수","","244","258","203","197","194","134","170","135","149","139","166","183","220","236","253","248",
"전북특별자치도","여자","32세","수급자수","","294","254","253","197","199","107","151","163","149","162","170","214","221","248","263","290",
"전북특별자치도","여자","33세","수급자수","","331","303","250","262","204","134","246","167","177","178","205","230","261","254","275","292",
"전북특별자치도","여자","34세","수급자수","","385","348","314","239","264","128","256","244","178","215","216","266","278","296","282","296",
"전북특별자치도","여자","35 - 39세","수급자수","","3253","2997","2475","2079","1794","1640","1777","1626","1537","1647","1803","2049","2098","1971","1951","1940",
"전북특별자치도","여자","35세","수급자수","","494","400","363","309","264","204","269","275","267","250","259","281","320","301","314","322",
"전북특별자치도","여자","36세","수급자수","","567","512","393","352","323","207","333","290","293","319","304","341","338","348","327","337",
"전북특별자치도","여자","37세","수급자수","","669","592","488","379","347","210","343","325","309","343","404","393","404","378","398","382",
"전북특별자치도","여자","38세","수급자수","","773","691","569","480","376","266","398","334","328","356","409","504","462","446","421","436",
"전북특별자치도","여자","39세","수급자수","","750","802","662","559","484","281","434","402","340","379","427","530","574","498","491","463",
"전북특별자치도","여자","40 - 44세","수급자수","","4676","4438","4188","3792","3408","3085","3139","2743","2393","2414","2457","2913","3164","3223","3378","3436",
"전북특별자치도","여자","40세","수급자수","","848","760","782","655","556","341","462","426","400","387","433","549","596","619","560","528",
"전북특별자치도","여자","41세","수급자수","","995","872","748","752","655","367","572","468","418","462","426","548","636","651","684","626",
"전북특별자치도","여자","42세","수급자수","","965","986","831","712","724","385","615","554","450","453","518","553","605","666","703","746",
"전북특별자치도","여자","43세","수급자수","","892","945","945","777","712","491","729","602","539","517","515","643","616","645","738","738",
"전북특별자치도","여자","44세","수급자수","","976","875","882","896","761","563","761","693","586","595","565","620","711","642","693","798",
"전북특별자치도","여자","45 - 49세","수급자수","","4366","4290","3985","3680","3614","3528","3689","3639","3474","3496","3536","3861","3888","3909","3831","3888",
"전북특별자치도","여자","45세","수급자수","","877","952","806","774","833","646","741","748","675","651","637","657","695","745","685","748",
"전북특별자치도","여자","46세","수급자수","","828","855","886","735","735","700","776","710","720","695","675","741","724","719","779","719",
"전북특별자치도","여자","47세","수급자수","","892","811","769","812","679","685","829","738","686","769","712","794","790","757","773","810",
"전북특별자치도","여자","48세","수급자수","","851","852","745","686","739","731","708","771","681","693","793","797","857","816","781","806",
"전북특별자치도","여자","49세","수급자수","","918","820","779","673","628","790","635","672","712","688","719","872","822","872","813","805",
"전북특별자치도","여자","50 - 54세","수급자수","","3401","3528","3480","3287","3169","3093","3257","3088","2958","3246","3391","3751","4128","4216","4271","4293",
"전북특별자치도","여자","50세","수급자수","","793","875","757","713","624","696","690","588","637","737","694","778","916","857","875","805",
"전북특별자치도","여자","51세","수급자수","","703","759","803","684","688","622","622","652","569","658","736","765","800","912","868","896",
"전북특별자치도","여자","52세","수급자수","","706","656","711","718","623","689","618","596","618","607","662","799","798","802","913","869",
"전북특별자치도","여자","53세","수급자수","","565","682","582","643","659","598","682","593","563","642","624","740","829","798","808","923",
"전북특별자치도","여자","54세","수급자수","","634","556","627","529","575","602","645","659","571","602","675","669","785","847","807","800",
"전북특별자치도","여자","55 - 59세","수급자수","","2534","2634","2548","2500","2572","2622","2969","3077","3108","3347","3455","3665","3737","3834","4029","4159",
"전북특별자치도","여자","55세","수급자수","","571","627","525","579","500","647","695","629","648","580","637","716","705","826","853","803",
"전북특별자치도","여자","56세","수급자수","","430","567","588","486","557","603","623","691","608","673","612","696","764","738","849","877",
"전북특별자치도","여자","57세","수급자수","","537","416","532","559","477","643","540","625","687","659","700","667","720","779","757","873",
"전북특별자치도","여자","58세","수급자수","","460","538","389","516","546","571","589","526","635","738","714","781","714","745","805","770",
"전북특별자치도","여자","59세","수급자수","","536","486","514","360","492","489","522","606","530","697","792","805","834","746","765","836",
"전북특별자치도","여자","60 - 64세","수급자수","","3027","2986","2731","2461","2189","2228","2581","2645","2712","3257","3607","4093","4583","4789","4851","4793",
"전북특별자치도","여자","60세","수급자수","","534","536","451","491","341","549","608","526","593","616","749","902","878","886","781","788",
"전북특별자치도","여자","61세","수급자수","","604","529","513","429","475","471","538","610","536","694","670","848","1036","939","934","808",
"전북특별자치도","여자","62세","수급자수","","692","605","505","492","414","542","407","537","621","598","737","761","917","1079","978","976",
"전북특별자치도","여자","63세","수급자수","","618","702","579","486","487","486","559","422","532","721","667","822","831","980","1132","1039",
"전북특별자치도","여자","64세","수급자수","","579","614","683","563","472","347","469","550","430","628","784","760","921","905","1026","1182",
"전북특별자치도","여자","65 - 69세","수급자수","","4205","4045","3581","3133","2950","2947","3305","3150","3004","3419","3776","4141","4762","5058","5483","5786",
"전북특별자치도","여자","65세","수급자수","","608","583","610","674","578","496","615","508","592","557","751","924","905","1052","1023","1131",
"전북특별자치도","여자","66세","수급자수","","744","619","569","613","674","409","607","637","521","733","635","857","1063","979","1123","1097",
"전북특별자치도","여자","67세","수급자수","","1104","759","588","563","597","490","663","615","649","651","815","704","994","1133","1019","1187",
"전북특별자치도","여자","68세","수급자수","","936","1126","744","563","555","506","755","656","599","756","730","877","805","1058","1203","1099",
"전북특별자치도","여자","69세","수급자수","","813","958","1070","720","546","594","665","734","643","722","845","779","995","836","1115","1272",
"전북특별자치도","여자","70 - 74세","수급자수","","5252","4892","4474","4432","4105","3741","3958","3600","3237","3842","4248","4709","5169","5229","5317","5663",
"전북특별자치도","여자","70세","수급자수","","1058","817","916","1032","691","670","614","651","735","763","810","934","854","1067","890","1184",
"전북특별자치도","여자","71세","수급자수","","1025","1041","761","900","1003","613","626","597","636","911","825","885","1050","908","1128","955",
"전북특별자치도","여자","72세","수급자수","","1042","1016","956","736","874","564","739","599","584","781","1003","892","987","1151","971","1206",
"전북특별자치도","여자","73세","수급자수","","1042","1006","917","899","698","551","1079","728","576","684","855","1087","1014","1044","1223","1029",
"전북특별자치도","여자","74세","수급자수","","1085","1012","924","865","839","677","900","1025","706","703","755","911","1264","1059","1105","1289",
"전북특별자치도","여자","75 - 79세","수급자수","","4873","4949","4612","4362","4113","3904","3963","3842","3916","4752","5068","5324","5840","5710","5779","6131",
"전북특별자치도","여자","75세","수급자수","","1114","1074","923","860","811","987","711","872","1000","850","794","807","1038","1338","1115","1187",
"전북특별자치도","여자","76세","수급자수","","1028","1104","971","881","805","852","867","674","828","1206","942","870","928","1092","1381","1190",
"전북특별자치도","여자","77세","수급자수","","993","992","970","912","812","674","797","800","635","992","1337","1000","1005","993","1116","1480",
"전북특별자치도","여자","78세","수급자수","","877","949","897","903","857","816","798","752","754","793","1089","1475","1140","1074","1044","1184",
"전북특별자치도","여자","79세","수급자수","","861","830","851","806","828","773","790","744","699","911","906","1172","1729","1213","1123","1090",
"전북특별자치도","여자","80 - 84세","수급자수","","3438","3548","3354","3222","3214","3149","3316","3268","3167","4079","4700","5049","6326","7199","7327","7341",
"전북특별자치도","여자","80세","수급자수","","821","809","743","760","756","765","798","721","680","901","1019","987","1368","1831","1251","1174",
"전북특별자치도","여자","81세","수급자수","","760","760","719","668","704","749","754","735","661","847","998","1077","1167","1440","1894","1317",
"전북특별자치도","여자","82세","수급자수","","799","711","663","646","610","801","664","685","660","797","951","1044","1307","1234","1513","1957",
"전북특별자치도","여자","83세","수급자수","","611","721","619","602","594","770","586","615","627","800","880","1012","1267","1366","1263","1588",
"전북특별자치도","여자","84세","수급자수","","447","547","610","546","550","684","514","512","539","734","852","929","1217","1328","1406","1305",
"전북특별자치도","여자","85 - 89세","수급자수","","1777","1733","1667","1673","1674","1794","1953","1957","1898","2415","2944","3340","4634","5270","5704","6121",
"전북특별자치도","여자","85세","수급자수","","359","410","442","529","499","632","488","465","455","641","785","871","1123","1232","1337","1426",
"전북특별자치도","여자","86세","수급자수","","504","314","321","377","459","543","447","428","411","530","686","782","1062","1160","1230","1363",
"전북특별자치도","여자","87세","수급자수","","411","446","265","268","314","520","420","403","385","450","565","671","941","1090","1151","1208",
"전북특별자치도","여자","88세","수급자수","","254","355","365","211","225","492","358","361","347","430","479","552","833","942","1057","1117",
"전북특별자치도","여자","89세","수급자수","","249","208","274","288","177","448","240","300","300","364","429","464","675","846","929","1007",
"전북특별자치도","여자","90 - 94세","수급자수","","661","646","600","653","712","631","658","685","748","947","1202","1431","2056","2276","2542","2890",
"전북특별자치도","여자","90세","수급자수","","204","203","162","228","240","401","175","207","262","315","361","424","570","633","772","853",
"전북특별자치도","여자","91세","수급자수","","148","161","158","136","186","261","109","141","166","259","313","341","491","533","589","725",
"전북특별자치도","여자","92세","수급자수","","123","113","125","126","107","192","172","84","126","183","251","286","404","457","487","539",
"전북특별자치도","여자","93세","수급자수","","105","92","81","99","102","130","133","149","76","120","166","221","327","352","386","437",
"전북특별자치도","여자","94세","수급자수","","81","77","74","64","77","194","69","104","118","70","111","159","264","301","308","336",
"전북특별자치도","여자","95 - 99세","수급자수","","125","129","138","144","156","165","169","164","198","263","264","307","460","561","645","745",
"전북특별자치도","여자","95세","수급자수","","39","53","58","55","54","150","61","46","88","103","58","101","171","233","239","265",
"전북특별자치도","여자","96세","수급자수","","29","27","34","41","40","81","45","47","31","84","92","50","100","135","187","193",
"전북특별자치도","여자","97세","수급자수","","27","20","21","27","33","76","31","33","34","23","70","80","56","88","109","150",
"전북특별자치도","여자","98세","수급자수","","18","16","14","12","21","62","20","25","26","29","25","57","73","51","71","86",
"전북특별자치도","여자","99세","수급자수","","12","13","11","9","8","40","12","13","19","24","19","19","60","54","39","51",
"전북특별자치도","여자","100세 이상","수급자수","","37","31","27","22","27","25","29","34","34","46","52","57","68","91","103","111",
"전라남도","계","계","수급자수","","105007","100085","90643","81249","74196","69446","82490","77831","73106","78998","81356","87197","96006","98597","101803","105397",
"전라남도","계","0 - 4세","수급자수","","1770","1679","1482","1298","1174","1093","1246","1106","968","1018","1077","1104","1033","965","958","979",
"전라남도","계","0세","수급자수","","210","239","191","163","124","102","159","129","105","117","94","104","103","87","111","90",
"전라남도","계","1세","수급자수","","318","279","289","226","210","165","177","192","176","150","178","162","164","161","143","163",
"전라남도","계","2세","수급자수","","381","342","276","297","234","225","239","198","208","223","196","236","192","185","200","198",
"전라남도","계","3세","수급자수","","424","386","336","278","320","261","302","262","211","271","276","263","273","224","226","237",
"전라남도","계","4세","수급자수","","437","433","390","334","286","340","369","325","268","257","333","339","301","308","278","291",
"전라남도","계","5 - 9세","수급자수","","4529","3632","2969","2473","2173","1967","3718","3607","3146","3242","3298","3524","3594","3242","3146","3124",
"전라남도","계","5세","수급자수","","563","445","416","384","344","298","430","370","334","346","316","407","405","344","354","337",
"전라남도","계","6세","수급자수","","681","579","459","416","387","367","391","427","380","400","385","395","455","438","396","425",
"전라남도","계","7세","수급자수","","817","676","573","443","427","411","901","751","746","808","789","737","789","733","701","648",
"전라남도","계","8세","수급자수","","1093","836","685","564","443","37","1038","950","749","856","888","944","858","827","816","785",
"전라남도","계","9세","수급자수","","1375","1096","836","666","572","25","958","1109","937","832","920","1041","1087","900","879","929",
"전라남도","계","10 - 14세","수급자수","","9430","8510","7491","6164","5146","4341","6946","6451","5746","5552","5188","5626","6003","6078","6111","6292",
"전라남도","계","10세","수급자수","","1523","1390","1078","814","671","15","1059","1031","1070","980","877","1039","1176","1161","1008","991",
"전라남도","계","11세","수급자수","","1702","1518","1365","1023","816","432","1220","1108","1021","1120","998","1032","1155","1226","1221","1093",
"전라남도","계","12세","수급자수","","1962","1680","1484","1300","1001","459","1308","1282","1064","1034","1126","1114","1130","1248","1283","1340",
"전라남도","계","13세","수급자수","","1984","1937","1672","1440","1281","575","1550","1426","1235","1134","1039","1277","1210","1184","1345","1429",
"전라남도","계","14세","수급자수","","2259","1985","1892","1587","1377","699","1809","1604","1356","1284","1148","1164","1332","1259","1254","1439",
"전라남도","계","15 - 19세","수급자수","","11765","11348","10288","9027","7951","7168","11070","10231","8621","7766","6951","6661","6245","6181","6177","6366",
"전라남도","계","15세","수급자수","","2466","2237","1951","1771","1545","807","2216","1842","1504","1362","1255","1221","1209","1386","1309","1321",
"전라남도","계","16세","수급자수","","2500","2479","2180","1848","1700","996","2468","2377","1884","1572","1428","1407","1295","1241","1448","1400",
"전라남도","계","17세","수급자수","","2621","2473","2381","1978","1738","1264","2672","2424","2193","1836","1540","1489","1390","1279","1277","1482",
"전라남도","계","18세","수급자수","","2422","2402","2199","2031","1712","1337","2483","2402","1996","2031","1705","1546","1490","1386","1313","1295",
"전라남도","계","19세","수급자수","","1756","1757","1577","1399","1256","1521","1231","1186","1044","965","1023","998","861","889","830","868",
"전라남도","계","20 - 24세","수급자수","","3711","3727","3476","3167","2925","2901","3089","2987","2882","2992","2876","3204","3294","3136","3171","3165",
"전라남도","계","20세","수급자수","","1182","1145","1081","978","909","1644","887","899","883","803","726","863","795","682","703","673",
"전라남도","계","21세","수급자수","","835","903","846","805","712","1548","759","672","698","754","691","687","803","728","661","690",
"전라남도","계","22세","수급자수","","749","708","681","651","629","1118","649","643","566","600","629","687","671","741","756","673",
"전라남도","계","23세","수급자수","","526","580","479","415","422","860","455","435","419","460","463","542","552","541","603","602",
"전라남도","계","24세","수급자수","","419","391","389","318","253","716","339","338","316","375","367","425","473","444","448","527",
"전라남도","계","25 - 29세","수급자수","","1428","1360","1163","1011","930","882","985","928","905","983","1039","1251","1372","1434","1500","1548",
"전라남도","계","25세","수급자수","","300","322","271","273","242","602","249","235","263","261","293","328","349","392","361","368",
"전라남도","계","26세","수급자수","","272","244","241","210","196","417","185","185","170","224","220","284","278","286","325","324",
"전라남도","계","27세","수급자수","","296","231","189","173","174","306","187","158","153","161","200","230","263","258","267","301",
"전라남도","계","28세","수급자수","","282","290","204","155","158","193","177","181","149","157","178","220","243","255","270","274",
"전라남도","계","29세","수급자수","","278","273","258","200","160","192","187","169","170","180","148","189","239","243","277","281",
"전라남도","계","30 - 34세","수급자수","","2027","1824","1601","1378","1229","1154","1286","1170","1071","1141","1191","1345","1382","1433","1565","1713",
"전라남도","계","30세","수급자수","","303","273","272","252","198","170","194","189","177","176","203","204","231","283","293","337",
"전라남도","계","31세","수급자수","","365","310","247","250","251","169","210","196","190","214","201","246","232","248","314","350",
"전라남도","계","32세","수급자수","","411","378","303","244","252","158","260","205","208","233","229","271","275","264","298","350",
"전라남도","계","33세","수급자수","","440","423","366","287","243","173","304","267","217","249","269","296","317","314","306","331",
"전라남도","계","34세","수급자수","","508","440","413","345","285","200","318","313","279","269","289","328","327","324","354","345",
"전라남도","계","35 - 39세","수급자수","","4176","3710","3117","2648","2323","1998","2081","1897","1799","1970","2101","2281","2367","2295","2189","2292",
"전라남도","계","35세","수급자수","","629","531","435","403","345","250","330","322","334","317","315","344","377","361","372","394",
"전라남도","계","36세","수급자수","","749","649","519","420","402","271","373","345","337","376","362","391","416","415","385","414",
"전라남도","계","37세","수급자수","","788","758","640","517","438","260","384","359","363","421","439","443","439","437","445","455",
"전라남도","계","38세","수급자수","","965","801","737","615","536","286","481","382","378","421","469","528","524","492","472","496",
"전라남도","계","39세","수급자수","","1045","971","786","693","602","331","513","489","387","435","516","575","611","590","515","533",
"전라남도","계","40 - 44세","수급자수","","6771","6290","5550","4834","4158","3750","3934","3400","3110","2998","2979","3322","3598","3662","3830","3865",
"전라남도","계","40세","수급자수","","1136","1041","946","751","682","400","611","507","501","453","487","612","651","668","649","573",
"전라남도","계","41세","수급자수","","1370","1139","999","894","732","444","729","602","528","559","531","615","701","695","726","725",
"전라남도","계","42세","수급자수","","1303","1368","1090","942","861","537","785","715","620","563","632","636","699","774","772","806",
"전라남도","계","43세","수급자수","","1446","1302","1311","1029","902","627","840","754","701","654","600","746","730","768","846","854",
"전라남도","계","44세","수급자수","","1516","1440","1204","1218","981","675","969","822","760","769","729","713","817","757","837","907",
"전라남도","계","45 - 49세","수급자수","","8305","7716","7010","6294","5844","5397","5524","5101","4715","4640","4614","4910","4803","4729","4705","4826",
"전라남도","계","45세","수급자수","","1610","1505","1339","1121","1140","708","978","908","810","817","795","848","766","821","849","935",
"전라남도","계","46세","수급자수","","1556","1553","1385","1247","1077","863","1079","931","902","855","884","928","921","799","886","917",
"전라남도","계","47세","수급자수","","1570","1524","1470","1303","1171","877","1173","1068","902","962","922","1008","978","966","890","953",
"전라남도","계","48세","수급자수","","1678","1511","1431","1348","1221","981","1111","1120","1019","943","1017","1009","1052","1033","1013","951",
"전라남도","계","49세","수급자수","","1891","1623","1385","1275","1235","1100","1183","1074","1082","1063","996","1117","1086","1110","1067","1070",
"전라남도","계","50 - 54세","수급자수","","7238","7590","7372","6767","6280","6076","6205","5864","5708","5818","5841","6074","6280","6302","6288","6245",
"전라남도","계","50세","수급자수","","1672","1845","1527","1252","1220","1018","1239","1143","1045","1149","1099","1091","1222","1124","1151","1135",
"전라남도","계","51세","수급자수","","1481","1614","1717","1400","1127","1138","1259","1161","1121","1083","1173","1217","1169","1256","1183","1186",
"전라남도","계","52세","수급자수","","1459","1447","1487","1537","1274","1160","1225","1227","1152","1138","1119","1287","1276","1209","1313","1232",
"전라남도","계","53세","수급자수","","1286","1428","1346","1360","1410","1197","1185","1200","1183","1239","1178","1186","1368","1317","1259","1357",
"전라남도","계","54세","수급자수","","1340","1256","1295","1218","1249","1190","1297","1133","1207","1209","1272","1293","1245","1396","1382","1335",
"전라남도","계","55 - 59세","수급자수","","5370","5503","5271","5043","5089","5357","6186","6304","6327","6679","6782","6993","7142","7169","7260","7440",
"전라남도","계","55세","수급자수","","1166","1305","1155","1172","1134","1082","1458","1295","1126","1258","1237","1347","1353","1302","1437","1427",
"전라남도","계","56세","수급자수","","911","1122","1214","1055","1093","1239","1343","1407","1323","1194","1285","1354","1416","1377","1336","1485",
"전라남도","계","57세","수급자수","","1172","902","1035","1100","965","1368","1217","1307","1408","1362","1254","1384","1433","1474","1474","1415",
"전라남도","계","58세","수급자수","","1058","1137","815","970","996","1250","1126","1185","1293","1510","1441","1341","1494","1458","1508","1530",
"전라남도","계","59세","수급자수","","1063","1037","1052","746","901","1101","1042","1110","1177","1355","1565","1567","1446","1558","1505","1583",
"전라남도","계","60 - 64세","수급자수","","5398","5279","4981","4525","4103","4058","4748","4835","4975","5831","6490","7399","8159","8463","8782","8878",
"전라남도","계","60세","수급자수","","1078","1026","967","979","692","1059","1098","1028","1091","1259","1415","1724","1641","1491","1637","1569",
"전라남도","계","61세","수급자수","","1066","1042","935","863","910","940","977","1084","1031","1180","1360","1551","1843","1730","1556","1693",
"전라남도","계","62세","수급자수","","1231","1056","986","858","804","1007","791","979","1100","1138","1245","1471","1664","1903","1788","1633",
"전라남도","계","63세","수급자수","","969","1193","982","917","823","883","1008","771","982","1165","1204","1348","1545","1729","1979","1899",
"전라남도","계","64세","수급자수","","1054","962","1111","908","874","692","874","973","771","1089","1266","1305","1466","1610","1822","2084",
"전라남도","계","65 - 69세","수급자수","","7005","6495","5605","4867","4582","4471","5188","5038","4945","5609","5995","6721","7783","8329","9214","9930",
"전라남도","계","65세","수급자수","","1075","1036","933","1068","889","900","972","900","1045","978","1225","1505","1523","1667","1840","2050",
"전라남도","계","66세","수급자수","","1155","1066","978","894","1055","785","1041","975","921","1219","1069","1386","1741","1683","1818","1984",
"전라남도","계","67세","수급자수","","1740","1154","1033","911","844","798","1026","1004","977","1078","1338","1188","1594","1891","1794","1924",
"전라남도","계","68세","수급자수","","1520","1723","1068","991","873","879","1196","1021","997","1152","1151","1421","1332","1698","1971","1885",
"전라남도","계","69세","수급자수","","1515","1516","1593","1003","921","897","953","1138","1005","1182","1212","1221","1593","1390","1791","2087",
"전라남도","계","70 - 74세","수급자수","","8432","8032","7299","6820","6048","5370","5752","5160","4819","5774","6230","6715","7494","7797","8022","8602",
"전라남도","계","70세","수급자수","","1766","1483","1401","1481","965","1021","989","916","1112","1169","1257","1324","1376","1704","1438","1897",
"전라남도","계","71세","수급자수","","1684","1750","1327","1281","1394","824","1006","959","902","1328","1252","1345","1465","1443","1781","1541",
"전라남도","계","72세","수급자수","","1683","1645","1609","1242","1215","850","1042","941","947","1084","1388","1314","1503","1552","1527","1887",
"전라남도","계","73세","수급자수","","1564","1636","1504","1453","1159","879","1475","973","912","1101","1161","1484","1475","1560","1620","1597",
"전라남도","계","74세","수급자수","","1735","1518","1458","1363","1315","947","1240","1371","946","1092","1172","1248","1675","1538","1656","1680",
"전라남도","계","75 - 79세","수급자수","","7800","7506","6764","6231","5875","5484","5921","5639","5452","6657","6872","7073","7756","7716","8082","8587",
"전라남도","계","75세","수급자수","","1703","1672","1360","1349","1258","1321","1179","1148","1272","1125","1167","1236","1415","1756","1641","1759",
"전라남도","계","76세","수급자수","","1549","1605","1466","1207","1214","1127","1282","1106","1077","1613","1225","1214","1407","1504","1860","1707",
"전라남도","계","77세","수급자수","","1530","1456","1414","1319","1083","1096","1232","1176","1008","1336","1698","1286","1389","1486","1544","1945",
"전라남도","계","78세","수급자수","","1405","1452","1268","1251","1189","1185","1219","1101","1079","1241","1436","1818","1457","1459","1512","1596",
"전라남도","계","79세","수급자수","","1613","1321","1256","1105","1131","1164","1009","1108","1016","1342","1346","1519","2088","1511","1525","1580",
"전라남도","계","80 - 84세","수급자수","","5505","5647","5257","4935","4637","4302","4621","4258","4143","5415","6106","6612","8630","9375","9560","9411",
"전라남도","계","80세","수급자수","","1472","1472","1147","1079","1001","1114","1100","891","1014","1231","1441","1383","1818","2199","1608","1567",
"전라남도","계","81세","수급자수","","1162","1343","1282","1008","963","962","1019","964","825","1239","1321","1492","1696","1836","2296","1662",
"전라남도","계","82세","수급자수","","1083","1052","1144","1108","887","1059","887","880","841","1007","1275","1353","1831","1781","1916","2366",
"전라남도","계","83세","수급자수","","926","969","887","980","948","1009","863","783","772","993","1043","1301","1648","1884","1829","1961",
"전라남도","계","84세","수급자수","","862","811","797","760","838","880","752","740","691","945","1026","1083","1637","1675","1911","1855",
"전라남도","계","85 - 89세","수급자수","","3115","2995","2749","2528","2384","2413","2674","2584","2545","3329","3810","4153","5794","6490","7127","7653",
"전라남도","계","85세","수급자수","","678","734","645","649","646","852","756","628","653","823","985","1028","1347","1653","1668","1866",
"전라남도","계","86세","수급자수","","873","587","591","550","540","763","682","643","538","774","840","940","1296","1364","1667","1653",
"전라남도","계","87세","수급자수","","706","716","505","489","456","798","516","556","546","638","760","833","1227","1321","1352","1587",
"전라남도","계","88세","수급자수","","434","597","561","394","409","718","398","428","463","599","630","728","1013","1215","1283","1327",
"전라남도","계","89세","수급자수","","424","361","447","446","333","546","322","329","345","495","595","624","911","937","1157","1220",
"전라남도","계","90 - 94세","수급자수","","964","996","959","983","1110","1016","1034","1004","932","1163","1468","1745","2584","3018","3258","3543",
"전라남도","계","90세","수급자수","","330","332","289","331","377","439","276","254","272","385","485","555","728","884","874","1059",
"전라남도","계","91세","수급자수","","224","264","254","215","284","381","201","220","203","288","370","443","661","676","816","808",
"전라남도","계","92세","수급자수","","172","166","193","201","172","329","265","163","172","209","280","335","542","620","614","714",
"전라남도","계","93세","수급자수","","151","125","129","149","165","250","192","211","123","170","190","247","380","500","538","512",
"전라남도","계","94세","수급자수","","87","109","94","87","112","313","100","156","162","111","143","165","273","338","416","450",
"전라남도","계","95 - 99세","수급자수","","217","200","205","217","202","207","239","230","260","370","391","425","602","660","712","803",
"전라남도","계","95세","수급자수","","79","60","74","72","69","214","100","79","117","148","108","123","191","227","279","304",
"전라남도","계","96세","수급자수","","53","62","39","56","47","116","52","72","52","112","125","94","133","154","190","220",
"전라남도","계","97세","수급자수","","52","35","48","34","38","123","40","30","48","48","90","106","100","109","106","149",
"전라남도","계","98세","수급자수","","15","35","25","37","26","75","31","30","22","39","41","70","110","80","86","73",
"전라남도","계","99세","수급자수","","18","8","19","18","22","55","16","19","21","23","27","32","68","90","51","57",
"전라남도","계","100세 이상","수급자수","","51","46","34","39","33","41","43","37","37","51","57","59","91","123","146","135",
"전라남도","남자","계","수급자수","","44760","42689","39126","35339","32569","30947","37492","35913","34184","36023","36793","39293","41836","42629","44070","45805",
"전라남도","남자","0 - 4세","수급자수","","921","885","768","658","592","545","601","554","487","507","528","567","519","461","459","470",
"전라남도","남자","0세","수급자수","","104","124","96","81","68","47","66","77","60","52","36","46","54","45","50","41",
"전라남도","남자","1세","수급자수","","175","141","147","110","98","92","86","86","91","82","80","73","79","79","76","77",
"전라남도","남자","2세","수급자수","","190","184","141","148","118","105","122","98","101","119","109","113","90","82","98","97",
"전라남도","남자","3세","수급자수","","229","197","176","146","156","132","150","128","102","130","150","148","136","109","107","112",
"전라남도","남자","4세","수급자수","","223","239","208","173","152","169","177","165","133","124","153","187","160","146","128","143",
"전라남도","남자","5 - 9세","수급자수","","2379","1918","1551","1317","1149","1052","1944","1821","1581","1635","1689","1758","1793","1586","1599","1578",
"전라남도","남자","5세","수급자수","","294","229","235","205","192","161","212","183","172","168","161","187","225","180","167","164",
"전라남도","남자","6세","수급자수","","355","310","236","234","201","195","196","212","189","203","198","204","210","246","216","199",
"전라남도","남자","7세","수급자수","","424","345","305","224","231","223","489","379","361","419","400","343","400","326","383","352",
"전라남도","남자","8세","수급자수","","599","431","352","304","224","5","527","494","381","418","455","483","409","417","379","426",
"전라남도","남자","9세","수급자수","","707","603","423","350","301","1","520","553","478","427","475","541","549","417","454","437",
"전라남도","남자","10 - 14세","수급자수","","4859","4366","3888","3159","2670","2275","3633","3383","2977","2843","2643","2853","3031","3099","3108","3200",
"전라남도","남자","10세","수급자수","","784","713","599","421","352","1","527","561","541","496","447","534","591","577","489","501",
"전라남도","남자","11세","수급자수","","849","777","711","561","425","251","630","555","542","558","514","527","603","627","614","541",
"전라남도","남자","12세","수급자수","","1022","830","766","655","554","222","687","677","533","530","554","580","569","645","667","678",
"전라남도","남자","13세","수급자수","","1029","1000","826","729","645","304","827","763","649","580","545","615","625","601","701","732",
"전라남도","남자","14세","수급자수","","1175","1046","986","793","694","362","962","827","712","679","583","597","643","649","637","748",
"전라남도","남자","15 - 19세","수급자수","","6003","5760","5283","4651","4081","3681","5628","5173","4378","3953","3545","3410","3179","3078","3087","3171",
"전라남도","남자","15세","수급자수","","1301","1168","1033","917","772","417","1143","972","776","721","653","608","614","660","676","675",
"전라남도","남자","16세","수급자수","","1286","1305","1150","985","879","556","1283","1209","988","809","750","742","655","639","706","714",
"전라남도","남자","17세","수급자수","","1327","1279","1254","1041","941","636","1327","1257","1102","940","792","757","726","641","662","726",
"전라남도","남자","18세","수급자수","","1222","1217","1127","1055","906","673","1254","1172","1041","1026","883","789","773","713","648","661",
"전라남도","남자","19세","수급자수","","867","791","719","653","583","765","621","563","471","457","467","514","411","425","395","395",
"전라남도","남자","20 - 24세","수급자수","","1637","1557","1454","1351","1285","1272","1388","1437","1411","1405","1325","1443","1511","1447","1436","1424",
"전라남도","남자","20세","수급자수","","458","395","329","326","319","844","356","399","369","304","277","321","332","265","245","250",
"전라남도","남자","21세","수급자수","","307","329","326","279","276","856","278","281","314","300","268","250","310","322","271","259",
"전라남도","남자","22세","수급자수","","350","309","326","322","297","543","298","293","280","299","286","331","305","318","367","317",
"전라남도","남자","23세","수급자수","","284","309","254","235","248","299","265","257","249","284","266","287","306","284","300","324",
"전라남도","남자","24세","수급자수","","238","215","219","189","145","258","191","207","199","218","228","254","258","258","253","274",
"전라남도","남자","25 - 29세","수급자수","","728","709","576","493","458","434","480","439","453","504","535","646","713","734","767","813",
"전라남도","남자","25세","수급자수","","177","189","149","143","135","295","143","123","160","156","167","180","194","204","211","214",
"전라남도","남자","26세","수급자수","","155","137","127","117","92","231","91","106","90","125","121","153","144","151","165","190",
"전라남도","남자","27세","수급자수","","141","120","87","79","91","189","82","64","80","78","106","126","140","130","133","149",
"전라남도","남자","28세","수급자수","","140","134","101","67","67","113","74","74","54","75","78","104","126","130","127","130",
"전라남도","남자","29세","수급자수","","115","129","112","87","73","94","90","72","69","70","63","83","109","119","131","130",
"전라남도","남자","30 - 34세","수급자수","","911","839","724","601","526","488","524","496","459","477","480","540","557","610","694","780",
"전라남도","남자","30세","수급자수","","138","118","125","106","87","77","80","87","78","77","78","85","97","127","139","160",
"전라남도","남자","31세","수급자수","","160","135","107","113","107","81","83","82","87","89","81","99","98","105","146","164",
"전라남도","남자","32세","수급자수","","203","173","127","106","108","69","106","85","84","102","92","109","111","112","129","166",
"전라남도","남자","33세","수급자수","","198","209","166","121","106","78","132","108","95","99","122","111","129","129","138","139",
"전라남도","남자","34세","수급자수","","212","204","199","155","118","87","123","134","115","110","107","136","122","137","142","151",
"전라남도","남자","35 - 39세","수급자수","","1752","1572","1334","1171","1043","883","887","821","757","840","884","925","958","898","851","874",
"전라남도","남자","35세","수급자수","","279","216","198","192","149","104","137","132","143","137","136","132","157","141","157","152",
"전라남도","남자","36세","수급자수","","304","301","211","189","188","107","152","152","139","161","155","164","159","163","145","178",
"전라남도","남자","37세","수급자수","","317","315","291","217","197","112","161","145","155","182","187","186","173","170","174","166",
"전라남도","남자","38세","수급자수","","411","331","310","278","229","120","219","164","154","177","191","217","217","187","181","194",
"전라남도","남자","39세","수급자수","","441","409","324","295","280","145","218","228","166","183","215","226","252","237","194","184",
"전라남도","남자","40 - 44세","수급자수","","3137","2843","2463","2157","1851","1698","1772","1540","1473","1404","1371","1455","1537","1497","1513","1478",
"전라남도","남자","40세","수급자수","","483","440","402","306","299","190","266","221","236","199","196","247","241","265","259","205",
"전라남도","남자","41세","수급자수","","648","478","425","399","305","200","327","271","241","272","243","241","283","261","273","278",
"전라남도","남자","42세","수급자수","","557","657","481","404","393","228","361","325","285","267","311","290","282","311","286","305",
"전라남도","남자","43세","수급자수","","685","576","614","461","398","292","351","364","330","313","277","351","339","313","348","318",
"전라남도","남자","44세","수급자수","","764","692","541","587","456","311","467","359","381","353","344","326","392","347","347","372",
"전라남도","남자","45 - 49세","수급자수","","4560","4155","3758","3311","3063","2834","2864","2642","2426","2384","2382","2501","2376","2350","2279","2270",
"전라남도","남자","45세","수급자수","","801","756","673","512","573","306","454","448","371","417","384","406","353","401","372","403",
"전라남도","남자","46세","수급자수","","809","785","710","645","519","395","541","442","455","406","457","453","441","371","426","404",
"전라남도","남자","47세","수급자수","","886","813","763","699","628","394","621","543","449","502","457","525","484","474","429","454",
"전라남도","남자","48세","수급자수","","952","866","799","713","670","477","576","627","532","488","550","499","549","521","506","452",
"전라남도","남자","49세","수급자수","","1112","935","813","742","673","566","672","582","619","571","534","618","549","583","546","557",
"전라남도","남자","50 - 54세","수급자수","","4349","4589","4463","4133","3843","3689","3743","3513","3370","3407","3416","3491","3545","3534","3465","3429",
"전라남도","남자","50세","수급자수","","975","1100","909","751","731","506","706","662","583","677","592","590","673","579","630","593",
"전라남도","남자","51세","수급자수","","913","941","1039","849","696","630","737","667","662","609","700","660","640","704","599","656",
"전라남도","남자","52세","수급자수","","891","902","880","950","783","655","758","717","676","681","646","759","706","670","759","644",
"전라남도","남자","53세","수급자수","","781","873","838","824","874","675","752","743","698","731","720","684","804","746","706","779",
"전라남도","남자","54세","수급자수","","789","773","797","759","759","728","790","724","751","709","758","798","722","835","771","757",
"전라남도","남자","55 - 59세","수급자수","","3094","3218","3154","3057","3119","3285","3807","3883","3956","4112","4177","4227","4332","4302","4377","4495",
"전라남도","남자","55세","수급자수","","708","771","717","724","707","676","901","790","733","783","732","790","844","768","868","806",
"전라남도","남자","56세","수급자수","","553","682","719","662","687","762","822","870","824","765","816","800","829","857","793","908",
"전라남도","남자","57세","수급자수","","664","542","630","645","597","848","733","800","885","837","800","862","844","879","926","851",
"전라남도","남자","58세","수급자수","","595","642","490","590","588","760","700","725","793","918","878","844","915","850","912","965",
"전라남도","남자","59세","수급자수","","574","581","598","436","540","679","651","698","721","809","951","931","900","948","878","965",
"전라남도","남자","60 - 64세","수급자수","","2403","2472","2464","2345","2202","2300","2677","2828","2967","3426","3813","4350","4781","4934","5161","5222",
"전라남도","남자","60세","수급자수","","525","552","537","555","400","667","641","651","680","756","849","1038","973","924","994","910",
"전라남도","남자","61세","수급자수","","496","498","502","479","519","584","576","643","639","716","815","911","1108","1001","954","1028",
"전라남도","남자","62세","수급자수","","557","487","468","447","445","595","435","573","640","683","752","851","971","1121","1028","992",
"전라남도","남자","63세","수급자수","","429","515","462","437","430","530","565","423","576","656","710","798","881","999","1146","1092",
"전라남도","남자","64세","수급자수","","396","420","495","427","408","401","460","538","432","615","687","752","848","889","1039","1200",
"전라남도","남자","65 - 69세","수급자수","","2480","2296","2075","1950","1925","1957","2432","2443","2529","2860","3089","3526","4073","4423","4891","5378",
"전라남도","남자","65세","수급자수","","410","385","406","489","420","512","498","479","573","525","655","807","846","952","1004","1164",
"전라남도","남자","66세","수급자수","","424","401","364","385","472","438","516","503","493","635","553","743","919","920","1020","1070",
"전라남도","남자","67세","수급자수","","605","412","397","336","363","419","479","503","505","559","686","616","851","977","977","1075",
"전라남도","남자","68세","수급자수","","534","582","382","377","317","415","524","466","502","564","610","709","677","874","995","1018",
"전라남도","남자","69세","수급자수","","507","516","526","363","353","419","415","492","456","577","585","651","780","700","895","1051",
"전라남도","남자","70 - 74세","수급자수","","2352","2299","2202","2169","2014","1885","2070","1931","1919","2280","2501","2792","3226","3520","3736","4077",
"전라남도","남자","70세","수급자수","","542","480","476","495","351","456","370","401","476","511","580","625","708","811","706","955",
"전라남도","남자","71세","수급자수","","492","531","434","447","455","355","381","361","386","534","530","611","672","742","842","747",
"전라남도","남자","72세","수급자수","","446","466","488","397","428","312","384","362","367","434","536","535","656","692","765","891",
"전라남도","남자","73세","수급자수","","420","429","426","443","378","337","493","350","354","397","453","556","583","680","708","768",
"전라남도","남자","74세","수급자수","","452","393","378","387","402","348","442","457","336","404","402","465","607","595","715","716",
"전라남도","남자","75 - 79세","수급자수","","1676","1703","1562","1501","1460","1434","1632","1681","1708","2079","2193","2293","2461","2543","2701","2964",
"전라남도","남자","75세","수급자수","","432","422","331","348","352","439","375","415","425","386","423","420","510","613","608","735",
"전라남도","남자","76세","수급자수","","362","387","376","290","310","406","388","351","397","522","417","433","463","534","631","605",
"전라남도","남자","77세","수급자수","","315","336","323","331","256","355","316","352","315","444","534","440","458","475","531","646",
"전라남도","남자","78세","수급자수","","294","295","291","293","297","355","319","286","310","365","439","545","458","457","466","516",
"전라남도","남자","79세","수급자수","","273","263","241","239","245","315","234","277","261","362","380","455","572","464","465","462",
"전라남도","남자","80 - 84세","수급자수","","924","930","869","834","828","795","940","872","904","1243","1408","1589","2019","2174","2335","2365",
"전라남도","남자","80세","수급자수","","242","237","223","197","217","277","253","199","258","299","362","384","497","557","471","457",
"전라남도","남자","81세","수급자수","","206","225","202","205","171","226","219","210","179","318","314","379","422","467","570","464",
"전라남도","남자","82세","수급자수","","188","174","183","170","180","261","187","188","177","216","315","319","420","423","470","559",
"전라남도","남자","83세","수급자수","","159","155","139","147","130","215","147","157","159","220","201","308","336","406","415","463",
"전라남도","남자","84세","수급자수","","129","139","122","115","130","182","134","118","131","190","216","199","344","321","409","422",
"전라남도","남자","85 - 89세","수급자수","","454","432","399","347","319","303","338","339","337","523","627","704","900","1047","1203","1343",
"전라남도","남자","85세","수급자수","","131","104","104","88","87","144","98","105","98","171","201","200","226","331","299","380",
"전라남도","남자","86세","수급자수","","115","100","85","79","68","148","100","77","79","121","154","177","213","218","311","280",
"전라남도","남자","87세","수급자수","","100","97","84","66","66","106","62","78","56","97","102","146","196","208","217","295",
"전라남도","남자","88세","수급자수","","61","83","73","64","52","105","41","46","66","68","94","94","152","183","205","211",
"전라남도","남자","89세","수급자수","","47","48","53","50","46","63","37","33","38","66","76","87","113","107","171","177",
"전라남도","남자","90 - 94세","수급자수","","118","123","121","114","123","118","109","94","76","110","147","191","274","339","335","399",
"전라남도","남자","90세","수급자수","","48","36","39","36","43","48","27","24","23","43","56","64","80","99","97","151",
"전라남도","남자","91세","수급자수","","23","42","26","29","29","50","26","23","15","27","43","53","63","83","76","86",
"전라남도","남자","92세","수급자수","","20","16","29","18","22","37","27","16","14","13","25","44","58","62","67","68",
"전라남도","남자","93세","수급자수","","18","17","13","23","12","39","17","21","9","12","13","19","49","51","52","49",
"전라남도","남자","94세","수급자수","","9","12","14","8","17","34","12","10","15","15","10","11","24","44","43","45",
"전라남도","남자","95 - 99세","수급자수","","17","18","17","20","18","17","21","20","14","28","37","29","48","48","63","69",
"전라남도","남자","95세","수급자수","","8","8","7","9","5","21","6","8","7","14","15","6","16","15","34","28",
"전라남도","남자","96세","수급자수","","7","7","4","5","6","17","6","4","5","6","8","12","7","12","14","25",
"전라남도","남자","97세","수급자수","","0","3","5","2","2","7","3","3","1","6","5","6","12","5","6","11",
"전라남도","남자","98세","수급자수","","0","0","1","4","1","6","5","1","0","2","6","2","9","8","6","1",
"전라남도","남자","99세","수급자수","","2","0","0","0","4","4","1","4","1","0","3","3","4","8","3","4",
"전라남도","남자","100세 이상","수급자수","","6","5","1","0","0","2","2","3","2","3","3","3","3","5","10","6",
"전라남도","여자","계","수급자수","","60247","57396","51517","45910","41627","38499","44998","41918","38922","42975","44563","47904","54170","55968","57733","59592",
"전라남도","여자","0 - 4세","수급자수","","849","794","714","640","582","548","645","552","481","511","549","537","514","504","499","509",
"전라남도","여자","0세","수급자수","","106","115","95","82","56","55","93","52","45","65","58","58","49","42","61","49",
"전라남도","여자","1세","수급자수","","143","138","142","116","112","73","91","106","85","68","98","89","85","82","67","86",
"전라남도","여자","2세","수급자수","","191","158","135","149","116","120","117","100","107","104","87","123","102","103","102","101",
"전라남도","여자","3세","수급자수","","195","189","160","132","164","129","152","134","109","141","126","115","137","115","119","125",
"전라남도","여자","4세","수급자수","","214","194","182","161","134","171","192","160","135","133","180","152","141","162","150","148",
"전라남도","여자","5 - 9세","수급자수","","2150","1714","1418","1156","1024","915","1774","1786","1565","1607","1609","1766","1801","1656","1547","1546",
"전라남도","여자","5세","수급자수","","269","216","181","179","152","137","218","187","162","178","155","220","180","164","187","173",
"전라남도","여자","6세","수급자수","","326","269","223","182","186","172","195","215","191","197","187","191","245","192","180","226",
"전라남도","여자","7세","수급자수","","393","331","268","219","196","188","412","372","385","389","389","394","389","407","318","296",
"전라남도","여자","8세","수급자수","","494","405","333","260","219","32","511","456","368","438","433","461","449","410","437","359",
"전라남도","여자","9세","수급자수","","668","493","413","316","271","24","438","556","459","405","445","500","538","483","425","492",
"전라남도","여자","10 - 14세","수급자수","","4571","4144","3603","3005","2476","2066","3313","3068","2769","2709","2545","2773","2972","2979","3003","3092",
"전라남도","여자","10세","수급자수","","739","677","479","393","319","14","532","470","529","484","430","505","585","584","519","490",
"전라남도","여자","11세","수급자수","","853","741","654","462","391","181","590","553","479","562","484","505","552","599","607","552",
"전라남도","여자","12세","수급자수","","940","850","718","645","447","237","621","605","531","504","572","534","561","603","616","662",
"전라남도","여자","13세","수급자수","","955","937","846","711","636","271","723","663","586","554","494","662","585","583","644","697",
"전라남도","여자","14세","수급자수","","1084","939","906","794","683","337","847","777","644","605","565","567","689","610","617","691",
"전라남도","여자","15 - 19세","수급자수","","5762","5588","5005","4376","3870","3487","5442","5058","4243","3813","3406","3251","3066","3103","3090","3195",
"전라남도","여자","15세","수급자수","","1165","1069","918","854","773","390","1073","870","728","641","602","613","595","726","633","646",
"전라남도","여자","16세","수급자수","","1214","1174","1030","863","821","440","1185","1168","896","763","678","665","640","602","742","686",
"전라남도","여자","17세","수급자수","","1294","1194","1127","937","797","628","1345","1167","1091","896","748","732","664","638","615","756",
"전라남도","여자","18세","수급자수","","1200","1185","1072","976","806","664","1229","1230","955","1005","822","757","717","673","665","634",
"전라남도","여자","19세","수급자수","","889","966","858","746","673","756","610","623","573","508","556","484","450","464","435","473",
"전라남도","여자","20 - 24세","수급자수","","2074","2170","2022","1816","1640","1629","1701","1550","1471","1587","1551","1761","1783","1689","1735","1741",
"전라남도","여자","20세","수급자수","","724","750","752","652","590","800","531","500","514","499","449","542","463","417","458","423",
"전라남도","여자","21세","수급자수","","528","574","520","526","436","692","481","391","384","454","423","437","493","406","390","431",
"전라남도","여자","22세","수급자수","","399","399","355","329","332","575","351","350","286","301","343","356","366","423","389","356",
"전라남도","여자","23세","수급자수","","242","271","225","180","174","561","190","178","170","176","197","255","246","257","303","278",
"전라남도","여자","24세","수급자수","","181","176","170","129","108","458","148","131","117","157","139","171","215","186","195","253",
"전라남도","여자","25 - 29세","수급자수","","700","651","587","518","472","448","505","489","452","479","504","605","659","700","733","735",
"전라남도","여자","25세","수급자수","","123","133","122","130","107","307","106","112","103","105","126","148","155","188","150","154",
"전라남도","여자","26세","수급자수","","117","107","114","93","104","186","94","79","80","99","99","131","134","135","160","134",
"전라남도","여자","27세","수급자수","","155","111","102","94","83","117","105","94","73","83","94","104","123","128","134","152",
"전라남도","여자","28세","수급자수","","142","156","103","88","91","80","103","107","95","82","100","116","117","125","143","144",
"전라남도","여자","29세","수급자수","","163","144","146","113","87","98","97","97","101","110","85","106","130","124","146","151",
"전라남도","여자","30 - 34세","수급자수","","1116","985","877","777","703","666","762","674","612","664","711","805","825","823","871","933",
"전라남도","여자","30세","수급자수","","165","155","147","146","111","93","114","102","99","99","125","119","134","156","154","177",
"전라남도","여자","31세","수급자수","","205","175","140","137","144","88","127","114","103","125","120","147","134","143","168","186",
"전라남도","여자","32세","수급자수","","208","205","176","138","144","89","154","120","124","131","137","162","164","152","169","184",
"전라남도","여자","33세","수급자수","","242","214","200","166","137","95","172","159","122","150","147","185","188","185","168","192",
"전라남도","여자","34세","수급자수","","296","236","214","190","167","113","195","179","164","159","182","192","205","187","212","194",
"전라남도","여자","35 - 39세","수급자수","","2424","2138","1783","1477","1280","1115","1194","1076","1042","1130","1217","1356","1409","1397","1338","1418",
"전라남도","여자","35세","수급자수","","350","315","237","211","196","146","193","190","191","180","179","212","220","220","215","242",
"전라남도","여자","36세","수급자수","","445","348","308","231","214","164","221","193","198","215","207","227","257","252","240","236",
"전라남도","여자","37세","수급자수","","471","443","349","300","241","148","223","214","208","239","252","257","266","267","271","289",
"전라남도","여자","38세","수급자수","","554","470","427","337","307","166","262","218","224","244","278","311","307","305","291","302",
"전라남도","여자","39세","수급자수","","604","562","462","398","322","186","295","261","221","252","301","349","359","353","321","349",
"전라남도","여자","40 - 44세","수급자수","","3634","3447","3087","2677","2307","2052","2162","1860","1637","1594","1608","1867","2061","2165","2317","2387",
"전라남도","여자","40세","수급자수","","653","601","544","445","383","210","345","286","265","254","291","365","410","403","390","368",
"전라남도","여자","41세","수급자수","","722","661","574","495","427","244","402","331","287","287","288","374","418","434","453","447",
"전라남도","여자","42세","수급자수","","746","711","609","538","468","309","424","390","335","296","321","346","417","463","486","501",
"전라남도","여자","43세","수급자수","","761","726","697","568","504","335","489","390","371","341","323","395","391","455","498","536",
"전라남도","여자","44세","수급자수","","752","748","663","631","525","364","502","463","379","416","385","387","425","410","490","535",
"전라남도","여자","45 - 49세","수급자수","","3745","3561","3252","2983","2781","2563","2660","2459","2289","2256","2232","2409","2427","2379","2426","2556",
"전라남도","여자","45세","수급자수","","809","749","666","609","567","402","524","460","439","400","411","442","413","420","477","532",
"전라남도","여자","46세","수급자수","","747","768","675","602","558","468","538","489","447","449","427","475","480","428","460","513",
"전라남도","여자","47세","수급자수","","684","711","707","604","543","483","552","525","453","460","465","483","494","492","461","499",
"전라남도","여자","48세","수급자수","","726","645","632","635","551","504","535","493","487","455","467","510","503","512","507","499",
"전라남도","여자","49세","수급자수","","779","688","572","533","562","534","511","492","463","492","462","499","537","527","521","513",
"전라남도","여자","50 - 54세","수급자수","","2889","3001","2909","2634","2437","2387","2462","2351","2338","2411","2425","2583","2735","2768","2823","2816",
"전라남도","여자","50세","수급자수","","697","745","618","501","489","512","533","481","462","472","507","501","549","545","521","542",
"전라남도","여자","51세","수급자수","","568","673","678","551","431","508","522","494","459","474","473","557","529","552","584","530",
"전라남도","여자","52세","수급자수","","568","545","607","587","491","505","467","510","476","457","473","528","570","539","554","588",
"전라남도","여자","53세","수급자수","","505","555","508","536","536","522","433","457","485","508","458","502","564","571","553","578",
"전라남도","여자","54세","수급자수","","551","483","498","459","490","462","507","409","456","500","514","495","523","561","611","578",
"전라남도","여자","55 - 59세","수급자수","","2276","2285","2117","1986","1970","2072","2379","2421","2371","2567","2605","2766","2810","2867","2883","2945",
"전라남도","여자","55세","수급자수","","458","534","438","448","427","406","557","505","393","475","505","557","509","534","569","621",
"전라남도","여자","56세","수급자수","","358","440","495","393","406","477","521","537","499","429","469","554","587","520","543","577",
"전라남도","여자","57세","수급자수","","508","360","405","455","368","520","484","507","523","525","454","522","589","595","548","564",
"전라남도","여자","58세","수급자수","","463","495","325","380","408","490","426","460","500","592","563","497","579","608","596","565",
"전라남도","여자","59세","수급자수","","489","456","454","310","361","422","391","412","456","546","614","636","546","610","627","618",
"전라남도","여자","60 - 64세","수급자수","","2995","2807","2517","2180","1901","1758","2071","2007","2008","2405","2677","3049","3378","3529","3621","3656",
"전라남도","여자","60세","수급자수","","553","474","430","424","292","392","457","377","411","503","566","686","668","567","643","659",
"전라남도","여자","61세","수급자수","","570","544","433","384","391","356","401","441","392","464","545","640","735","729","602","665",
"전라남도","여자","62세","수급자수","","674","569","518","411","359","412","356","406","460","455","493","620","693","782","760","641",
"전라남도","여자","63세","수급자수","","540","678","520","480","393","353","443","348","406","509","494","550","664","730","833","807",
"전라남도","여자","64세","수급자수","","658","542","616","481","466","291","414","435","339","474","579","553","618","721","783","884",
"전라남도","여자","65 - 69세","수급자수","","4525","4199","3530","2917","2657","2514","2756","2595","2416","2749","2906","3195","3710","3906","4323","4552",
"전라남도","여자","65세","수급자수","","665","651","527","579","469","388","474","421","472","453","570","698","677","715","836","886",
"전라남도","여자","66세","수급자수","","731","665","614","509","583","347","525","472","428","584","516","643","822","763","798","914",
"전라남도","여자","67세","수급자수","","1135","742","636","575","481","379","547","501","472","519","652","572","743","914","817","849",
"전라남도","여자","68세","수급자수","","986","1141","686","614","556","464","672","555","495","588","541","712","655","824","976","867",
"전라남도","여자","69세","수급자수","","1008","1000","1067","640","568","478","538","646","549","605","627","570","813","690","896","1036",
"전라남도","여자","70 - 74세","수급자수","","6080","5733","5097","4651","4034","3485","3682","3229","2900","3494","3729","3923","4268","4277","4286","4525",
"전라남도","여자","70세","수급자수","","1224","1003","925","986","614","565","619","515","636","658","677","699","668","893","732","942",
"전라남도","여자","71세","수급자수","","1192","1219","893","834","939","469","625","598","516","794","722","734","793","701","939","794",
"전라남도","여자","72세","수급자수","","1237","1179","1121","845","787","538","658","579","580","650","852","779","847","860","762","996",
"전라남도","여자","73세","수급자수","","1144","1207","1078","1010","781","542","982","623","558","704","708","928","892","880","912","829",
"전라남도","여자","74세","수급자수","","1283","1125","1080","976","913","599","798","914","610","688","770","783","1068","943","941","964",
"전라남도","여자","75 - 79세","수급자수","","6124","5803","5202","4730","4415","4050","4289","3958","3744","4578","4679","4780","5295","5173","5381","5623",
"전라남도","여자","75세","수급자수","","1271","1250","1029","1001","906","882","804","733","847","739","744","816","905","1143","1033","1024",
"전라남도","여자","76세","수급자수","","1187","1218","1090","917","904","721","894","755","680","1091","808","781","944","970","1229","1102",
"전라남도","여자","77세","수급자수","","1215","1120","1091","988","827","741","916","824","693","892","1164","846","931","1011","1013","1299",
"전라남도","여자","78세","수급자수","","1111","1157","977","958","892","830","900","815","769","876","997","1273","999","1002","1046","1080",
"전라남도","여자","79세","수급자수","","1340","1058","1015","866","886","849","775","831","755","980","966","1064","1516","1047","1060","1118",
"전라남도","여자","80 - 84세","수급자수","","4581","4717","4388","4101","3809","3507","3681","3386","3239","4172","4698","5023","6611","7201","7225","7046",
"전라남도","여자","80세","수급자수","","1230","1235","924","882","784","837","847","692","756","932","1079","999","1321","1642","1137","1110",
"전라남도","여자","81세","수급자수","","956","1118","1080","803","792","736","800","754","646","921","1007","1113","1274","1369","1726","1198",
"전라남도","여자","82세","수급자수","","895","878","961","938","707","798","700","692","664","791","960","1034","1411","1358","1446","1807",
"전라남도","여자","83세","수급자수","","767","814","748","833","818","794","716","626","613","773","842","993","1312","1478","1414","1498",
"전라남도","여자","84세","수급자수","","733","672","675","645","708","698","618","622","560","755","810","884","1293","1354","1502","1433",
"전라남도","여자","85 - 89세","수급자수","","2661","2563","2350","2181","2065","2110","2336","2245","2208","2806","3183","3449","4894","5443","5924","6310",
"전라남도","여자","85세","수급자수","","547","630","541","561","559","708","658","523","555","652","784","828","1121","1322","1369","1486",
"전라남도","여자","86세","수급자수","","758","487","506","471","472","615","582","566","459","653","686","763","1083","1146","1356","1373",
"전라남도","여자","87세","수급자수","","606","619","421","423","390","692","454","478","490","541","658","687","1031","1113","1135","1292",
"전라남도","여자","88세","수급자수","","373","514","488","330","357","613","357","382","397","531","536","634","861","1032","1078","1116",
"전라남도","여자","89세","수급자수","","377","313","394","396","287","483","285","296","307","429","519","537","798","830","986","1043",
"전라남도","여자","90 - 94세","수급자수","","846","873","838","869","987","898","925","910","856","1053","1321","1554","2310","2679","2923","3144",
"전라남도","여자","90세","수급자수","","282","296","250","295","334","391","249","230","249","342","429","491","648","785","777","908",
"전라남도","여자","91세","수급자수","","201","222","228","186","255","331","175","197","188","261","327","390","598","593","740","722",
"전라남도","여자","92세","수급자수","","152","150","164","183","150","292","238","147","158","196","255","291","484","558","547","646",
"전라남도","여자","93세","수급자수","","133","108","116","126","153","211","175","190","114","158","177","228","331","449","486","463",
"전라남도","여자","94세","수급자수","","78","97","80","79","95","279","88","146","147","96","133","154","249","294","373","405",
"전라남도","여자","95 - 99세","수급자수","","200","182","188","197","184","190","218","210","246","342","354","396","554","612","649","734",
"전라남도","여자","95세","수급자수","","71","52","67","63","64","193","94","71","110","134","93","117","175","212","245","276",
"전라남도","여자","96세","수급자수","","46","55","35","51","41","99","46","68","47","106","117","82","126","142","176","195",
"전라남도","여자","97세","수급자수","","52","32","43","32","36","116","37","27","47","42","85","100","88","104","100","138",
"전라남도","여자","98세","수급자수","","15","35","24","33","25","69","26","29","22","37","35","68","101","72","80","72",
"전라남도","여자","99세","수급자수","","16","8","19","18","18","51","15","15","20","23","24","29","64","82","48","53",
"전라남도","여자","100세 이상","수급자수","","45","41","33","39","33","39","41","34","35","48","54","56","88","118","136","129",
"경상북도","계","계","수급자수","","119035","115433","106949","97784","92151","88356","102353","98043","92972","100423","106860","118163","133916","139946","143562","149621",
"경상북도","계","0 - 4세","수급자수","","2101","1956","1823","1561","1412","1325","1405","1221","1079","1167","1308","1520","1645","1511","1412","1361",
"경상북도","계","0세","수급자수","","248","243","233","204","162","143","165","145","117","145","143","163","166","146","139","147",
"경상북도","계","1세","수급자수","","354","306","310","298","258","202","203","202","178","190","219","239","291","231","237","199",
"경상북도","계","2세","수급자수","","490","390","318","327","332","282","279","227","226","245","266","314","327","323","261","285",
"경상북도","계","3세","수급자수","","458","521","415","317","343","346","347","312","235","269","318","369","400","363","377","300",
"경상북도","계","4세","수급자수","","551","496","547","415","317","352","411","335","323","318","362","435","461","448","398","430",
"경상북도","계","5 - 9세","수급자수","","4813","4086","3479","2993","2688","2340","4507","4284","3614","3622","3932","4362","4694","4503","4340","4271",
"경상북도","계","5세","수급자수","","624","579","496","513","416","322","429","422","351","412","426","502","564","513","505","458",
"경상북도","계","6세","수급자수","","725","657","577","492","502","448","399","436","435","442","522","559","652","636","596","598",
"경상북도","계","7세","수급자수","","890","754","669","576","518","482","1160","901","782","921","919","967","1018","1017","965","913",
"경상북도","계","8세","수급자수","","1135","948","769","664","573","36","1247","1233","899","890","1030","1097","1164","1073","1112","1053",
"경상북도","계","9세","수급자수","","1439","1148","968","748","679","23","1272","1292","1147","957","1035","1237","1296","1264","1162","1249",
"경상북도","계","10 - 14세","수급자수","","9827","9147","8058","6684","5681","4854","8144","7679","6628","6428","6305","6869","7556","7641","7723","7854",
"경상북도","계","10세","수급자수","","1570","1464","1139","939","756","16","1266","1336","1221","1168","1043","1211","1426","1383","1373","1270",
"경상북도","계","11세","수급자수","","1755","1621","1468","1115","962","523","1428","1340","1259","1278","1256","1217","1409","1546","1480","1474",
"경상북도","계","12세","수급자수","","2041","1817","1593","1410","1092","565","1501","1506","1231","1244","1324","1414","1395","1481","1651","1610",
"경상북도","계","13세","수급자수","","2124","2078","1822","1505","1397","704","1857","1610","1447","1302","1346","1561","1637","1518","1623","1770",
"경상북도","계","14세","수급자수","","2337","2167","2036","1715","1474","748","2092","1887","1470","1436","1336","1466","1689","1713","1596","1730",
"경상북도","계","15 - 19세","수급자수","","12666","12218","11141","9848","9067","8237","12378","11658","9779","8737","7983","7989","7994","8019","8164","8366",
"경상북도","계","15세","수급자수","","2538","2368","2136","1953","1708","941","2598","2150","1781","1477","1453","1498","1562","1767","1797","1676",
"경상북도","계","16세","수급자수","","2592","2544","2328","2038","1911","1098","2651","2652","2036","1820","1589","1673","1673","1686","1843","1889",
"경상북도","계","17세","수급자수","","2901","2609","2485","2184","1984","1363","2867","2675","2422","2001","1807","1736","1757","1692","1718","1903",
"경상북도","계","18세","수급자수","","2621","2727","2334","2144","1994","1455","2778","2686","2253","2234","1887","1872","1784","1745","1710","1755",
"경상북도","계","19세","수급자수","","2014","1970","1858","1529","1470","1686","1484","1495","1287","1205","1247","1210","1218","1129","1096","1143",
"경상북도","계","20 - 24세","수급자수","","4400","4360","4075","3754","3660","3657","3852","3671","3678","3878","3968","4429","4623","4350","4233","4318",
"경상북도","계","20세","수급자수","","1296","1340","1269","1131","1054","1858","1111","1065","1105","1021","1000","1083","1028","990","901","933",
"경상북도","계","21세","수급자수","","1040","973","1010","927","916","1810","850","837","894","950","899","988","1058","932","944","865",
"경상북도","계","22세","수급자수","","871","820","761","801","773","1428","797","736","727","819","890","917","983","991","901","935",
"경상북도","계","23세","수급자수","","688","691","571","506","572","1010","659","550","555","612","675","792","828","756","846","812",
"경상북도","계","24세","수급자수","","505","536","464","389","345","840","435","483","397","476","504","649","726","681","641","773",
"경상북도","계","25 - 29세","수급자수","","1791","1645","1498","1288","1192","1149","1243","1143","1137","1292","1479","1759","2105","2151","2186","2309",
"경상북도","계","25세","수급자수","","381","402","405","307","293","823","349","316","338","334","410","455","560","570","566","564",
"경상북도","계","26세","수급자수","","350","316","296","280","240","563","243","245","233","291","292","387","440","464","452","511",
"경상북도","계","27세","수급자수","","335","314","268","235","237","421","227","201","205","246","273","315","389","390","418","434",
"경상북도","계","28세","수급자수","","334","299","267","222","216","276","186","200","181","214","265","308","358","392","374","414",
"경상북도","계","29세","수급자수","","391","314","262","244","206","243","238","181","180","207","239","294","358","335","376","386",
"경상북도","계","30 - 34세","수급자수","","2476","2280","2045","1785","1649","1538","1520","1396","1285","1383","1590","1958","2212","2378","2460","2617",
"경상북도","계","30세","수급자수","","380","394","316","272","250","204","230","230","183","220","269","329","391","436","415","470",
"경상북도","계","31세","수급자수","","426","402","384","326","278","219","255","241","235","238","292","361","421","450","509","464",
"경상북도","계","32세","수급자수","","501","433","397","394","324","207","301","268","255","286","273","381","437","473","505","544",
"경상북도","계","33세","수급자수","","505","515","431","383","404","217","340","303","284","304","374","382","485","486","510","558",
"경상북도","계","34세","수급자수","","664","536","517","410","393","262","394","354","328","335","382","505","478","533","521","581",
"경상북도","계","35 - 39세","수급자수","","5295","4834","4120","3481","2955","2606","2706","2520","2361","2578","2762","3228","3691","3551","3463","3554",
"경상북도","계","35세","수급자수","","793","687","532","518","422","298","485","405","389","398","387","485","638","538","586","582",
"경상북도","계","36세","수급자수","","952","827","694","524","517","335","463","490","413","478","489","530","624","676","602","651",
"경상북도","계","37세","수급자수","","1049","990","825","673","542","426","520","477","515","504","583","659","657","693","731","680",
"경상북도","계","38세","수급자수","","1177","1098","995","793","685","395","605","531","496","587","595","769","821","714","743","806",
"경상북도","계","39세","수급자수","","1324","1232","1074","973","789","444","633","617","548","611","708","785","951","930","801","835",
"경상북도","계","40 - 44세","수급자수","","8650","8144","7341","6502","5810","5204","5126","4480","4066","4090","4253","4951","5538","5794","5966","6029",
"경상북도","계","40세","수급자수","","1499","1370","1199","1039","978","519","795","626","651","667","724","939","973","1041","1020","882",
"경상북도","계","41세","수급자수","","1767","1516","1334","1163","1023","554","911","800","629","768","768","916","1098","1097","1153","1113",
"경상북도","계","42세","수급자수","","1676","1784","1468","1285","1142","694","1091","918","810","733","890","972","1070","1225","1181","1286",
"경상북도","계","43세","수급자수","","1794","1692","1733","1397","1260","809","1090","1082","916","921","837","1094","1139","1165","1352","1272",
"경상북도","계","44세","수급자수","","1914","1782","1607","1618","1407","995","1239","1054","1060","1001","1034","1030","1258","1266","1260","1476",
"경상북도","계","45 - 49세","수급자수","","10335","9964","9031","7942","7622","7274","7410","6893","6435","6449","6541","7220","7480","7500","7484","7317",
"경상북도","계","45세","수급자수","","1890","1888","1704","1479","1579","1003","1330","1207","1053","1164","1117","1245","1234","1361","1330","1359",
"경상북도","계","46세","수급자수","","1899","1888","1808","1557","1418","1135","1485","1276","1198","1165","1295","1373","1393","1327","1443","1397",
"경상북도","계","47세","수급자수","","2131","1878","1795","1663","1473","1262","1624","1401","1230","1298","1251","1499","1578","1437","1405","1503",
"경상북도","계","48세","수급자수","","2268","2076","1756","1649","1565","1378","1484","1582","1380","1357","1438","1461","1621","1665","1541","1453",
"경상북도","계","49세","수급자수","","2147","2234","1968","1594","1587","1556","1487","1427","1574","1465","1440","1642","1654","1710","1765","1605",
"경상북도","계","50 - 54세","수급자수","","9216","9515","9439","8867","8441","8211","8263","7643","7314","7832","8163","8894","9655","9813","9544","9789",
"경상북도","계","50세","수급자수","","2119","2125","2126","1801","1540","1400","1563","1417","1427","1693","1567","1625","1833","1749","1753","1862",
"경상북도","계","51세","수급자수","","1868","2054","1990","1907","1730","1419","1565","1500","1384","1477","1778","1750","1815","1909","1820","1861",
"경상북도","계","52세","수급자수","","1851","1833","1910","1845","1787","1521","1585","1532","1502","1464","1554","2000","1924","1925","1956","1906",
"경상북도","계","53세","수급자수","","1727","1795","1714","1738","1739","1529","1730","1528","1504","1609","1543","1764","2148","1997","1987","2079",
"경상북도","계","54세","수급자수","","1651","1708","1699","1576","1645","1476","1820","1666","1497","1589","1721","1755","1935","2233","2028","2081",
"경상북도","계","55 - 59세","수급자수","","6480","6915","7100","6893","7081","7458","8401","8544","8637","9220","9503","10195","10459","10613","10961","11279",
"경상북도","계","55세","수급자수","","1408","1609","1622","1584","1510","1674","1882","1776","1641","1616","1706","1927","1925","2013","2275","2119",
"경상북도","계","56세","수급자수","","1325","1412","1525","1484","1519","1761","1736","1885","1796","1745","1714","1912","2071","2007","2064","2381",
"경상북도","계","57세","수급자수","","1489","1311","1338","1432","1426","1771","1606","1735","1880","1969","1846","1939","2100","2192","2085","2198",
"경상북도","계","58세","수급자수","","1169","1454","1228","1250","1410","1607","1625","1577","1726","2018","2094","2090","2102","2220","2257","2190",
"경상북도","계","59세","수급자수","","1089","1129","1387","1143","1216","1513","1552","1571","1594","1872","2143","2327","2261","2181","2280","2391",
"경상북도","계","60 - 64세","수급자수","","5790","5846","5772","5559","5382","5592","6608","7047","7311","8457","9616","11094","12552","13240","13429","13410",
"경상북도","계","60세","수급자수","","1294","1081","1081","1283","1084","1508","1525","1528","1630","1739","2054","2423","2577","2429","2276","2369",
"경상북도","계","61세","수급자수","","1265","1265","1040","1011","1275","1434","1362","1522","1542","1800","1900","2310","2672","2726","2498","2356",
"경상북도","계","62세","수급자수","","1270","1244","1201","981","970","1396","1223","1355","1518","1702","1934","2126","2550","2818","2854","2669",
"경상북도","계","63세","수급자수","","974","1273","1216","1129","963","1240","1413","1230","1356","1687","1865","2153","2347","2784","2897","2965",
"경상북도","계","64세","수급자수","","987","983","1234","1155","1090","1091","1085","1412","1265","1529","1863","2082","2406","2483","2904","3051",
"경상북도","계","65 - 69세","수급자수","","8672","8074","7003","6161","5741","5721","6439","6568","6754","7783","8829","10306","12402","13400","14272","15623",
"경상북도","계","65세","수급자수","","1413","1015","1002","1252","1180","1290","1196","1160","1523","1543","1833","2272","2539","2775","2727","3236",
"경상북도","계","66세","수급자수","","1621","1472","1032","1016","1288","992","1368","1233","1208","1801","1805","2102","2685","2789","2963","2965",
"경상북도","계","67세","수급자수","","2067","1674","1410","1014","982","979","1384","1388","1243","1418","2034","1972","2367","2873","2948","3141",
"경상북도","계","68세","수급자수","","1796","2089","1584","1350","980","1221","1418","1395","1390","1449","1545","2259","2260","2549","2988","3130",
"경상북도","계","69세","수급자수","","1775","1824","1975","1529","1311","1241","1073","1392","1390","1572","1612","1701","2551","2414","2646","3151",
"경상북도","계","70 - 74세","수급자수","","9464","9176","8580","8428","8030","7499","7570","6731","6188","7047","7767","8716","10272","11512","12106","13081",
"경상북도","계","70세","수급자수","","1999","1756","1721","1895","1480","1300","1077","1053","1349","1620","1719","1748","1955","2691","2499","2815",
"경상북도","계","71세","수급자수","","1874","1968","1660","1631","1831","982","1374","1054","1040","1565","1759","1831","1973","2112","2850","2625",
"경상북도","계","72세","수급자수","","1879","1838","1834","1584","1579","977","1533","1327","1046","1219","1666","1888","2109","2139","2196","2983",
"경상북도","계","73세","수급자수","","1824","1832","1691","1733","1498","1285","1899","1492","1293","1161","1330","1797","2164","2250","2227","2323",
"경상북도","계","74세","수급자수","","1888","1782","1674","1585","1642","1435","1687","1805","1460","1482","1293","1452","2071","2320","2334","2335",
"경상북도","계","75 - 79세","수급자수","","7862","7932","7541","7295","7075","6989","7399","7245","7283","8720","9117","9255","10111","10057","10299","11100",
"경상북도","계","75세","수급자수","","1783","1837","1622","1557","1504","1791","1524","1616","1721","1717","1582","1382","1629","2228","2388","2522",
"경상북도","계","76세","수급자수","","1629","1696","1661","1515","1460","1547","1667","1414","1510","2023","1890","1679","1565","1705","2317","2506",
"경상북도","계","77세","수급자수","","1598","1536","1557","1524","1397","1441","1469","1559","1341","1721","2134","1993","1922","1658","1801","2444",
"경상북도","계","78세","수급자수","","1426","1526","1382","1431","1413","1591","1398","1357","1470","1589","1851","2259","2314","2040","1686","1864",
"경상북도","계","79세","수급자수","","1426","1337","1319","1268","1301","1424","1341","1299","1241","1670","1660","1942","2681","2426","2107","1764",
"경상북도","계","80 - 84세","수급자수","","5284","5343","5153","5038","4871","4908","5328","5251","5239","6628","7672","8248","10631","11979","12514","12610",
"경상북도","계","80세","수급자수","","1242","1333","1183","1211","1166","1357","1331","1222","1212","1453","1799","1751","2281","2835","2494","2198",
"경상북도","계","81세","수급자수","","1201","1132","1172","1059","1093","1310","1181","1244","1135","1461","1549","1884","2124","2396","2914","2593",
"경상북도","계","82세","수급자수","","1105","1121","974","1044","921","1307","1023","1032","1137","1342","1535","1602","2303","2249","2413","3000",
"경상북도","계","83세","수급자수","","866","1007","979","855","934","1202","995","898","938","1296","1410","1579","1994","2421","2279","2475",
"경상북도","계","84세","수급자수","","870","750","845","869","757","1062","798","855","817","1076","1379","1432","1929","2078","2414","2344",
"경상북도","계","85 - 89세","수급자수","","2805","2869","2647","2555","2635","2597","2798","2812","2846","3487","4181","4911","6989","8035","8663","9748",
"경상북도","계","85세","수급자수","","755","761","616","704","762","996","771","680","773","906","1137","1399","1777","1999","2027","2453",
"경상북도","계","86세","수급자수","","676","659","628","523","632","839","614","661","607","846","932","1155","1692","1814","1962","2039",
"경상북도","계","87세","수급자수","","620","595","540","510","452","809","579","546","585","636","846","910","1395","1716","1738","1992",
"경상북도","계","88세","수급자수","","418","512","467","434","428","657","507","508","454","630","654","821","1101","1402","1616","1689",
"경상북도","계","89세","수급자수","","336","342","396","384","361","649","327","417","427","469","612","626","1024","1104","1320","1575",
"경상북도","계","90 - 94세","수급자수","","888","915","887","915","918","944","1008","976","1030","1251","1484","1797","2661","3138","3445","3972",
"경상북도","계","90세","수급자수","","239","273","271","324","303","561","288","258","358","408","462","586","772","968","1008","1251",
"경상북도","계","91세","수급자수","","223","194","210","221","238","382","241","234","199","351","369","429","683","716","882","908",
"경상북도","계","92세","수급자수","","205","183","147","164","178","348","207","193","188","181","318","336","498","654","634","813",
"경상북도","계","93세","수급자수","","130","158","139","107","116","293","152","170","149","171","175","284","405","442","541","539",
"경상북도","계","94세","수급자수","","91","107","120","99","83","245","120","121","136","140","160","162","303","358","380","461",
"경상북도","계","95 - 99세","수급자수","","194","186","189","201","208","207","209","243","267","321","348","397","549","651","773","871",
"경상북도","계","95세","수급자수","","70","61","69","78","76","181","70","94","91","110","115","120","182","243","314","308",
"경상북도","계","96세","수급자수","","44","48","41","49","50","142","49","56","81","84","93","100","139","149","198","252",
"경상북도","계","97세","수급자수","","45","31","36","30","31","83","48","40","41","66","64","79","96","114","117","152",
"경상북도","계","98세","수급자수","","21","31","23","30","25","71","27","35","32","37","54","49","86","78","83","96",
"경상북도","계","99세","수급자수","","14","15","20","14","26","61","15","18","22","24","22","49","46","67","61","63",
"경상북도","계","100세 이상","수급자수","","26","28","27","34","33","46","39","38","41","53","59","65","97","110","125","142",
"경상북도","남자","계","수급자수","","50903","49234","45810","41943","39791","38425","45510","43947","41981","44704","47426","52453","57905","60066","61495","64157",
"경상북도","남자","0 - 4세","수급자수","","1083","1031","975","856","749","696","735","643","556","598","661","786","848","795","742","701",
"경상북도","남자","0세","수급자수","","127","137","134","112","85","69","79","69","66","73","68","89","71","77","75","80",
"경상북도","남자","1세","수급자수","","191","156","174","159","136","104","102","112","79","110","110","128","154","113","115","113",
"경상북도","남자","2세","수급자수","","246","214","162","183","175","154","148","113","119","119","137","161","171","165","133","139",
"경상북도","남자","3세","수급자수","","242","262","226","169","188","184","182","173","118","134","163","190","210","196","198","147",
"경상북도","남자","4세","수급자수","","277","262","279","233","165","185","224","176","174","162","183","218","242","244","221","222",
"경상북도","남자","5 - 9세","수급자수","","2474","2086","1780","1521","1391","1232","2369","2237","1925","1866","2044","2256","2422","2291","2222","2187",
"경상북도","남자","5세","수급자수","","306","290","270","258","233","174","228","224","173","211","216","262","286","262","266","248",
"경상북도","남자","6세","수급자수","","362","327","295","274","250","251","214","246","241","223","262","287","326","326","302","308",
"경상북도","남자","7세","수급자수","","446","382","338","287","286","237","615","465","404","481","481","490","524","525","474","471",
"경상북도","남자","8세","수급자수","","601","475","388","330","286","2","628","671","468","458","536","581","595","547","576","517",
"경상북도","남자","9세","수급자수","","759","612","489","372","336","3","684","631","639","493","549","636","691","631","604","643",
"경상북도","남자","10 - 14세","수급자수","","5139","4695","4137","3427","2910","2479","4128","3911","3388","3346","3324","3586","3897","3961","3941","3989",
"경상북도","남자","10세","수급자수","","813","770","603","482","366","2","645","710","609","660","529","621","724","720","699","659",
"경상북도","남자","11세","수급자수","","885","823","771","583","489","286","718","679","668","633","708","625","703","777","768","749",
"경상북도","남자","12세","수급자수","","1054","904","803","748","570","284","757","745","629","658","668","777","726","752","836","822",
"경상북도","남자","13세","수급자수","","1113","1061","912","773","739","344","944","816","732","673","709","792","882","778","813","895",
"경상북도","남자","14세","수급자수","","1274","1137","1048","841","746","361","1064","961","750","722","710","771","862","934","825","864",
"경상북도","남자","15 - 19세","수급자수","","6567","6281","5769","5057","4624","4125","6178","5851","4887","4387","3966","4013","4031","4085","4162","4313",
"경상북도","남자","15세","수급자수","","1362","1283","1109","1006","843","481","1337","1089","925","734","733","787","831","909","975","868",
"경상북도","남자","16세","수급자수","","1326","1356","1256","1055","976","571","1355","1371","1025","940","794","846","871","881","929","1044",
"경상북도","남자","17세","수급자수","","1506","1327","1307","1174","1023","722","1412","1344","1231","996","929","877","884","892","893","969",
"경상북도","남자","18세","수급자수","","1321","1403","1190","1139","1069","743","1380","1313","1126","1148","923","945","899","868","877","895",
"경상북도","남자","19세","수급자수","","1052","912","907","683","713","820","694","734","580","569","587","558","546","535","488","537",
"경상북도","남자","20 - 24세","수급자수","","2037","2022","1838","1726","1659","1662","1797","1694","1722","1749","1784","1981","2000","1864","1823","1821",
"경상북도","남자","20세","수급자수","","526","530","423","398","347","947","462","403","470","369","391","403","371","345","336","321",
"경상북도","남자","21세","수급자수","","434","391","439","343","364","917","320","326","350","390","336","401","401","355","351","333",
"경상북도","남자","22세","수급자수","","415","414","390","430","389","698","384","360","350","379","406","408","444","443","392","387",
"경상북도","남자","23세","수급자수","","387","363","335","310","340","360","383","308","314","328","361","403","410","369","417","373",
"경상북도","남자","24세","수급자수","","275","324","251","245","219","306","248","297","238","283","290","366","374","352","327","407",
"경상북도","남자","25 - 29세","수급자수","","930","831","778","667","624","632","665","575","597","677","753","889","1045","1032","1070","1132",
"경상북도","남자","25세","수급자수","","211","210","243","166","184","429","212","176","207","184","235","252","315","295","308","286",
"경상북도","남자","26세","수급자수","","207","162","148","167","116","307","133","136","122","161","144","201","231","235","226","272",
"경상북도","남자","27세","수급자수","","184","171","127","108","137","260","121","93","105","124","140","147","182","191","199","209",
"경상북도","남자","28세","수급자수","","160","152","137","103","99","172","74","102","81","113","119","152","149","175","174","191",
"경상북도","남자","29세","수급자수","","168","136","123","123","88","150","125","68","82","95","115","137","168","136","163","174",
"경상북도","남자","30 - 34세","수급자수","","1081","983","871","751","707","662","653","629","563","615","693","857","971","1104","1118","1223",
"경상북도","남자","30세","수급자수","","172","167","127","125","124","89","106","113","70","106","121","161","189","212","178","218",
"경상북도","남자","31세","수급자수","","188","176","153","127","130","122","105","108","114","94","141","163","203","215","246","209",
"경상북도","남자","32세","수급자수","","232","193","175","157","122","99","140","113","111","137","100","177","196","232","239","264",
"경상북도","남자","33세","수급자수","","211","229","185","159","166","93","153","137","124","129","169","138","215","209","240","260",
"경상북도","남자","34세","수급자수","","278","218","231","183","165","126","149","158","144","149","162","218","168","236","215","272",
"경상북도","남자","35 - 39세","수급자수","","2190","1955","1650","1428","1253","1114","1141","1050","1013","1091","1163","1374","1578","1477","1434","1430",
"경상북도","남자","35세","수급자수","","318","283","209","235","191","140","196","152","173","184","173","202","278","187","244","238",
"경상북도","남자","36세","수급자수","","393","333","286","201","236","131","184","203","167","200","219","244","253","295","226","273",
"경상북도","남자","37세","수급자수","","431","400","330","276","210","172","228","191","216","208","247","294","301","279","315","260",
"경상북도","남자","38세","수급자수","","482","435","394","327","291","161","273","231","211","244","244","317","366","311","299","332",
"경상북도","남자","39세","수급자수","","566","504","431","389","325","201","260","273","246","255","280","317","380","405","350","327",
"경상북도","남자","40 - 44세","수급자수","","3906","3650","3210","2843","2537","2270","2219","1940","1782","1833","1905","2128","2345","2414","2450","2465",
"경상북도","남자","40세","수급자수","","626","575","495","431","394","233","332","250","295","300","301","373","403","427","434","376",
"경상북도","남자","41세","수급자수","","769","652","569","490","438","222","384","351","260","334","361","390","435","440","469","484",
"경상북도","남자","42세","수급자수","","757","783","640","556","494","297","451","397","349","316","405","437","442","493","475","499",
"경상북도","남자","43세","수급자수","","872","764","765","627","559","341","486","467","412","416","360","473","521","466","555","516",
"경상북도","남자","44세","수급자수","","882","876","741","739","652","402","566","475","466","467","478","455","544","588","517","590",
"경상북도","남자","45 - 49세","수급자수","","5574","5297","4729","4114","3902","3681","3774","3465","3270","3204","3260","3530","3531","3496","3485","3321",
"경상북도","남자","45세","수급자수","","945","891","860","688","733","443","623","578","487","526","521","567","545","588","599","563",
"경상북도","남자","46세","수급자수","","974","988","877","808","681","504","725","621","597","555","612","658","632","593","643","633",
"경상북도","남자","47세","수급자수","","1135","988","951","834","794","580","821","693","628","676","605","700","774","672","650","678",
"경상북도","남자","48세","수급자수","","1289","1129","947","902","802","649","757","832","699","694","776","708","769","823","725","678",
"경상북도","남자","49세","수급자수","","1231","1301","1094","882","892","767","848","741","859","753","746","897","811","820","868","769",
"경상북도","남자","50 - 54세","수급자수","","5258","5473","5516","5205","4990","4860","4801","4439","4207","4454","4589","4925","5319","5316","5052","5114",
"경상북도","남자","50세","수급자수","","1218","1232","1238","1029","864","695","845","829","758","944","816","862","1012","873","851","913",
"경상북도","남자","51세","수급자수","","1116","1183","1172","1127","1011","787","901","827","826","806","1001","909","956","1055","933","907",
"경상북도","남자","52세","수급자수","","1066","1087","1103","1096","1084","783","918","898","844","862","860","1138","1032","1014","1102","995",
"경상북도","남자","53세","수급자수","","954","1038","1026","1014","1054","871","1020","903","892","907","920","975","1239","1081","1059","1178",
"경상북도","남자","54세","수급자수","","904","933","977","939","977","844","1117","982","887","935","992","1041","1080","1293","1107","1121",
"경상북도","남자","55 - 59세","수급자수","","3270","3571","3714","3726","3965","4285","4867","5052","5130","5404","5604","5886","6033","6097","6285","6408",
"경상북도","남자","55세","수급자수","","770","884","886","907","906","988","1142","1084","958","961","1014","1090","1141","1126","1307","1166",
"경상북도","남자","56세","수급자수","","672","760","837","809","866","1076","1012","1136","1101","1008","1012","1121","1181","1187","1144","1371",
"경상북도","남자","57세","수급자수","","725","657","722","784","769","1081","960","1009","1142","1188","1065","1131","1231","1223","1222","1228",
"경상북도","남자","58세","수급자수","","591","698","599","668","779","962","920","940","997","1195","1247","1189","1223","1288","1275","1286",
"경상북도","남자","59세","수급자수","","512","572","670","558","645","913","833","883","932","1052","1266","1355","1257","1273","1337","1357",
"경상북도","남자","60 - 64세","수급자수","","2436","2541","2573","2523","2482","2713","3275","3542","3825","4529","5159","6088","6866","7221","7432","7605",
"경상북도","남자","60세","수급자수","","601","493","540","610","525","871","812","814","915","987","1152","1413","1471","1335","1322","1380",
"경상북도","남자","61세","수급자수","","538","572","471","494","604","777","708","793","809","1003","1070","1277","1495","1544","1383","1362",
"경상북도","남자","62세","수급자수","","546","522","530","445","471","762","580","708","795","879","1056","1171","1376","1568","1602","1497",
"경상북도","남자","63세","수급자수","","408","546","503","491","423","654","661","575","709","872","950","1171","1253","1485","1601","1681",
"경상북도","남자","64세","수급자수","","343","408","529","483","459","529","514","652","597","788","931","1056","1271","1289","1524","1685",
"경상북도","남자","65 - 69세","수급자수","","2884","2750","2480","2244","2190","2235","2608","2790","2947","3401","4023","4740","5796","6371","6957","7717",
"경상북도","남자","65세","수급자수","","506","351","405","525","486","610","532","539","705","692","928","1106","1256","1447","1401","1669",
"경상북도","남자","66세","수급자수","","562","531","357","394","535","484","576","552","550","822","803","1031","1282","1354","1526","1498",
"경상북도","남자","67세","수급자수","","730","573","483","351","380","436","555","576","551","619","931","868","1128","1362","1420","1603",
"경상북도","남자","68세","수급자수","","559","735","544","448","337","512","555","578","571","629","655","1025","970","1190","1385","1489",
"경상북도","남자","69세","수급자수","","527","560","691","526","452","502","390","545","570","639","706","710","1160","1018","1225","1458",
"경상북도","남자","70 - 74세","수급자수","","2729","2640","2506","2593","2556","2417","2503","2292","2158","2518","2870","3374","3994","4657","4912","5531",
"경상북도","남자","70세","수급자수","","630","525","533","653","500","525","353","393","521","639","695","743","777","1206","1046","1298",
"경상북도","남자","71세","수급자수","","560","611","489","494","628","370","461","342","389","572","685","738","837","836","1235","1083",
"경상북도","남자","72세","수급자수","","489","535","552","473","475","326","520","444","337","450","600","728","828","910","843","1291",
"경상북도","남자","73세","수급자수","","523","474","495","512","456","431","653","497","426","371","492","638","819","861","926","897",
"경상북도","남자","74세","수급자수","","527","495","437","461","497","489","516","616","485","486","398","527","733","844","862","962",
"경상북도","남자","75 - 79세","수급자수","","1830","1934","1891","1888","1859","1885","2070","2069","2187","2663","2787","2796","3032","3134","3310","3680",
"경상북도","남자","75세","수급자수","","494","491","433","407","433","610","445","490","574","561","526","431","569","761","863","938",
"경상북도","남자","76세","수급자수","","417","469","433","404","370","468","512","413","454","652","607","550","478","583","766","876",
"경상북도","남자","77세","수급자수","","350","378","418","387","368","419","410","480","393","502","643","609","587","498","591","774",
"경상북도","남자","78세","수급자수","","301","319","345","381","352","488","341","369","441","465","540","654","661","616","478","593",
"경상북도","남자","79세","수급자수","","268","277","262","309","336","397","362","317","325","483","471","552","737","676","612","499",
"경상북도","남자","80 - 84세","수급자수","","908","903","881","884","910","996","1187","1225","1282","1631","1912","2084","2568","2903","3089","3109",
"경상북도","남자","80세","수급자수","","223","243","235","243","276","330","338","311","288","377","511","487","628","743","665","612",
"경상북도","남자","81세","수급자수","","202","188","196","200","202","356","319","311","290","342","378","523","566","627","738","634",
"경상북도","남자","82세","수급자수","","198","187","160","180","168","314","228","273","284","346","361","364","579","556","599","736",
"경상북도","남자","83세","수급자수","","141","173","154","131","150","319","172","189","244","312","346","366","402","571","540","598",
"경상북도","남자","84세","수급자수","","144","112","136","130","114","242","130","141","176","254","316","344","393","406","547","529",
"경상북도","남자","85 - 89세","수급자수","","471","442","383","359","359","341","399","405","398","551","716","910","1282","1465","1550","1823",
"경상북도","남자","85세","수급자수","","140","114","86","107","115","170","119","100","118","199","246","314","382","382","368","528",
"경상북도","남자","86세","수급자수","","104","115","76","66","92","140","90","98","88","124","188","235","331","361","349","375",
"경상북도","남자","87세","수급자수","","108","88","92","59","50","125","79","75","78","93","119","172","257","316","340","351",
"경상북도","남자","88세","수급자수","","59","84","70","74","44","96","77","69","60","77","91","109","191","233","282","304",
"경상북도","남자","89세","수급자수","","60","41","59","53","58","92","34","63","54","58","72","80","121","173","211","265",
"경상북도","남자","90 - 94세","수급자수","","116","128","114","110","103","119","118","113","115","144","159","197","277","316","381","507",
"경상북도","남자","90세","수급자수","","29","53","23","46","34","81","27","22","42","50","55","64","81","110","145","190",
"경상북도","남자","91세","수급자수","","34","23","38","16","35","38","39","20","17","41","40","50","67","62","99","137",
"경상북도","남자","92세","수급자수","","29","25","17","27","14","34","26","35","17","14","31","38","60","63","55","93",
"경상북도","남자","93세","수급자수","","9","19","20","11","13","48","15","20","23","16","17","28","40","47","48","47",
"경상북도","남자","94세","수급자수","","15","8","16","10","7","29","11","16","16","23","16","17","29","34","34","40",
"경상북도","남자","95 - 99세","수급자수","","18","17","13","19","18","18","21","22","27","40","51","47","62","61","73","68",
"경상북도","남자","95세","수급자수","","7","8","4","9","5","20","12","6","14","10","18","11","19","23","34","26",
"경상북도","남자","96세","수급자수","","4","4","4","4","6","12","3","11","4","17","7","16","15","15","16","19",
"경상북도","남자","97세","수급자수","","3","3","2","3","3","10","3","3","6","3","16","7","14","6","10","11",
"경상북도","남자","98세","수급자수","","3","1","3","1","3","5","0","2","2","7","5","9","10","12","5","9",
"경상북도","남자","99세","수급자수","","1","1","0","2","1","6","3","0","1","3","5","4","4","5","8","3",
"경상북도","남자","100세 이상","수급자수","","2","4","2","2","3","3","2","3","2","3","3","6","8","6","7","13",
"경상북도","여자","계","수급자수","","68132","66199","61139","55841","52360","49931","56843","54096","50991","55719","59434","65710","76011","79880","82067","85464",
"경상북도","여자","0 - 4세","수급자수","","1018","925","848","705","663","629","670","578","523","569","647","734","797","716","670","660",
"경상북도","여자","0세","수급자수","","121","106","99","92","77","74","86","76","51","72","75","74","95","69","64","67",
"경상북도","여자","1세","수급자수","","163","150","136","139","122","98","101","90","99","80","109","111","137","118","122","86",
"경상북도","여자","2세","수급자수","","244","176","156","144","157","128","131","114","107","126","129","153","156","158","128","146",
"경상북도","여자","3세","수급자수","","216","259","189","148","155","162","165","139","117","135","155","179","190","167","179","153",
"경상북도","여자","4세","수급자수","","274","234","268","182","152","167","187","159","149","156","179","217","219","204","177","208",
"경상북도","여자","5 - 9세","수급자수","","2339","2000","1699","1472","1297","1108","2138","2047","1689","1756","1888","2106","2272","2212","2118","2084",
"경상북도","여자","5세","수급자수","","318","289","226","255","183","148","201","198","178","201","210","240","278","251","239","210",
"경상북도","여자","6세","수급자수","","363","330","282","218","252","197","185","190","194","219","260","272","326","310","294","290",
"경상북도","여자","7세","수급자수","","444","372","331","289","232","245","545","436","378","440","438","477","494","492","491","442",
"경상북도","여자","8세","수급자수","","534","473","381","334","287","34","619","562","431","432","494","516","569","526","536","536",
"경상북도","여자","9세","수급자수","","680","536","479","376","343","20","588","661","508","464","486","601","605","633","558","606",
"경상북도","여자","10 - 14세","수급자수","","4688","4452","3921","3257","2771","2375","4016","3768","3240","3082","2981","3283","3659","3680","3782","3865",
"경상북도","여자","10세","수급자수","","757","694","536","457","389","14","621","626","612","508","514","590","702","663","674","611",
"경상북도","여자","11세","수급자수","","870","798","697","532","473","237","710","661","591","645","548","592","706","769","712","725",
"경상북도","여자","12세","수급자수","","987","913","790","662","522","281","744","761","602","586","656","637","669","729","815","788",
"경상북도","여자","13세","수급자수","","1011","1017","910","732","658","360","913","794","715","629","637","769","755","740","810","875",
"경상북도","여자","14세","수급자수","","1063","1030","988","874","728","387","1028","926","720","714","626","695","827","779","771","866",
"경상북도","여자","15 - 19세","수급자수","","6099","5937","5372","4791","4443","4112","6200","5807","4892","4350","4017","3976","3963","3934","4002","4053",
"경상북도","여자","15세","수급자수","","1176","1085","1027","947","865","460","1261","1061","856","743","720","711","731","858","822","808",
"경상북도","여자","16세","수급자수","","1266","1188","1072","983","935","527","1296","1281","1011","880","795","827","802","805","914","845",
"경상북도","여자","17세","수급자수","","1395","1282","1178","1010","961","641","1455","1331","1191","1005","878","859","873","800","825","934",
"경상북도","여자","18세","수급자수","","1300","1324","1144","1005","925","712","1398","1373","1127","1086","964","927","885","877","833","860",
"경상북도","여자","19세","수급자수","","962","1058","951","846","757","866","790","761","707","636","660","652","672","594","608","606",
"경상북도","여자","20 - 24세","수급자수","","2363","2338","2237","2028","2001","1995","2055","1977","1956","2129","2184","2448","2623","2486","2410","2497",
"경상북도","여자","20세","수급자수","","770","810","846","733","707","911","649","662","635","652","609","680","657","645","565","612",
"경상북도","여자","21세","수급자수","","606","582","571","584","552","893","530","511","544","560","563","587","657","577","593","532",
"경상북도","여자","22세","수급자수","","456","406","371","371","384","730","413","376","377","440","484","509","539","548","509","548",
"경상북도","여자","23세","수급자수","","301","328","236","196","232","650","276","242","241","284","314","389","418","387","429","439",
"경상북도","여자","24세","수급자수","","230","212","213","144","126","534","187","186","159","193","214","283","352","329","314","366",
"경상북도","여자","25 - 29세","수급자수","","861","814","720","621","568","517","578","568","540","615","726","870","1060","1119","1116","1177",
"경상북도","여자","25세","수급자수","","170","192","162","141","109","394","137","140","131","150","175","203","245","275","258","278",
"경상북도","여자","26세","수급자수","","143","154","148","113","124","256","110","109","111","130","148","186","209","229","226","239",
"경상북도","여자","27세","수급자수","","151","143","141","127","100","161","106","108","100","122","133","168","207","199","219","225",
"경상북도","여자","28세","수급자수","","174","147","130","119","117","104","112","98","100","101","146","156","209","217","200","223",
"경상북도","여자","29세","수급자수","","223","178","139","121","118","93","113","113","98","112","124","157","190","199","213","212",
"경상북도","여자","30 - 34세","수급자수","","1395","1297","1174","1034","942","876","867","767","722","768","897","1101","1241","1274","1342","1394",
"경상북도","여자","30세","수급자수","","208","227","189","147","126","115","124","117","113","114","148","168","202","224","237","252",
"경상북도","여자","31세","수급자수","","238","226","231","199","148","97","150","133","121","144","151","198","218","235","263","255",
"경상북도","여자","32세","수급자수","","269","240","222","237","202","108","161","155","144","149","173","204","241","241","266","280",
"경상북도","여자","33세","수급자수","","294","286","246","224","238","124","187","166","160","175","205","244","270","277","270","298",
"경상북도","여자","34세","수급자수","","386","318","286","227","228","136","245","196","184","186","220","287","310","297","306","309",
"경상북도","여자","35 - 39세","수급자수","","3105","2879","2470","2053","1702","1492","1565","1470","1348","1487","1599","1854","2113","2074","2029","2124",
"경상북도","여자","35세","수급자수","","475","404","323","283","231","158","289","253","216","214","214","283","360","351","342","344",
"경상북도","여자","36세","수급자수","","559","494","408","323","281","204","279","287","246","278","270","286","371","381","376","378",
"경상북도","여자","37세","수급자수","","618","590","495","397","332","254","292","286","299","296","336","365","356","414","416","420",
"경상북도","여자","38세","수급자수","","695","663","601","466","394","234","332","300","285","343","351","452","455","403","444","474",
"경상북도","여자","39세","수급자수","","758","728","643","584","464","243","373","344","302","356","428","468","571","525","451","508",
"경상북도","여자","40 - 44세","수급자수","","4744","4494","4131","3659","3273","2934","2907","2540","2284","2257","2348","2823","3193","3380","3516","3564",
"경상북도","여자","40세","수급자수","","873","795","704","608","584","286","463","376","356","367","423","566","570","614","586","506",
"경상북도","여자","41세","수급자수","","998","864","765","673","585","332","527","449","369","434","407","526","663","657","684","629",
"경상북도","여자","42세","수급자수","","919","1001","828","729","648","397","640","521","461","417","485","535","628","732","706","787",
"경상북도","여자","43세","수급자수","","922","928","968","770","701","468","604","615","504","505","477","621","618","699","797","756",
"경상북도","여자","44세","수급자수","","1032","906","866","879","755","593","673","579","594","534","556","575","714","678","743","886",
"경상북도","여자","45 - 49세","수급자수","","4761","4667","4302","3828","3720","3593","3636","3428","3165","3245","3281","3690","3949","4004","3999","3996",
"경상북도","여자","45세","수급자수","","945","997","844","791","846","560","707","629","566","638","596","678","689","773","731","796",
"경상북도","여자","46세","수급자수","","925","900","931","749","737","631","760","655","601","610","683","715","761","734","800","764",
"경상북도","여자","47세","수급자수","","996","890","844","829","679","682","803","708","602","622","646","799","804","765","755","825",
"경상북도","여자","48세","수급자수","","979","947","809","747","763","729","727","750","681","663","662","753","852","842","816","775",
"경상북도","여자","49세","수급자수","","916","933","874","712","695","789","639","686","715","712","694","745","843","890","897","836",
"경상북도","여자","50 - 54세","수급자수","","3958","4042","3923","3662","3451","3351","3462","3204","3107","3378","3574","3969","4336","4497","4492","4675",
"경상북도","여자","50세","수급자수","","901","893","888","772","676","705","718","588","669","749","751","763","821","876","902","949",
"경상북도","여자","51세","수급자수","","752","871","818","780","719","632","664","673","558","671","777","841","859","854","887","954",
"경상북도","여자","52세","수급자수","","785","746","807","749","703","738","667","634","658","602","694","862","892","911","854","911",
"경상북도","여자","53세","수급자수","","773","757","688","724","685","658","710","625","612","702","623","789","909","916","928","901",
"경상북도","여자","54세","수급자수","","747","775","722","637","668","632","703","684","610","654","729","714","855","940","921","960",
"경상북도","여자","55 - 59세","수급자수","","3210","3344","3386","3167","3116","3173","3534","3492","3507","3816","3899","4309","4426","4516","4676","4871",
"경상북도","여자","55세","수급자수","","638","725","736","677","604","686","740","692","683","655","692","837","784","887","968","953",
"경상북도","여자","56세","수급자수","","653","652","688","675","653","685","724","749","695","737","702","791","890","820","920","1010",
"경상북도","여자","57세","수급자수","","764","654","616","648","657","690","646","726","738","781","781","808","869","969","863","970",
"경상북도","여자","58세","수급자수","","578","756","629","582","631","645","705","637","729","823","847","901","879","932","982","904",
"경상북도","여자","59세","수급자수","","577","557","717","585","571","600","719","688","662","820","877","972","1004","908","943","1034",
"경상북도","여자","60 - 64세","수급자수","","3354","3305","3199","3036","2900","2879","3333","3505","3486","3928","4457","5006","5686","6019","5997","5805",
"경상북도","여자","60세","수급자수","","693","588","541","673","559","637","713","714","715","752","902","1010","1106","1094","954","989",
"경상북도","여자","61세","수급자수","","727","693","569","517","671","657","654","729","733","797","830","1033","1177","1182","1115","994",
"경상북도","여자","62세","수급자수","","724","722","671","536","499","634","643","647","723","823","878","955","1174","1250","1252","1172",
"경상북도","여자","63세","수급자수","","566","727","713","638","540","586","752","655","647","815","915","982","1094","1299","1296","1284",
"경상북도","여자","64세","수급자수","","644","575","705","672","631","562","571","760","668","741","932","1026","1135","1194","1380","1366",
"경상북도","여자","65 - 69세","수급자수","","5788","5324","4523","3917","3551","3486","3831","3778","3807","4382","4806","5566","6606","7029","7315","7906",
"경상북도","여자","65세","수급자수","","907","664","597","727","694","680","664","621","818","851","905","1166","1283","1328","1326","1567",
"경상북도","여자","66세","수급자수","","1059","941","675","622","753","508","792","681","658","979","1002","1071","1403","1435","1437","1467",
"경상북도","여자","67세","수급자수","","1337","1101","927","663","602","543","829","812","692","799","1103","1104","1239","1511","1528","1538",
"경상북도","여자","68세","수급자수","","1237","1354","1040","902","643","709","863","817","819","820","890","1234","1290","1359","1603","1641",
"경상북도","여자","69세","수급자수","","1248","1264","1284","1003","859","739","683","847","820","933","906","991","1391","1396","1421","1693",
"경상북도","여자","70 - 74세","수급자수","","6735","6536","6074","5835","5474","5082","5067","4439","4030","4529","4897","5342","6278","6855","7194","7550",
"경상북도","여자","70세","수급자수","","1369","1231","1188","1242","980","775","724","660","828","981","1024","1005","1178","1485","1453","1517",
"경상북도","여자","71세","수급자수","","1314","1357","1171","1137","1203","612","913","712","651","993","1074","1093","1136","1276","1615","1542",
"경상북도","여자","72세","수급자수","","1390","1303","1282","1111","1104","651","1013","883","709","769","1066","1160","1281","1229","1353","1692",
"경상북도","여자","73세","수급자수","","1301","1358","1196","1221","1042","854","1246","995","867","790","838","1159","1345","1389","1301","1426",
"경상북도","여자","74세","수급자수","","1361","1287","1237","1124","1145","946","1171","1189","975","996","895","925","1338","1476","1472","1373",
"경상북도","여자","75 - 79세","수급자수","","6032","5998","5650","5407","5216","5104","5329","5176","5096","6057","6330","6459","7079","6923","6989","7420",
"경상북도","여자","75세","수급자수","","1289","1346","1189","1150","1071","1181","1079","1126","1147","1156","1056","951","1060","1467","1525","1584",
"경상북도","여자","76세","수급자수","","1212","1227","1228","1111","1090","1079","1155","1001","1056","1371","1283","1129","1087","1122","1551","1630",
"경상북도","여자","77세","수급자수","","1248","1158","1139","1137","1029","1022","1059","1079","948","1219","1491","1384","1335","1160","1210","1670",
"경상북도","여자","78세","수급자수","","1125","1207","1037","1050","1061","1103","1057","988","1029","1124","1311","1605","1653","1424","1208","1271",
"경상북도","여자","79세","수급자수","","1158","1060","1057","959","965","1027","979","982","916","1187","1189","1390","1944","1750","1495","1265",
"경상북도","여자","80 - 84세","수급자수","","4376","4440","4272","4154","3961","3912","4141","4026","3957","4997","5760","6164","8063","9076","9425","9501",
"경상북도","여자","80세","수급자수","","1019","1090","948","968","890","1027","993","911","924","1076","1288","1264","1653","2092","1829","1586",
"경상북도","여자","81세","수급자수","","999","944","976","859","891","954","862","933","845","1119","1171","1361","1558","1769","2176","1959",
"경상북도","여자","82세","수급자수","","907","934","814","864","753","993","795","759","853","996","1174","1238","1724","1693","1814","2264",
"경상북도","여자","83세","수급자수","","725","834","825","724","784","883","823","709","694","984","1064","1213","1592","1850","1739","1877",
"경상북도","여자","84세","수급자수","","726","638","709","739","643","820","668","714","641","822","1063","1088","1536","1672","1867","1815",
"경상북도","여자","85 - 89세","수급자수","","2334","2427","2264","2196","2276","2256","2399","2407","2448","2936","3465","4001","5707","6570","7113","7925",
"경상북도","여자","85세","수급자수","","615","647","530","597","647","826","652","580","655","707","891","1085","1395","1617","1659","1925",
"경상북도","여자","86세","수급자수","","572","544","552","457","540","699","524","563","519","722","744","920","1361","1453","1613","1664",
"경상북도","여자","87세","수급자수","","512","507","448","451","402","684","500","471","507","543","727","738","1138","1400","1398","1641",
"경상북도","여자","88세","수급자수","","359","428","397","360","384","561","430","439","394","553","563","712","910","1169","1334","1385",
"경상북도","여자","89세","수급자수","","276","301","337","331","303","557","293","354","373","411","540","546","903","931","1109","1310",
"경상북도","여자","90 - 94세","수급자수","","772","787","773","805","815","825","890","863","915","1107","1325","1600","2384","2822","3064","3465",
"경상북도","여자","90세","수급자수","","210","220","248","278","269","480","261","236","316","358","407","522","691","858","863","1061",
"경상북도","여자","91세","수급자수","","189","171","172","205","203","344","202","214","182","310","329","379","616","654","783","771",
"경상북도","여자","92세","수급자수","","176","158","130","137","164","314","181","158","171","167","287","298","438","591","579","720",
"경상북도","여자","93세","수급자수","","121","139","119","96","103","245","137","150","126","155","158","256","365","395","493","492",
"경상북도","여자","94세","수급자수","","76","99","104","89","76","216","109","105","120","117","144","145","274","324","346","421",
"경상북도","여자","95 - 99세","수급자수","","176","169","176","182","190","189","188","221","240","281","297","350","487","590","700","803",
"경상북도","여자","95세","수급자수","","63","53","65","69","71","161","58","88","77","100","97","109","163","220","280","282",
"경상북도","여자","96세","수급자수","","40","44","37","45","44","130","46","45","77","67","86","84","124","134","182","233",
"경상북도","여자","97세","수급자수","","42","28","34","27","28","73","45","37","35","63","48","72","82","108","107","141",
"경상북도","여자","98세","수급자수","","18","30","20","29","22","66","27","33","30","30","49","40","76","66","78","87",
"경상북도","여자","99세","수급자수","","13","14","20","12","25","55","12","18","21","21","17","45","42","62","53","60",
"경상북도","여자","100세 이상","수급자수","","24","24","25","32","30","43","37","35","39","50","56","59","89","104","118","129",
"경상남도","계","계","수급자수","","101149","98419","92674","87559","83312","80872","100991","98229","95027","106360","115599","132073","151161","162489","170441","178321",
"경상남도","계","0 - 4세","수급자수","","1718","1558","1465","1300","1169","1180","1310","1147","1029","1266","1474","1756","1850","1821","1767","1667",
"경상남도","계","0세","수급자수","","210","197","205","172","131","137","147","110","123","158","156","175","177","157","174","185",
"경상남도","계","1세","수급자수","","311","260","252","245","204","189","223","192","143","202","262","279","296","289","257","236",
"경상남도","계","2세","수급자수","","399","316","271","280","253","245","240","249","224","231","298","371","357","372","343","326",
"경상남도","계","3세","수급자수","","363","418","309","275","293","295","319","263","257","319","334","435","465","444","441","391",
"경상남도","계","4세","수급자수","","435","367","428","328","288","314","381","333","282","356","424","496","555","559","552","529",
"경상남도","계","5 - 9세","수급자수","","3966","3349","2861","2579","2355","2141","5131","5105","4467","4457","4908","5548","6113","6027","5981","5820",
"경상남도","계","5세","수급자수","","538","461","381","446","344","315","407","391","351","365","487","613","665","648","673","650",
"경상남도","계","6세","수급자수","","588","561","479","404","452","371","401","436","425","473","510","679","761","807","757","789",
"경상남도","계","7세","수급자수","","767","607","580","502","431","476","1354","1158","1040","1126","1185","1192","1417","1350","1330","1204",
"경상남도","계","8세","수급자수","","907","789","622","593","515","27","1510","1482","1197","1223","1308","1443","1505","1549","1513","1479",
"경상남도","계","9세","수급자수","","1166","931","799","634","613","9","1459","1638","1454","1270","1418","1621","1765","1673","1708","1698",
"경상남도","계","10 - 14세","수급자수","","8706","7787","6812","5791","4931","4312","9529","9040","8217","8017","8242","9504","10622","10892","10888","11018",
"경상남도","계","10세","수급자수","","1363","1189","942","793","649","18","1499","1583","1545","1518","1391","1725","1947","1981","1819","1840",
"경상남도","계","11세","수급자수","","1541","1359","1191","937","799","445","1703","1577","1539","1630","1622","1727","2026","2069","2128","1963",
"경상남도","계","12세","수급자수","","1726","1557","1351","1185","942","534","1801","1805","1496","1587","1793","1899","1985","2222","2249","2251",
"경상남도","계","13세","수급자수","","1941","1757","1564","1355","1193","638","2096","1931","1756","1534","1768","2179","2237","2176","2409","2431",
"경상남도","계","14세","수급자수","","2135","1925","1764","1521","1348","674","2430","2144","1881","1748","1668","1974","2427","2444","2283","2533",
"경상남도","계","15 - 19세","수급자수","","11453","10984","10140","9235","8438","7775","14012","13088","11381","10479","9839","10103","10434","10994","11543","11799",
"경상남도","계","15세","수급자수","","2291","2154","1898","1772","1525","826","2879","2483","2058","1915","1848","1913","2182","2560","2586","2429",
"경상남도","계","16세","수급자수","","2467","2284","2138","1885","1750","970","3099","3036","2470","2160","2043","2196","2159","2343","2717","2676",
"경상남도","계","17세","수급자수","","2536","2424","2225","2064","1861","1204","3288","3147","2835","2451","2174","2240","2327","2232","2411","2760",
"경상남도","계","18세","수급자수","","2387","2367","2228","1969","1898","1360","3228","3026","2712","2620","2370","2297","2348","2377","2276","2470",
"경상남도","계","19세","수급자수","","1772","1755","1651","1545","1404","1550","1518","1396","1306","1333","1404","1457","1418","1482","1553","1464",
"경상남도","계","20 - 24세","수급자수","","3516","3596","3512","3340","3340","3390","3825","3782","3615","3981","4266","5009","5464","5448","5332","5341",
"경상남도","계","20세","수급자수","","1179","1181","1117","1062","1017","1741","1137","1061","1006","1072","1105","1256","1280","1141","1166","1181",
"경상남도","계","21세","수급자수","","819","880","870","835","821","1723","847","887","837","926","964","1135","1281","1217","1080","1152",
"경상남도","계","22세","수급자수","","659","678","712","652","707","1401","803","787","771","819","875","1070","1179","1274","1174","1077",
"경상남도","계","23세","수급자수","","501","469","468","497","447","974","595","597","557","673","726","852","939","986","1066","993",
"경상남도","계","24세","수급자수","","358","388","345","294","348","826","443","450","444","491","596","696","785","830","846","938",
"경상남도","계","25 - 29세","수급자수","","1355","1214","1128","1041","929","934","1024","1027","1029","1270","1479","1891","2257","2429","2584","2813",
"경상남도","계","25세","수급자수","","279","288","292","260","219","725","278","312","313","401","430","557","641","646","703","734",
"경상남도","계","26세","수급자수","","257","210","221","218","210","539","209","206","215","275","331","399","487","524","529","636",
"경상남도","계","27세","수급자수","","250","227","173","191","169","326","182","177","187","226","253","349","408","444","499","512",
"경상남도","계","28세","수급자수","","277","240","216","166","176","254","176","163","157","199","230","289","367","419","448","472",
"경상남도","계","29세","수급자수","","292","249","226","206","155","176","179","169","157","169","235","297","354","396","405","459",
"경상남도","계","30 - 34세","수급자수","","2013","1829","1601","1503","1373","1301","1378","1267","1186","1387","1576","2024","2382","2567","2821","3003",
"경상남도","계","30세","수급자수","","314","301","259","227","213","169","208","183","189","213","229","336","397","465","514","538",
"경상남도","계","31세","수급자수","","345","327","306","267","237","152","207","238","201","256","286","356","441","508","563","562",
"경상남도","계","32세","수급자수","","383","344","332","312","263","183","284","206","248","261","322","407","451","509","572","649",
"경상남도","계","33세","수급자수","","433","389","333","345","318","170","321","300","231","333","337","452","496","527","563","650",
"경상남도","계","34세","수급자수","","538","468","371","352","342","226","358","340","317","324","402","473","597","558","609","604",
"경상남도","계","35 - 39세","수급자수","","4624","4094","3528","2976","2528","2295","2445","2295","2254","2700","2999","3655","4045","4062","4028","4182",
"경상남도","계","35세","수급자수","","635","550","466","402","381","260","424","378","365","421","375","589","625","676","658","702",
"경상남도","계","36세","수급자수","","854","645","551","470","399","293","424","422","396","504","540","528","694","689","757","751",
"경상남도","계","37세","수급자수","","962","874","650","569","477","352","484","426","461","532","648","706","694","811","756","839",
"경상남도","계","38세","수급자수","","1028","991","878","654","602","352","548","510","469","602","681","892","892","844","912","872",
"경상남도","계","39세","수급자수","","1145","1034","983","881","669","400","565","559","563","641","755","940","1140","1042","945","1018",
"경상남도","계","40 - 44세","수급자수","","7761","7282","6699","5998","5386","4796","4986","4420","3978","4149","4526","5653","6641","7103","7362","7304",
"경상남도","계","40세","수급자수","","1406","1178","1014","941","894","442","726","564","599","705","807","1035","1195","1284","1154","1069",
"경상남도","계","41세","수급자수","","1552","1396","1179","1016","950","478","842","733","591","730","855","1114","1311","1377","1419","1307",
"경상남도","계","42세","수급자수","","1574","1574","1395","1162","1024","623","1055","858","783","725","880","1118","1329","1441","1511","1527",
"경상남도","계","43세","수급자수","","1568","1584","1554","1380","1146","716","1174","1086","900","940","900","1188","1357","1493","1592","1665",
"경상남도","계","44세","수급자수","","1661","1550","1557","1499","1372","895","1189","1179","1105","1049","1084","1198","1449","1508","1686","1736",
"경상남도","계","45 - 49세","수급자수","","9132","8702","7819","7343","7164","7019","7424","6981","6718","7141","7265","8303","8850","8966","8868","9128",
"경상남도","계","45세","수급자수","","1641","1660","1476","1494","1472","996","1277","1171","1195","1292","1209","1385","1397","1574","1631","1795",
"경상남도","계","46세","수급자수","","1526","1625","1573","1435","1414","1056","1521","1278","1188","1343","1446","1554","1635","1512","1704","1764",
"경상남도","계","47세","수급자수","","1902","1516","1552","1502","1387","1133","1600","1484","1288","1390","1472","1731","1778","1758","1621","1824",
"경상남도","계","48세","수급자수","","2064","1886","1470","1490","1443","1375","1531","1552","1504","1464","1529","1793","2032","1943","1880","1734",
"경상남도","계","49세","수급자수","","1999","2015","1748","1422","1448","1477","1495","1496","1543","1652","1609","1840","2008","2179","2032","2011",
"경상남도","계","50 - 54세","수급자수","","8224","8484","8600","8364","8000","7769","7966","7549","7392","8244","8900","10303","11404","11882","12008","12005",
"경상남도","계","50세","수급자수","","1825","1968","1895","1615","1356","1391","1493","1500","1489","1698","1770","1956","2105","2188","2298","2154",
"경상남도","계","51세","수급자수","","1636","1764","1910","1778","1577","1378","1486","1475","1479","1631","1814","2128","2191","2299","2314","2421",
"경상남도","계","52세","수급자수","","1667","1611","1682","1857","1723","1398","1449","1471","1500","1650","1784","2107","2398","2327","2364","2425",
"경상남도","계","53세","수급자수","","1522","1634","1534","1628","1771","1417","1708","1419","1473","1644","1757","2057","2368","2541","2388","2503",
"경상남도","계","54세","수급자수","","1574","1507","1579","1486","1573","1360","1830","1684","1451","1621","1775","2055","2342","2527","2644","2502",
"경상남도","계","55 - 59세","수급자수","","5549","6085","6467","6617","6882","7237","8119","8474","8784","9519","10010","10978","11675","12189","12892","13613",
"경상남도","계","55세","수급자수","","1294","1544","1432","1497","1467","1567","1848","1810","1693","1564","1773","2043","2281","2464","2673","2773",
"경상남도","계","56세","수급자수","","1099","1269","1502","1385","1449","1693","1691","1840","1874","1835","1695","1998","2310","2429","2527","2783",
"경상남도","계","57세","수급자수","","1229","1110","1252","1444","1362","1732","1559","1705","1883","2094","1986","1960","2256","2491","2517","2692",
"경상남도","계","58세","수급자수","","944","1208","1104","1231","1418","1562","1570","1572","1731","2092","2283","2339","2189","2434","2601","2645",
"경상남도","계","59세","수급자수","","983","954","1177","1060","1186","1469","1451","1547","1603","1934","2273","2638","2639","2371","2574","2720",
"경상남도","계","60 - 64세","수급자수","","5036","5231","5164","5201","5100","5333","6461","6911","7362","8786","10189","12081","14155","15127","15580","15697",
"경상남도","계","60세","수급자수","","1095","991","945","1175","1051","1439","1581","1483","1600","1779","2147","2618","2973","2816","2503","2685",
"경상남도","계","61세","수급자수","","1077","1100","982","957","1135","1335","1351","1589","1536","1846","1955","2471","2997","3221","2997","2627",
"경상남도","계","62세","수급자수","","1093","1105","1078","957","946","1432","1164","1335","1637","1731","2051","2276","2784","3265","3403","3165",
"경상남도","계","63세","수급자수","","875","1115","1074","1043","946","1204","1281","1181","1380","1860","1933","2409","2589","2977","3494","3564",
"경상남도","계","64세","수급자수","","896","920","1085","1069","1022","1061","1084","1323","1209","1570","2103","2307","2812","2848","3183","3656",
"경상남도","계","65 - 69세","수급자수","","6841","6589","6033","5602","5503","5550","6306","6477","6783","8124","9324","11345","13905","15875","17507","18939",
"경상남도","계","65세","수급자수","","1056","969","976","1136","1143","1144","1169","1202","1482","1560","1970","2669","2924","3315","3273","3648",
"경상남도","계","66세","수급자수","","1224","1135","989","1036","1184","976","1314","1228","1286","1814","1804","2337","3149","3322","3580","3648",
"경상남도","계","67세","수급자수","","1593","1311","1139","986","1049","948","1369","1318","1266","1555","2073","2023","2743","3535","3541","3843",
"경상남도","계","68세","수급자수","","1478","1657","1302","1139","984","1113","1327","1392","1354","1561","1738","2359","2362","3076","3807","3756",
"경상남도","계","69세","수급자수","","1490","1517","1627","1305","1143","1206","1127","1337","1395","1634","1739","1957","2727","2627","3306","4044",
"경상남도","계","70 - 74세","수급자수","","7561","7526","7201","7146","6896","6568","6745","6282","6046","7393","8325","9564","11308","13030","14020","15540",
"경상남도","계","70세","수급자수","","1557","1503","1457","1571","1265","1200","1088","1104","1335","1675","1829","1933","2259","3040","2821","3526",
"경상남도","계","71세","수급자수","","1497","1571","1462","1416","1549","1052","1228","1079","1124","1607","1839","1995","2186","2517","3200","3023",
"경상남도","계","72세","수급자수","","1479","1503","1493","1405","1388","979","1347","1185","1082","1365","1800","2039","2278","2413","2676","3422",
"경상남도","계","73세","수급자수","","1493","1467","1407","1427","1332","1140","1648","1323","1203","1250","1490","1972","2285","2547","2587","2843",
"경상남도","계","74세","수급자수","","1535","1482","1382","1327","1362","1255","1434","1591","1302","1496","1367","1625","2300","2513","2736","2726",
"경상남도","계","75 - 79세","수급자수","","6634","6799","6455","6202","5998","5908","6353","6277","6544","8088","8954","9273","10312","11038","11900","12957",
"경상남도","계","75세","수급자수","","1485","1505","1354","1323","1271","1532","1378","1402","1549","1586","1637","1483","1848","2564","2699","2907",
"경상남도","계","76세","수급자수","","1370","1444","1377","1276","1225","1343","1353","1297","1350","1869","1760","1800","1680","2006","2715","2857",
"경상남도","계","77세","수급자수","","1428","1329","1284","1273","1198","1298","1262","1298","1290","1658","2053","1899","2057","1837","2148","2859",
"경상남도","계","78세","수급자수","","1220","1379","1195","1220","1177","1311","1193","1197","1224","1504","1800","2173","2188","2246","1954","2261",
"경상남도","계","79세","수급자수","","1131","1142","1245","1110","1127","1206","1167","1083","1131","1471","1704","1918","2539","2385","2384","2073",
"경상남도","계","80 - 84세","수급자수","","4304","4423","4327","4391","4355","4309","4661","4667","4605","6302","7225","8048","10078","11762","12616","13260",
"경상남도","계","80세","수급자수","","1069","1055","1010","1157","1026","1144","1069","1078","1034","1405","1620","1829","2274","2764","2498","2518",
"경상남도","계","81세","수급자수","","969","1039","936","910","1036","1152","1066","1003","1016","1362","1519","1698","2154","2473","2915","2614",
"경상남도","계","82세","수급자수","","898","893","902","849","833","1095","895","977","934","1303","1453","1600","2018","2319","2586","3025",
"경상남도","계","83세","수급자수","","693","815","779","793","753","1051","900","809","873","1171","1405","1484","1926","2153","2398","2661",
"경상남도","계","84세","수급자수","","675","621","700","682","707","921","731","800","748","1061","1228","1437","1706","2053","2219","2442",
"경상남도","계","85 - 89세","수급자수","","2053","2157","2101","2136","2132","2170","2355","2419","2542","3515","4232","4870","6537","7468","8409","9202",
"경상남도","계","85세","수급자수","","557","601","537","633","589","935","648","643","735","898","1106","1258","1667","1799","2110","2252",
"경상남도","계","86세","수급자수","","505","506","499","456","527","737","565","568","555","863","923","1147","1457","1722","1798","2097",
"경상남도","계","87세","수급자수","","423","436","419","415","398","665","443","490","501","667","906","924","1353","1485","1720","1779",
"경상남도","계","88세","수급자수","","314","360","353","344","342","605","401","375","429","600","695","881","1085","1394","1464","1660",
"경상남도","계","89세","수급자수","","254","254","293","288","276","496","298","343","322","487","602","660","975","1068","1317","1414",
"경상남도","계","90 - 94세","수급자수","","545","560","603","643","683","724","786","833","873","1201","1474","1724","2500","3092","3458","4023",
"경상남도","계","90세","수급자수","","171","207","202","238","232","450","227","250","273","368","465","569","762","958","1007","1251",
"경상남도","계","91세","수급자수","","121","127","167","155","187","338","198","195","204","307","361","412","623","760","877","920",
"경상남도","계","92세","수급자수","","106","95","100","121","114","281","174","160","161","231","283","329","473","593","650","801",
"경상남도","계","93세","수급자수","","78","76","71","74","93","227","116","141","121","172","213","234","376","445","530","580",
"경상남도","계","94세","수급자수","","69","55","63","55","57","202","71","87","114","123","152","180","266","336","394","471",
"경상남도","계","95 - 99세","수급자수","","129","147","138","126","125","137","142","159","192","307","345","395","557","634","766","876",
"경상남도","계","95세","수급자수","","42","56","36","48","45","143","52","56","76","117","107","133","190","229","302","318",
"경상남도","계","96세","수급자수","","33","35","47","21","37","83","43","39","44","92","101","93","146","151","200","246",
"경상남도","계","97세","수급자수","","25","23","20","32","13","69","25","31","31","46","80","82","91","120","120","158",
"경상남도","계","98세","수급자수","","20","22","20","11","23","49","17","20","24","32","38","62","77","73","83","93",
"경상남도","계","99세","수급자수","","9","11","15","14","7","34","5","13","17","20","19","25","53","61","61","61",
"경상남도","계","100세 이상","수급자수","","29","23","20","25","25","24","33","29","30","34","47","46","72","83","111","134",
"경상남도","남자","계","수급자수","","43885","42624","40350","38258","36826","36119","46080","45277","44195","48441","52261","59654","67131","71558","74731","78061",
"경상남도","남자","0 - 4세","수급자수","","871","793","763","683","618","605","681","573","510","634","739","881","917","928","917","867",
"경상남도","남자","0세","수급자수","","107","92","113","90","65","58","81","49","56","72","86","87","87","81","88","103",
"경상남도","남자","1세","수급자수","","158","133","122","134","104","104","101","104","68","101","122","148","150","151","128","126",
"경상남도","남자","2세","수급자수","","210","158","145","137","142","118","122","118","118","120","148","179","193","190","174","160",
"경상남도","남자","3세","수급자수","","176","225","156","155","146","167","157","136","127","168","164","213","212","242","226","201",
"경상남도","남자","4세","수급자수","","220","185","227","167","161","158","220","166","141","173","219","254","275","264","301","277",
"경상남도","남자","5 - 9세","수급자수","","2131","1809","1548","1389","1241","1109","2585","2606","2299","2329","2523","2808","3103","3077","3063","3007",
"경상남도","남자","5세","수급자수","","305","231","188","229","175","170","220","217","182","193","248","318","347","343","323","354",
"경상남도","남자","6세","수급자수","","328","326","246","198","235","176","215","232","223","252","257","334","407","418","397","388",
"경상남도","남자","7세","수급자수","","423","336","339","262","218","251","642","608","549","582","620","594","699","697","706","620",
"경상남도","남자","8세","수급자수","","461","434","344","342","267","2","760","711","639","639","652","752","753","775","777","763",
"경상남도","남자","9세","수급자수","","614","482","431","358","346","2","748","838","706","663","746","810","897","844","860","882",
"경상남도","남자","10 - 14세","수급자수","","4487","3989","3513","3030","2579","2295","4918","4646","4200","4029","4172","4812","5399","5580","5609","5653",
"경상남도","남자","10세","수급자수","","672","619","490","426","357","0","759","799","779","740","730","895","989","1007","921","924",
"경상남도","남자","11세","수급자수","","810","671","632","493","424","228","905","785","784","817","806","900","1057","1057","1082","1004",
"경상남도","남자","12세","수급자수","","888","823","659","641","493","284","917","939","752","808","893","929","1033","1164","1138","1159",
"경상남도","남자","13세","수급자수","","992","891","831","661","640","345","1099","993","911","772","910","1092","1110","1141","1264","1242",
"경상남도","남자","14세","수급자수","","1125","985","901","809","665","362","1238","1130","974","892","833","996","1210","1211","1204","1324",
"경상남도","남자","15 - 19세","수급자수","","5742","5496","5018","4568","4247","3892","7034","6650","5805","5337","4978","5067","5191","5402","5673","5860",
"경상남도","남자","15세","수급자수","","1196","1128","975","895","803","445","1498","1272","1095","974","958","947","1094","1262","1274","1276",
"경상남도","남자","16세","수급자수","","1278","1184","1114","963","892","506","1570","1591","1266","1157","1023","1136","1064","1177","1357","1339",
"경상남도","남자","17세","수급자수","","1257","1243","1138","1066","938","637","1683","1600","1481","1247","1151","1114","1206","1090","1203","1376",
"경상남도","남자","18세","수급자수","","1218","1150","1119","984","978","667","1572","1553","1335","1362","1184","1194","1150","1214","1102","1217",
"경상남도","남자","19세","수급자수","","793","791","672","660","636","821","711","634","628","597","662","676","677","659","737","652",
"경상남도","남자","20 - 24세","수급자수","","1463","1478","1482","1353","1396","1484","1642","1655","1634","1784","1836","2153","2370","2380","2279","2255",
"경상남도","남자","20세","수급자수","","411","387","362","283","311","874","421","384","381","407","389","470","473","406","401","402",
"경상남도","남자","21세","수급자수","","277","331","330","302","264","871","281","323","315","364","361","405","490","474","404","410",
"경상남도","남자","22세","수급자수","","305","299","356","333","337","659","368","360","359","363","393","486","511","582","533","458",
"경상남도","남자","23세","수급자수","","258","244","239","277","281","318","323","324","319","360","368","411","501","466","534","476",
"경상남도","남자","24세","수급자수","","212","217","195","158","203","299","249","264","260","290","325","381","395","452","407","509",
"경상남도","남자","25 - 29세","수급자수","","707","640","596","537","482","494","522","527","532","655","756","931","1100","1183","1275","1363",
"경상남도","남자","25세","수급자수","","155","171","169","149","117","338","179","178","174","233","244","313","340","326","371","350",
"경상남도","남자","26세","수급자수","","150","114","130","111","121","308","116","118","112","132","174","206","269","262","258","336",
"경상남도","남자","27세","수급자수","","128","120","87","108","79","221","82","90","100","108","114","172","199","243","238","237",
"경상남도","남자","28세","수급자수","","138","106","110","72","96","154","79","68","79","104","101","117","162","188","227","216",
"경상남도","남자","29세","수급자수","","136","129","100","97","69","89","66","73","67","78","123","123","130","164","181","224",
"경상남도","남자","30 - 34세","수급자수","","856","799","713","650","603","569","592","532","515","620","700","875","1029","1097","1232","1307",
"경상남도","남자","30세","수급자수","","142","145","124","97","100","90","114","77","83","86","108","168","179","175","219","252",
"경상남도","남자","31세","수급자수","","140","147","147","126","99","60","81","123","85","122","114","163","200","232","224","241",
"경상남도","남자","32세","수급자수","","174","142","139","138","126","101","115","79","126","114","154","171","198","237","276","243",
"경상남도","남자","33세","수급자수","","185","169","138","140","143","72","128","116","93","163","140","197","207","227","252","301",
"경상남도","남자","34세","수급자수","","215","196","165","149","135","100","154","137","128","135","184","176","245","226","261","270",
"경상남도","남자","35 - 39세","수급자수","","1983","1762","1511","1280","1097","965","1007","943","949","1121","1248","1507","1587","1562","1539","1657",
"경상남도","남자","35세","수급자수","","287","224","195","178","166","106","174","162","149","162","162","249","229","270","256","287",
"경상남도","남자","36세","수급자수","","344","302","232","197","169","132","176","176","177","217","202","214","284","248","297","293",
"경상남도","남자","37세","수급자수","","413","359","296","237","204","159","186","176","200","235","269","267","261","327","277","349",
"경상남도","남자","38세","수급자수","","457","417","364","298","250","139","222","193","199","251","295","368","353","311","360","325",
"경상남도","남자","39세","수급자수","","482","460","424","370","308","165","249","236","224","256","320","409","460","406","349","403",
"경상남도","남자","40 - 44세","수급자수","","3574","3301","2994","2703","2422","2176","2202","1994","1802","1874","1966","2347","2739","2829","2872","2814",
"경상남도","남자","40세","수급자수","","608","489","447","395","377","187","299","253","265","295","317","412","497","504","447","388",
"경상남도","남자","41세","수급자수","","679","620","505","455","425","209","379","308","260","325","364","437","522","539","556","517",
"경상남도","남자","42세","수급자수","","688","708","640","508","453","265","438","383","345","330","398","468","527","569","587","608",
"경상남도","남자","43세","수급자수","","781","703","715","649","524","331","547","477","426","418","405","532","555","593","610","639",
"경상남도","남자","44세","수급자수","","818","781","687","696","643","380","539","573","506","506","482","498","638","624","672","662",
"경상남도","남자","45 - 49세","수급자수","","5075","4721","4187","3840","3693","3584","3736","3489","3402","3594","3672","4060","4171","4072","3918","3903",
"경상남도","남자","45세","수급자수","","826","830","760","703","692","463","597","559","589","610","576","609","600","683","677","709",
"경상남도","남자","46세","수급자수","","811","829","798","754","694","476","742","615","597","662","682","734","733","652","729","744",
"경상남도","남자","47세","수급자수","","1066","820","805","781","755","526","782","749","632","717","750","821","843","777","701","784",
"경상남도","남자","48세","수급자수","","1184","1074","820","785","772","650","777","782","785","743","809","930","964","916","839","763",
"경상남도","남자","49세","수급자수","","1188","1168","1004","817","780","704","838","784","799","862","855","966","1031","1044","972","903",
"경상남도","남자","50 - 54세","수급자수","","4911","5102","5154","5063","4844","4650","4660","4429","4312","4692","5017","5744","6216","6452","6408","6236",
"경상남도","남자","50세","수급자수","","1115","1180","1106","941","800","693","835","870","806","905","929","1045","1106","1142","1118","1032",
"경상남도","남자","51세","수급자수","","1000","1084","1161","1059","932","768","827","847","874","895","985","1149","1181","1213","1231","1167",
"경상남도","남자","52세","수급자수","","987","978","1041","1142","1034","769","887","835","879","993","988","1166","1310","1272","1267","1299",
"경상남도","남자","53세","수급자수","","914","962","925","1001","1105","779","1011","881","830","981","1071","1151","1316","1407","1306","1360",
"경상남도","남자","54세","수급자수","","895","898","921","920","973","821","1100","996","923","918","1044","1233","1303","1418","1486","1378",
"경상남도","남자","55 - 59세","수급자수","","3040","3356","3663","3799","4061","4327","4904","5112","5347","5782","5971","6416","6822","7030","7362","7796",
"경상남도","남자","55세","수급자수","","774","867","855","873","910","936","1145","1093","1010","971","1004","1180","1362","1379","1509","1541",
"경상남도","남자","56세","수급자수","","608","754","840","830","848","1027","1051","1138","1146","1099","1043","1131","1340","1453","1402","1581",
"경상남도","남자","57세","수급자수","","675","595","745","804","822","1087","952","1051","1169","1265","1184","1188","1290","1429","1511","1522",
"경상남도","남자","58세","수급자수","","494","649","590","729","789","963","903","950","1058","1264","1375","1365","1320","1366","1491","1591",
"경상남도","남자","59세","수급자수","","489","491","633","563","692","908","853","880","964","1183","1365","1552","1510","1403","1449","1561",
"경상남도","남자","60 - 64세","수급자수","","2226","2369","2404","2516","2542","2787","3468","3821","4147","4897","5731","6827","7965","8469","8721","8754",
"경상남도","남자","60세","수급자수","","536","491","473","622","561","844","889","867","919","1047","1299","1540","1745","1600","1465","1514",
"경상남도","남자","61세","수급자수","","499","530","476","465","595","805","775","895","892","1037","1131","1449","1716","1847","1683","1524",
"경상남도","남자","62세","수급자수","","471","507","518","458","461","807","625","746","908","971","1129","1280","1584","1844","1904","1789",
"경상남도","남자","63세","수급자수","","356","475","484","494","453","695","660","642","767","991","1089","1310","1418","1650","1921","1972",
"경상남도","남자","64세","수급자수","","364","366","453","477","472","573","519","671","661","851","1083","1248","1502","1528","1748","1955",
"경상남도","남자","65 - 69세","수급자수","","2259","2279","2152","2093","2193","2312","2754","2912","3135","3795","4501","5597","6945","7914","8801","9626",
"경상남도","남자","65세","수급자수","","397","369","390","459","501","592","540","563","751","812","1045","1380","1550","1703","1732","1994",
"경상남도","남자","66세","수급자수","","409","415","387","412","493","477","595","567","588","878","928","1209","1580","1710","1819","1915",
"경상남도","남자","67세","수급자수","","520","449","421","377","416","450","611","596","569","704","991","1009","1398","1754","1766","1935",
"경상남도","남자","68세","수급자수","","483","541","427","411","375","511","559","628","603","687","781","1121","1131","1531","1853","1851",
"경상남도","남자","69세","수급자수","","450","505","527","434","408","529","449","558","624","714","756","878","1286","1216","1631","1931",
"경상남도","남자","70 - 74세","수급자수","","2106","2118","2089","2167","2168","2170","2350","2218","2224","2788","3228","3812","4598","5505","6039","6899",
"경상남도","남자","70세","수급자수","","465","437","483","515","422","492","406","435","550","705","762","825","1011","1413","1277","1708",
"경상남도","남자","71세","수급자수","","417","463","422","476","514","415","452","397","431","633","770","824","938","1122","1466","1350",
"경상남도","남자","72세","수급자수","","410","421","442","408","465","365","447","423","395","491","685","850","914","998","1160","1530",
"경상남도","남자","73세","수급자수","","401","402","380","415","382","417","562","438","424","458","519","741","904","1000","1061","1222",
"경상남도","남자","74세","수급자수","","413","395","362","353","385","423","483","525","424","501","492","572","831","972","1075","1089",
"경상남도","남자","75 - 79세","수급자수","","1393","1566","1547","1533","1529","1535","1710","1776","1919","2398","2722","2898","3207","3548","3944","4451",
"경상남도","남자","75세","수급자수","","373","395","362","348","343","514","417","469","507","505","532","520","629","903","1012","1125",
"경상남도","남자","76세","수급자수","","309","359","347","339","312","442","355","383","446","583","541","563","560","674","944","1041",
"경상남도","남자","77세","수급자수","","298","303","319","318","312","374","342","330","363","532","625","584","624","593","699","956",
"경상남도","남자","78세","수급자수","","249","286","264","300","283","356","306","331","306","419","550","658","652","674","598","710",
"경상남도","남자","79세","수급자수","","164","223","255","228","279","331","290","263","297","359","474","573","742","704","691","619",
"경상남도","남자","80 - 84세","수급자수","","667","657","662","694","741","801","939","1000","1035","1484","1666","1920","2402","2873","3128","3379",
"경상남도","남자","80세","수급자수","","171","145","188","230","210","290","260","265","248","370","378","487","617","780","689","720",
"경상남도","남자","81세","수급자수","","160","166","125","156","197","297","238","232","249","327","380","391","573","646","780","708",
"경상남도","남자","82세","수급자수","","132","135","141","115","149","261","175","214","215","304","344","396","424","575","648","784",
"경상남도","남자","83세","수급자수","","108","113","111","108","102","247","153","156","191","252","316","332","426","450","571","628",
"경상남도","남자","84세","수급자수","","96","98","97","85","83","181","113","133","132","231","248","314","362","422","440","539",
"경상남도","남자","85 - 89세","수급자수","","313","312","282","279","281","257","275","302","324","475","643","791","1090","1324","1548","1693",
"경상남도","남자","85세","수급자수","","100","87","77","85","73","170","75","96","115","149","221","236","351","372","428","441",
"경상남도","남자","86세","수급자수","","79","86","61","59","75","118","65","66","73","127","144","211","252","356","348","404",
"경상남도","남자","87세","수급자수","","52","60","65","45","54","85","54","51","55","90","129","149","215","241","335","328",
"경상남도","남자","88세","수급자수","","49","43","45","53","34","70","49","45","43","60","93","114","155","215","235","307",
"경상남도","남자","89세","수급자수","","33","36","34","37","45","61","32","44","38","49","56","81","117","140","202","213",
"경상남도","남자","90 - 94세","수급자수","","66","68","65","71","75","91","83","78","83","117","151","165","225","284","347","470",
"경상남도","남자","90세","수급자수","","17","25","22","30","27","65","13","25","29","43","54","51","77","99","136","179",
"경상남도","남자","91세","수급자수","","18","14","19","15","25","38","32","8","18","28","41","48","50","71","82","124",
"경상남도","남자","92세","수급자수","","13","14","9","10","9","23","21","20","9","24","24","32","46","51","51","83",
"경상남도","남자","93세","수급자수","","13","8","11","7","8","38","14","17","13","11","19","20","26","38","45","45",
"경상남도","남자","94세","수급자수","","5","7","4","9","6","25","3","8","14","11","13","14","26","25","33","39",
"경상남도","남자","95 - 99세","수급자수","","9","7","6","9","13","15","16","12","20","35","37","37","47","41","49","60",
"경상남도","남자","95세","수급자수","","3","2","4","4","9","15","7","3","11","13","8","10","12","18","23","25",
"경상남도","남자","96세","수급자수","","0","2","1","4","2","6","4","4","2","13","12","6","9","9","14","15",
"경상남도","남자","97세","수급자수","","3","0","0","1","2","7","3","2","2","4","11","9","7","6","5","11",
"경상남도","남자","98세","수급자수","","1","3","0","0","0","3","1","3","2","3","4","9","8","4","5","6",
"경상남도","남자","99세","수급자수","","2","0","1","0","0","8","1","0","3","2","2","3","11","4","2","3",
"경상남도","남자","100세 이상","수급자수","","6","2","1","1","1","1","2","2","1","1","4","6","8","8","7","11",
"경상남도","여자","계","수급자수","","57264","55795","52324","49301","46486","44753","54911","52952","50832","57919","63338","72419","84030","90931","95710","100260",
"경상남도","여자","0 - 4세","수급자수","","847","765","702","617","551","575","629","574","519","632","735","875","933","893","850","800",
"경상남도","여자","0세","수급자수","","103","105","92","82","66","79","66","61","67","86","70","88","90","76","86","82",
"경상남도","여자","1세","수급자수","","153","127","130","111","100","85","122","88","75","101","140","131","146","138","129","110",
"경상남도","여자","2세","수급자수","","189","158","126","143","111","127","118","131","106","111","150","192","164","182","169","166",
"경상남도","여자","3세","수급자수","","187","193","153","120","147","128","162","127","130","151","170","222","253","202","215","190",
"경상남도","여자","4세","수급자수","","215","182","201","161","127","156","161","167","141","183","205","242","280","295","251","252",
"경상남도","여자","5 - 9세","수급자수","","1835","1540","1313","1190","1114","1032","2546","2499","2168","2128","2385","2740","3010","2950","2918","2813",
"경상남도","여자","5세","수급자수","","233","230","193","217","169","145","187","174","169","172","239","295","318","305","350","296",
"경상남도","여자","6세","수급자수","","260","235","233","206","217","195","186","204","202","221","253","345","354","389","360","401",
"경상남도","여자","7세","수급자수","","344","271","241","240","213","225","712","550","491","544","565","598","718","653","624","584",
"경상남도","여자","8세","수급자수","","446","355","278","251","248","25","750","771","558","584","656","691","752","774","736","716",
"경상남도","여자","9세","수급자수","","552","449","368","276","267","7","711","800","748","607","672","811","868","829","848","816",
"경상남도","여자","10 - 14세","수급자수","","4219","3798","3299","2761","2352","2017","4611","4394","4017","3988","4070","4692","5223","5312","5279","5365",
"경상남도","여자","10세","수급자수","","691","570","452","367","292","18","740","784","766","778","661","830","958","974","898","916",
"경상남도","여자","11세","수급자수","","731","688","559","444","375","217","798","792","755","813","816","827","969","1012","1046","959",
"경상남도","여자","12세","수급자수","","838","734","692","544","449","250","884","866","744","779","900","970","952","1058","1111","1092",
"경상남도","여자","13세","수급자수","","949","866","733","694","553","293","997","938","845","762","858","1087","1127","1035","1145","1189",
"경상남도","여자","14세","수급자수","","1010","940","863","712","683","312","1192","1014","907","856","835","978","1217","1233","1079","1209",
"경상남도","여자","15 - 19세","수급자수","","5711","5488","5122","4667","4191","3883","6978","6438","5576","5142","4861","5036","5243","5592","5870","5939",
"경상남도","여자","15세","수급자수","","1095","1026","923","877","722","381","1381","1211","963","941","890","966","1088","1298","1312","1153",
"경상남도","여자","16세","수급자수","","1189","1100","1024","922","858","464","1529","1445","1204","1003","1020","1060","1095","1166","1360","1337",
"경상남도","여자","17세","수급자수","","1279","1181","1087","998","923","567","1605","1547","1354","1204","1023","1126","1121","1142","1208","1384",
"경상남도","여자","18세","수급자수","","1169","1217","1109","985","920","693","1656","1473","1377","1258","1186","1103","1198","1163","1174","1253",
"경상남도","여자","19세","수급자수","","979","964","979","885","768","729","807","762","678","736","742","781","741","823","816","812",
"경상남도","여자","20 - 24세","수급자수","","2053","2118","2030","1987","1944","1906","2183","2127","1981","2197","2430","2856","3094","3068","3053","3086",
"경상남도","여자","20세","수급자수","","768","794","755","779","706","867","716","677","625","665","716","786","807","735","765","779",
"경상남도","여자","21세","수급자수","","542","549","540","533","557","852","566","564","522","562","603","730","791","743","676","742",
"경상남도","여자","22세","수급자수","","354","379","356","319","370","742","435","427","412","456","482","584","668","692","641","619",
"경상남도","여자","23세","수급자수","","243","225","229","220","166","656","272","273","238","313","358","441","438","520","532","517",
"경상남도","여자","24세","수급자수","","146","171","150","136","145","527","194","186","184","201","271","315","390","378","439","429",
"경상남도","여자","25 - 29세","수급자수","","648","574","532","504","447","440","502","500","497","615","723","960","1157","1246","1309","1450",
"경상남도","여자","25세","수급자수","","124","117","123","111","102","387","99","134","139","168","186","244","301","320","332","384",
"경상남도","여자","26세","수급자수","","107","96","91","107","89","231","93","88","103","143","157","193","218","262","271","300",
"경상남도","여자","27세","수급자수","","122","107","86","83","90","105","100","87","87","118","139","177","209","201","261","275",
"경상남도","여자","28세","수급자수","","139","134","106","94","80","100","97","95","78","95","129","172","205","231","221","256",
"경상남도","여자","29세","수급자수","","156","120","126","109","86","87","113","96","90","91","112","174","224","232","224","235",
"경상남도","여자","30 - 34세","수급자수","","1157","1030","888","853","770","732","786","735","671","767","876","1149","1353","1470","1589","1696",
"경상남도","여자","30세","수급자수","","172","156","135","130","113","79","94","106","106","127","121","168","218","290","295","286",
"경상남도","여자","31세","수급자수","","205","180","159","141","138","92","126","115","116","134","172","193","241","276","339","321",
"경상남도","여자","32세","수급자수","","209","202","193","174","137","82","169","127","122","147","168","236","253","272","296","406",
"경상남도","여자","33세","수급자수","","248","220","195","205","175","98","193","184","138","170","197","255","289","300","311","349",
"경상남도","여자","34세","수급자수","","323","272","206","203","207","126","204","203","189","189","218","297","352","332","348","334",
"경상남도","여자","35 - 39세","수급자수","","2641","2332","2017","1696","1431","1330","1438","1352","1305","1579","1751","2148","2458","2500","2489","2525",
"경상남도","여자","35세","수급자수","","348","326","271","224","215","154","250","216","216","259","213","340","396","406","402","415",
"경상남도","여자","36세","수급자수","","510","343","319","273","230","161","248","246","219","287","338","314","410","441","460","458",
"경상남도","여자","37세","수급자수","","549","515","354","332","273","193","298","250","261","297","379","439","433","484","479","490",
"경상남도","여자","38세","수급자수","","571","574","514","356","352","213","326","317","270","351","386","524","539","533","552","547",
"경상남도","여자","39세","수급자수","","663","574","559","511","361","235","316","323","339","385","435","531","680","636","596","615",
"경상남도","여자","40 - 44세","수급자수","","4187","3981","3705","3295","2964","2620","2784","2426","2176","2275","2560","3306","3902","4274","4490","4490",
"경상남도","여자","40세","수급자수","","798","689","567","546","517","255","427","311","334","410","490","623","698","780","707","681",
"경상남도","여자","41세","수급자수","","873","776","674","561","525","269","463","425","331","405","491","677","789","838","863","790",
"경상남도","여자","42세","수급자수","","886","866","755","654","571","358","617","475","438","395","482","650","802","872","924","919",
"경상남도","여자","43세","수급자수","","787","881","839","731","622","385","627","609","474","522","495","656","802","900","982","1026",
"경상남도","여자","44세","수급자수","","843","769","870","803","729","515","650","606","599","543","602","700","811","884","1014","1074",
"경상남도","여자","45 - 49세","수급자수","","4057","3981","3632","3503","3471","3435","3688","3492","3316","3547","3593","4243","4679","4894","4950","5225",
"경상남도","여자","45세","수급자수","","815","830","716","791","780","533","680","612","606","682","633","776","797","891","954","1086",
"경상남도","여자","46세","수급자수","","715","796","775","681","720","580","779","663","591","681","764","820","902","860","975","1020",
"경상남도","여자","47세","수급자수","","836","696","747","721","632","607","818","735","656","673","722","910","935","981","920","1040",
"경상남도","여자","48세","수급자수","","880","812","650","705","671","725","754","770","719","721","720","863","1068","1027","1041","971",
"경상남도","여자","49세","수급자수","","811","847","744","605","668","773","657","712","744","790","754","874","977","1135","1060","1108",
"경상남도","여자","50 - 54세","수급자수","","3313","3382","3446","3301","3156","3119","3306","3120","3080","3552","3883","4559","5188","5430","5600","5769",
"경상남도","여자","50세","수급자수","","710","788","789","674","556","698","658","630","683","793","841","911","999","1046","1180","1122",
"경상남도","여자","51세","수급자수","","636","680","749","719","645","610","659","628","605","736","829","979","1010","1086","1083","1254",
"경상남도","여자","52세","수급자수","","680","633","641","715","689","629","562","636","621","657","796","941","1088","1055","1097","1126",
"경상남도","여자","53세","수급자수","","608","672","609","627","666","638","697","538","643","663","686","906","1052","1134","1082","1143",
"경상남도","여자","54세","수급자수","","679","609","658","566","600","539","730","688","528","703","731","822","1039","1109","1158","1124",
"경상남도","여자","55 - 59세","수급자수","","2509","2729","2804","2818","2821","2910","3215","3362","3437","3737","4039","4562","4853","5159","5530","5817",
"경상남도","여자","55세","수급자수","","520","677","577","624","557","631","703","717","683","593","769","863","919","1085","1164","1232",
"경상남도","여자","56세","수급자수","","491","515","662","555","601","666","640","702","728","736","652","867","970","976","1125","1202",
"경상남도","여자","57세","수급자수","","554","515","507","640","540","645","607","654","714","829","802","772","966","1062","1006","1170",
"경상남도","여자","58세","수급자수","","450","559","514","502","629","599","667","622","673","828","908","974","869","1068","1110","1054",
"경상남도","여자","59세","수급자수","","494","463","544","497","494","561","598","667","639","751","908","1086","1129","968","1125","1159",
"경상남도","여자","60 - 64세","수급자수","","2810","2862","2760","2685","2558","2546","2993","3090","3215","3889","4458","5254","6190","6658","6859","6943",
"경상남도","여자","60세","수급자수","","559","500","472","553","490","595","692","616","681","732","848","1078","1228","1216","1038","1171",
"경상남도","여자","61세","수급자수","","578","570","506","492","540","530","576","694","644","809","824","1022","1281","1374","1314","1103",
"경상남도","여자","62세","수급자수","","622","598","560","499","485","625","539","589","729","760","922","996","1200","1421","1499","1376",
"경상남도","여자","63세","수급자수","","519","640","590","549","493","509","621","539","613","869","844","1099","1171","1327","1573","1592",
"경상남도","여자","64세","수급자수","","532","554","632","592","550","488","565","652","548","719","1020","1059","1310","1320","1435","1701",
"경상남도","여자","65 - 69세","수급자수","","4582","4310","3881","3509","3310","3238","3552","3565","3648","4329","4823","5748","6960","7961","8706","9313",
"경상남도","여자","65세","수급자수","","659","600","586","677","642","552","629","639","731","748","925","1289","1374","1612","1541","1654",
"경상남도","여자","66세","수급자수","","815","720","602","624","691","499","719","661","698","936","876","1128","1569","1612","1761","1733",
"경상남도","여자","67세","수급자수","","1073","862","718","609","633","498","758","722","697","851","1082","1014","1345","1781","1775","1908",
"경상남도","여자","68세","수급자수","","995","1116","875","728","609","602","768","764","751","874","957","1238","1231","1545","1954","1905",
"경상남도","여자","69세","수급자수","","1040","1012","1100","871","735","677","678","779","771","920","983","1079","1441","1411","1675","2113",
"경상남도","여자","70 - 74세","수급자수","","5455","5408","5112","4979","4728","4398","4395","4064","3822","4605","5097","5752","6710","7525","7981","8641",
"경상남도","여자","70세","수급자수","","1092","1066","974","1056","843","708","682","669","785","970","1067","1108","1248","1627","1544","1818",
"경상남도","여자","71세","수급자수","","1080","1108","1040","940","1035","637","776","682","693","974","1069","1171","1248","1395","1734","1673",
"경상남도","여자","72세","수급자수","","1069","1082","1051","997","923","614","900","762","687","874","1115","1189","1364","1415","1516","1892",
"경상남도","여자","73세","수급자수","","1092","1065","1027","1012","950","723","1086","885","779","792","971","1231","1381","1547","1526","1621",
"경상남도","여자","74세","수급자수","","1122","1087","1020","974","977","832","951","1066","878","995","875","1053","1469","1541","1661","1637",
"경상남도","여자","75 - 79세","수급자수","","5241","5233","4908","4669","4469","4373","4643","4501","4625","5690","6232","6375","7105","7490","7956","8506",
"경상남도","여자","75세","수급자수","","1112","1110","992","975","928","1018","961","933","1042","1081","1105","963","1219","1661","1687","1782",
"경상남도","여자","76세","수급자수","","1061","1085","1030","937","913","901","998","914","904","1286","1219","1237","1120","1332","1771","1816",
"경상남도","여자","77세","수급자수","","1130","1026","965","955","886","924","920","968","927","1126","1428","1315","1433","1244","1449","1903",
"경상남도","여자","78세","수급자수","","971","1093","931","920","894","955","887","866","918","1085","1250","1515","1536","1572","1356","1551",
"경상남도","여자","79세","수급자수","","967","919","990","882","848","875","877","820","834","1112","1230","1345","1797","1681","1693","1454",
"경상남도","여자","80 - 84세","수급자수","","3637","3766","3665","3697","3614","3508","3722","3667","3570","4818","5559","6128","7676","8889","9488","9881",
"경상남도","여자","80세","수급자수","","898","910","822","927","816","854","809","813","786","1035","1242","1342","1657","1984","1809","1798",
"경상남도","여자","81세","수급자수","","809","873","811","754","839","855","828","771","767","1035","1139","1307","1581","1827","2135","1906",
"경상남도","여자","82세","수급자수","","766","758","761","734","684","834","720","763","719","999","1109","1204","1594","1744","1938","2241",
"경상남도","여자","83세","수급자수","","585","702","668","685","651","804","747","653","682","919","1089","1152","1500","1703","1827","2033",
"경상남도","여자","84세","수급자수","","579","523","603","597","624","740","618","667","616","830","980","1123","1344","1631","1779","1903",
"경상남도","여자","85 - 89세","수급자수","","1740","1845","1819","1857","1851","1913","2080","2117","2218","3040","3589","4079","5447","6144","6861","7509",
"경상남도","여자","85세","수급자수","","457","514","460","548","516","765","573","547","620","749","885","1022","1316","1427","1682","1811",
"경상남도","여자","86세","수급자수","","426","420","438","397","452","619","500","502","482","736","779","936","1205","1366","1450","1693",
"경상남도","여자","87세","수급자수","","371","376","354","370","344","580","389","439","446","577","777","775","1138","1244","1385","1451",
"경상남도","여자","88세","수급자수","","265","317","308","291","308","535","352","330","386","540","602","767","930","1179","1229","1353",
"경상남도","여자","89세","수급자수","","221","218","259","251","231","435","266","299","284","438","546","579","858","928","1115","1201",
"경상남도","여자","90 - 94세","수급자수","","479","492","538","572","608","633","703","755","790","1084","1323","1559","2275","2808","3111","3553",
"경상남도","여자","90세","수급자수","","154","182","180","208","205","385","214","225","244","325","411","518","685","859","871","1072",
"경상남도","여자","91세","수급자수","","103","113","148","140","162","300","166","187","186","279","320","364","573","689","795","796",
"경상남도","여자","92세","수급자수","","93","81","91","111","105","258","153","140","152","207","259","297","427","542","599","718",
"경상남도","여자","93세","수급자수","","65","68","60","67","85","189","102","124","108","161","194","214","350","407","485","535",
"경상남도","여자","94세","수급자수","","64","48","59","46","51","177","68","79","100","112","139","166","240","311","361","432",
"경상남도","여자","95 - 99세","수급자수","","120","140","132","117","112","122","126","147","172","272","308","358","510","593","717","816",
"경상남도","여자","95세","수급자수","","39","54","32","44","36","128","45","53","65","104","99","123","178","211","279","293",
"경상남도","여자","96세","수급자수","","33","33","46","17","35","77","39","35","42","79","89","87","137","142","186","231",
"경상남도","여자","97세","수급자수","","22","23","20","31","11","62","22","29","29","42","69","73","84","114","115","147",
"경상남도","여자","98세","수급자수","","19","19","20","11","23","46","16","17","22","29","34","53","69","69","78","87",
"경상남도","여자","99세","수급자수","","7","11","14","14","7","26","4","13","14","18","17","22","42","57","59","58",
"경상남도","여자","100세 이상","수급자수","","23","21","19","24","24","23","31","27","29","33","43","40","64","75","104","123",
"제주특별자치도","계","계","수급자수","","22198","22420","21694","19841","19067","17959","22488","21418","20053","21341","22553","26896","30634","31697","33202","35293",
"제주특별자치도","계","0 - 4세","수급자수","","607","602","562","518","472","422","463","388","337","371","408","500","577","537","512","529",
"제주특별자치도","계","0세","수급자수","","85","72","82","68","46","50","46","41","39","54","39","47","50","48","47","58",
"제주특별자치도","계","1세","수급자수","","94","116","103","106","89","63","71","62","64","57","79","82","100","83","75","82",
"제주특별자치도","계","2세","수급자수","","132","113","120","106","111","92","78","80","65","78","83","116","122","113","105","105",
"제주특별자치도","계","3세","수급자수","","146","143","111","124","104","108","126","81","86","83","91","125","143","126","136","122",
"제주특별자치도","계","4세","수급자수","","150","158","146","114","122","109","142","124","83","99","116","130","162","167","149","162",
"제주특별자치도","계","5 - 9세","수급자수","","1296","1175","1118","928","827","713","1490","1415","1233","1223","1251","1471","1618","1502","1537","1519",
"제주특별자치도","계","5세","수급자수","","180","155","181","144","110","115","139","137","133","106","133","170","177","173","195","184",
"제주특별자치도","계","6세","수급자수","","186","214","177","176","154","115","165","138","129","161","123","206","215","194","212","222",
"제주특별자치도","계","7세","수급자수","","262","209","231","165","179","143","349","314","312","300","310","293","386","333","308","327",
"제주특별자치도","계","8세","수급자수","","287","282","238","220","162","7","426","377","305","335","318","399","367","407","367","362",
"제주특별자치도","계","9세","수급자수","","381","315","291","223","222","6","411","449","354","321","367","403","473","395","455","424",
"제주특별자치도","계","10 - 14세","수급자수","","2501","2425","2175","1822","1593","1396","2274","2296","2107","1954","1909","2268","2552","2622","2636","2695",
"제주특별자치도","계","10세","수급자수","","394","410","322","266","219","5","366","411","410","360","352","444","466","492","426","493",
"제주특별자치도","계","11세","수급자수","","436","424","420","301","266","177","440","413","390","384","381","437","527","477","538","471",
"제주특별자치도","계","12세","수급자수","","510","452","424","413","304","163","438","462","399","387","381","464","503","554","513","563",
"제주특별자치도","계","13세","수급자수","","581","541","458","390","408","219","473","493","435","396","405","459","538","538","593","546",
"제주특별자치도","계","14세","수급자수","","580","598","551","452","396","209","557","517","473","427","390","464","518","561","566","622",
"제주특별자치도","계","15 - 19세","수급자수","","3179","3211","3058","2762","2588","2282","3444","3320","2739","2524","2316","2406","2505","2520","2647","2808",
"제주특별자치도","계","15세","수급자수","","671","608","613","532","443","259","704","627","495","478","429","460","532","526","580","614",
"제주특별자치도","계","16세","수급자수","","677","699","606","586","531","309","692","796","584","497","504","486","497","547","568","609",
"제주특별자치도","계","17세","수급자수","","724","680","691","572","581","400","770","750","719","565","468","555","526","513","573","604",
"제주특별자치도","계","18세","수급자수","","637","700","640","619","534","380","783","729","616","655","530","511","581","545","527","600",
"제주특별자치도","계","19세","수급자수","","470","524","508","453","499","427","495","418","325","329","385","394","369","389","399","381",
"제주특별자치도","계","20 - 24세","수급자수","","844","949","1049","977","1009","1021","1155","1067","972","987","996","1249","1429","1362","1347","1398",
"제주특별자치도","계","20세","수급자수","","276","327","348","302","316","515","337","311","282","226","252","341","339","292","293","316",
"제주특별자치도","계","21세","수급자수","","188","223","258","258","242","543","287","245","223","252","217","270","343","302","279","283",
"제주특별자치도","계","22세","수급자수","","154","160","204","187","217","417","231","238","195","227","228","254","290","329","290","276",
"제주특별자치도","계","23세","수급자수","","129","127","142","132","139","337","166","157","155","155","161","218","241","241","293","276",
"제주특별자치도","계","24세","수급자수","","97","112","97","98","95","232","134","116","117","127","138","166","216","198","192","247",
"제주특별자치도","계","25 - 29세","수급자수","","275","269","269","272","261","261","295","283","283","293","331","454","559","575","621","684",
"제주특별자치도","계","25세","수급자수","","66","71","69","64","78","194","86","92","89","93","99","130","154","171","174","173",
"제주특별자치도","계","26세","수급자수","","60","55","57","55","47","160","64","55","58","60","63","99","106","114","139","152",
"제주특별자치도","계","27세","수급자수","","44","54","47","48","51","98","64","53","45","51","60","86","118","89","107","140",
"제주특별자치도","계","28세","수급자수","","50","39","52","54","38","76","38","50","48","41","55","75","91","109","90","105",
"제주특별자치도","계","29세","수급자수","","55","50","44","51","47","63","43","33","43","48","54","64","90","92","111","114",
"제주특별자치도","계","30 - 34세","수급자수","","438","428","381","329","297","278","318","268","249","274","305","436","541","595","658","691",
"제주특별자치도","계","30세","수급자수","","68","61","55","45","48","38","44","49","33","45","61","79","93","105","124","123",
"제주특별자치도","계","31세","수급자수","","67","82","64","61","48","45","54","40","44","43","59","85","112","118","120","129",
"제주특별자치도","계","32세","수급자수","","97","77","80","67","62","39","62","48","45","54","51","92","110","135","136","136",
"제주특별자치도","계","33세","수급자수","","101","104","78","76","66","45","75","64","57","64","60","80","119","109","146","147",
"제주특별자치도","계","34세","수급자수","","105","104","104","80","73","50","83","67","70","68","74","100","107","128","132","156",
"제주특별자치도","계","35 - 39세","수급자수","","978","943","823","660","589","527","623","548","509","562","615","838","951","909","910","931",
"제주특별자치도","계","35세","수급자수","","141","122","113","100","83","50","104","82","78","84","92","120","147","127","144","136",
"제주특별자치도","계","36세","수급자수","","166","150","133","114","102","58","115","112","94","99","113","151","168","174","138","178",
"제주특별자치도","계","37세","수급자수","","200","186","160","120","112","75","113","109","113","107","120","170","179","182","187","158",
"제주특별자치도","계","38세","수급자수","","239","226","178","159","126","86","129","110","113","134","137","187","219","196","213","217",
"제주특별자치도","계","39세","수급자수","","232","259","239","167","166","91","162","135","111","138","153","210","238","230","228","242",
"제주특별자치도","계","40 - 44세","수급자수","","1632","1603","1537","1346","1220","1070","1133","971","835","877","901","1206","1468","1518","1618","1713",
"제주특별자치도","계","40세","수급자수","","287","272","277","230","174","98","163","152","126","132","156","230","276","258","261","270",
"제주특별자치도","계","41세","수급자수","","326","301","286","261","237","119","198","173","147","159","167","253","294","308","292","319",
"제주특별자치도","계","42세","수급자수","","309","342","301","269","261","133","213","180","164","159","182","225","313","317","349","346",
"제주특별자치도","계","43세","수급자수","","360","327","355","271","271","163","270","210","187","198","187","241","290","336","361","396",
"제주특별자치도","계","44세","수급자수","","350","361","318","315","277","175","289","256","211","229","209","257","295","299","355","382",
"제주특별자치도","계","45 - 49세","수급자수","","1793","1792","1778","1585","1557","1473","1612","1446","1370","1399","1452","1736","1891","1859","1905","1954",
"제주특별자치도","계","45세","수급자수","","329","359","356","300","331","231","303","268","250","233","260","281","326","324","332","371",
"제주특별자치도","계","46세","수급자수","","375","336","348","335","294","249","308","273","260","279","253","323","320","344","366","371",
"제주특별자치도","계","47세","수급자수","","401","378","324","319","337","252","352","286","268","280","290","346","397","353","390","389",
"제주특별자치도","계","48세","수급자수","","330","395","380","292","308","262","315","323","282","299","317","380","405","413","381","410",
"제주특별자치도","계","49세","수급자수","","358","324","370","339","287","325","334","296","310","308","332","406","443","425","436","413",
"제주특별자치도","계","50 - 54세","수급자수","","1410","1505","1519","1458","1548","1475","1565","1541","1453","1580","1674","2107","2428","2473","2505","2619",
"제주특별자치도","계","50세","수급자수","","332","353","306","345","324","284","305","314","288","333","335","436","480","481","457","485",
"제주특별자치도","계","51세","수급자수","","285","325","346","275","342","314","293","279","300","305","347","414","515","490","476","479",
"제주특별자치도","계","52세","수급자수","","273","284","329","298","279","288","336","288","266","335","330","417","476","511","528","509",
"제주특별자치도","계","53세","수급자수","","247","285","264","301","295","283","348","315","295","295","355","395","494","495","527","585",
"제주특별자치도","계","54세","수급자수","","273","258","274","239","308","308","283","345","304","312","307","445","463","496","517","561",
"제주특별자치도","계","55 - 59세","수급자수","","912","1014","1127","1085","1153","1230","1422","1404","1481","1658","1784","2139","2409","2465","2521","2789",
"제주특별자치도","계","55세","수급자수","","204","271","256","254","238","337","321","268","322","332","335","381","500","482","506","562",
"제주특별자치도","계","56세","수급자수","","163","208","258","220","251","256","322","305","271","333","350","410","447","511","490","550",
"제주특별자치도","계","57세","수급자수","","216","166","226","243","224","291","255","309","318","303","368","431","449","468","558","537",
"제주특별자치도","계","58세","수급자수","","159","218","171","208","240","302","275","253","318","344","347","460","501","468","489","604",
"제주특별자치도","계","59세","수급자수","","170","151","216","160","200","223","249","269","252","346","384","457","512","536","478","536",
"제주특별자치도","계","60 - 64세","수급자수","","911","937","914","877","846","874","1124","1173","1223","1464","1760","2253","2648","2796","3000","3108",
"제주특별자치도","계","60세","수급자수","","173","178","147","207","163","242","277","249","274","293","369","482","520","543","562","523",
"제주특별자치도","계","61세","수급자수","","191","185","174","139","200","227","227","265","254","310","331","495","561","551","596","593",
"제주특별자치도","계","62세","수급자수","","179","198","188","151","145","236","195","225","268","288","373","410","571","583","593","645",
"제주특별자치도","계","63세","수급자수","","193","187","208","172","155","201","239","198","228","306","334","444","477","590","620","654",
"제주특별자치도","계","64세","수급자수","","175","189","197","208","183","159","186","236","199","267","353","422","519","529","629","693",
"제주특별자치도","계","65 - 69세","수급자수","","1209","1204","1122","1065","1048","1078","1270","1212","1216","1390","1594","2019","2433","2763","3061","3451",
"제주특별자치도","계","65세","수급자수","","189","189","189","219","218","205","214","194","249","255","350","515","513","594","606","717",
"제주특별자치도","계","66세","수급자수","","229","204","195","205","231","151","255","214","215","301","307","423","592","579","656","671",
"제주특별자치도","계","67세","수급자수","","268","241","213","193","196","158","269","253","221","259","349","356","490","638","606","709",
"제주특별자치도","계","68세","수급자수","","261","293","239","212","194","207","292","270","263","267","289","394","400","527","663","660",
"제주특별자치도","계","69세","수급자수","","262","277","286","236","209","229","240","281","268","308","299","331","438","425","530","694",
"제주특별자치도","계","70 - 74세","수급자수","","1358","1395","1361","1333","1269","1187","1311","1185","1162","1384","1515","1722","1940","2117","2244","2467",
"제주특별자치도","계","70세","수급자수","","279","275","262","282","247","244","221","228","276","311","325","338","378","473","466","570",
"제주특별자치도","계","71세","수급자수","","289","297","266","255","280","206","241","211","226","321","324","356","389","402","502","492",
"제주특별자치도","계","72세","수급자수","","268","294","296","253","249","192","268","215","198","273","334","356","400","403","419","527",
"제주특별자치도","계","73세","수급자수","","249","275","284","280","241","206","309","248","218","229","287","360","380","428","418","437",
"제주특별자치도","계","74세","수급자수","","273","254","253","263","252","233","272","283","244","250","245","312","393","411","439","441",
"제주특별자치도","계","75 - 79세","수급자수","","1242","1279","1281","1230","1169","1097","1229","1168","1184","1398","1463","1540","1661","1741","1854","2032",
"제주특별자치도","계","75세","수급자수","","289","283","234","244","261","275","250","256","277","274","275","278","332","419","422","446",
"제주특별자치도","계","76세","수급자수","","290","295","272","221","228","242","278","226","237","319","284","285","295","346","424","443",
"제주특별자치도","계","77세","수급자수","","246","292","271","256","215","231","261","252","207","284","347","296","303","303","382","455",
"제주특별자치도","계","78세","수급자수","","178","234","277","251","239","236","219","239","241","245","302","357","342","312","302","379",
"제주특별자치도","계","79세","수급자수","","239","175","227","258","226","237","221","195","222","276","255","324","389","361","324","309",
"제주특별자치도","계","80 - 84세","수급자수","","780","838","845","847","886","846","973","973","917","1058","1164","1260","1495","1638","1753","1810",
"제주특별자치도","계","80세","수급자수","","220","215","164","209","250","203","238","202","185","250","276","264","351","388","375","338",
"제주특별자치도","계","81세","수급자수","","190","204","190","153","200","202","218","211","183","226","247","287","294","355","400","370",
"제주특별자치도","계","82세","수급자수","","164","175","189","177","135","219","223","200","187","192","236","253","310","311","361","408",
"제주특별자치도","계","83세","수급자수","","95","157","162","166","156","201","182","198","182","203","195","251","267","306","313","379",
"제주특별자치도","계","84세","수급자수","","111","87","140","142","145","221","112","162","180","187","210","205","273","278","304","315",
"제주특별자치도","계","85 - 89세","수급자수","","563","560","466","424","393","429","504","488","489","624","724","837","995","1094","1166","1277",
"제주특별자치도","계","85세","수급자수","","60","105","82","117","127","171","136","102","132","180","197","215","224","259","268","319",
"제주특별자치도","계","86세","수급자수","","184","59","98","71","103","116","121","115","87","128","190","197","238","221","254","275",
"제주특별자치도","계","87세","수급자수","","125","166","54","80","58","137","102","107","101","101","134","188","199","238","228","244",
"제주특별자치도","계","88세","수급자수","","123","114","132","47","70","126","89","84","98","105","96","143","185","189","232","216",
"제주특별자치도","계","89세","수급자수","","71","116","100","109","35","108","56","80","71","110","107","94","149","187","184","223",
"제주특별자치도","계","90 - 94세","수급자수","","205","221","241","262","286","247","221","200","203","205","286","344","407","472","553","631",
"제주특별자치도","계","90세","수급자수","","54","76","94","92","91","94","48","46","70","70","99","104","100","142","181","180",
"제주특별자치도","계","91세","수급자수","","51","42","59","69","78","51","28","39","39","62","69","96","106","91","129","163",
"제주특별자치도","계","92세","수급자수","","41","41","33","48","59","50","58","23","32","34","59","67","91","100","91","124",
"제주특별자치도","계","93세","수급자수","","32","36","30","27","39","35","54","47","20","26","35","49","63","84","81","82",
"제주특별자치도","계","94세","수급자수","","27","26","25","26","19","77","33","45","42","13","24","28","47","55","71","82",
"제주특별자치도","계","95 - 99세","수급자수","","51","58","58","49","46","45","53","62","80","102","92","93","103","101","114","155",
"제주특별자치도","계","95세","수급자수","","15","23","20","15","15","65","21","25","34","41","14","20","26","41","47","61",
"제주특별자치도","계","96세","수급자수","","12","11","16","15","11","39","14","16","20","23","38","11","17","19","33","42",
"제주특별자치도","계","97세","수급자수","","10","8","8","10","9","31","10","12","14","19","17","37","10","13","17","28",
"제주특별자치도","계","98세","수급자수","","13","8","8","5","6","17","3","6","8","14","13","13","34","8","10","12",
"제주특별자치도","계","99세","수급자수","","1","8","6","4","5","10","5","3","4","5","10","12","16","20","7","12",
"제주특별자치도","계","100세 이상","수급자수","","14","12","10","12","10","8","9","10","11","14","13","18","24","38","40","32",
"제주특별자치도","남자","계","수급자수","","9491","9617","9307","8508","8280","7849","10094","9750","9164","9742","10367","12474","14152","14521","15149","16131",
"제주특별자치도","남자","0 - 4세","수급자수","","319","315","297","271","257","221","222","188","174","203","233","283","313","287","263","270",
"제주특별자치도","남자","0세","수급자수","","43","41","45","34","27","18","22","25","24","32","21","26","28","23","22","30",
"제주특별자치도","남자","1세","수급자수","","52","62","56","54","44","37","25","27","37","38","48","38","55","48","37","44",
"제주특별자치도","남자","2세","수급자수","","70","58","61","60","61","45","41","31","29","42","47","72","58","58","59","44",
"제주특별자치도","남자","3세","수급자수","","78","74","59","65","57","58","60","47","37","39","57","69","83","66","73","71",
"제주특별자치도","남자","4세","수급자수","","76","80","76","58","68","63","74","58","47","52","60","78","89","92","72","81",
"제주특별자치도","남자","5 - 9세","수급자수","","670","609","591","480","421","352","761","770","663","644","644","739","822","769","802","803",
"제주특별자치도","남자","5세","수급자수","","99","80","94","72","53","65","80","77","62","59","68","84","96","92","116","85",
"제주특별자치도","남자","6세","수급자수","","100","122","89","87","71","57","91","78","73","79","61","102","103","103","105","124",
"제주특별자치도","남자","7세","수급자수","","144","112","126","79","91","65","166","175","166","161","158","137","201","172","162","174",
"제주특별자치도","남자","8세","수급자수","","137","144","126","125","79","0","229","203","170","174","165","203","179","207","183","193",
"제주특별자치도","남자","9세","수급자수","","190","151","156","117","127","0","195","237","192","171","192","213","243","195","236","227",
"제주특별자치도","남자","10 - 14세","수급자수","","1275","1231","1072","925","813","713","1165","1199","1083","1017","1002","1187","1335","1372","1373","1377",
"제주특별자치도","남자","10세","수급자수","","203","200","150","141","119","0","183","207","211","184","190","234","237","254","207","251",
"제주특별자치도","남자","11세","수급자수","","223","225","202","141","140","87","234","210","200","206","206","235","292","245","272","229",
"제주특별자치도","남자","12세","수급자수","","244","232","229","201","146","78","219","251","202","195","193","238","266","309","269","275",
"제주특별자치도","남자","13세","수급자수","","308","258","236","210","202","128","250","249","238","206","211","240","270","283","331","279",
"제주특별자치도","남자","14세","수급자수","","297","316","255","232","206","116","279","282","232","226","202","240","270","281","294","343",
"제주특별자치도","남자","15 - 19세","수급자수","","1544","1548","1497","1358","1288","1140","1711","1632","1379","1269","1184","1244","1292","1285","1321","1382",
"제주특별자치도","남자","15세","수급자수","","339","314","325","251","229","133","341","315","272","242","233","241","276","269","282","319",
"제주특별자치도","남자","16세","수급자수","","336","345","310","312","253","145","356","381","285","277","252","257","257","277","293","292",
"제주특별자치도","남자","17세","수급자수","","350","335","337","287","313","191","380","393","345","274","260","280","268","266","276","303",
"제주특별자치도","남자","18세","수급자수","","295","336","315","303","265","199","381","364","313","313","255","286","302","281","263","286",
"제주특별자치도","남자","19세","수급자수","","224","218","210","205","228","218","253","179","164","163","184","180","189","192","207","182",
"제주특별자치도","남자","20 - 24세","수급자수","","343","408","438","402","427","435","491","452","395","437","465","580","627","589","596","630",
"제주특별자치도","남자","20세","수급자수","","86","111","110","88","114","253","121","124","86","85","96","134","123","120","113","139",
"제주특별자치도","남자","21세","수급자수","","56","80","100","94","78","290","96","82","96","89","99","103","127","108","121","104",
"제주특별자치도","남자","22세","수급자수","","72","80","97","94","106","180","107","102","78","115","103","137","134","139","127","133",
"제주특별자치도","남자","23세","수급자수","","72","76","73","72","82","103","85","82","78","82","86","113","128","119","145","132",
"제주특별자치도","남자","24세","수급자수","","57","61","58","54","47","92","82","62","57","66","81","93","115","103","90","122",
"제주특별자치도","남자","25 - 29세","수급자수","","136","135","132","126","124","123","143","157","136","134","147","226","287","293","316","335",
"제주특별자치도","남자","25세","수급자수","","47","44","34","35","39","80","54","58","46","43","49","71","89","91","93","86",
"제주특별자치도","남자","26세","수급자수","","24","35","33","24","25","92","34","32","33","35","34","45","56","63","68","77",
"제주특별자치도","남자","27세","수급자수","","23","20","28","28","19","68","29","27","21","26","24","44","56","47","60","65",
"제주특별자치도","남자","28세","수급자수","","18","19","15","25","23","38","18","22","19","14","25","38","41","52","47","56",
"제주특별자치도","남자","29세","수급자수","","24","17","22","14","18","33","8","18","17","16","15","28","45","40","48","51",
"제주특별자치도","남자","30 - 34세","수급자수","","175","171","136","126","117","105","118","92","95","112","122","145","191","221","268","279",
"제주특별자치도","남자","30세","수급자수","","25","25","18","19","13","16","25","12","16","20","22","20","45","49","56","47",
"제주특별자치도","남자","31세","수급자수","","31","34","22","28","18","13","17","22","11","17","23","26","34","52","59","58",
"제주특별자치도","남자","32세","수급자수","","37","30","31","25","32","23","17","18","27","18","21","32","36","42","59","65",
"제주특별자치도","남자","33세","수급자수","","42","40","28","26","27","17","28","18","21","32","24","31","39","36","50","61",
"제주특별자치도","남자","34세","수급자수","","40","42","37","28","27","13","31","22","20","25","32","36","37","42","44","48",
"제주특별자치도","남자","35 - 39세","수급자수","","352","327","290","234","221","196","247","223","207","215","216","307","327","312","313","326",
"제주특별자치도","남자","35세","수급자수","","49","42","49","39","30","19","43","31","27","25","29","51","48","48","50","48",
"제주특별자치도","남자","36세","수급자수","","47","52","48","50","37","27","45","45","38","31","34","46","62","59","59","57",
"제주특별자치도","남자","37세","수급자수","","64","49","53","45","47","29","46","48","46","48","37","57","54","68","62","66",
"제주특별자치도","남자","38세","수급자수","","92","82","45","51","48","30","47","44","50","51","57","67","77","59","76","70",
"제주특별자치도","남자","39세","수급자수","","100","102","95","49","59","32","66","55","46","60","59","86","86","78","66","85",
"제주특별자치도","남자","40 - 44세","수급자수","","699","699","647","555","487","404","434","377","314","358","364","475","606","599","610","628",
"제주특별자치도","남자","40세","수급자수","","124","120","110","91","51","35","59","62","43","59","66","84","111","100","84","91",
"제주특별자치도","남자","41세","수급자수","","128","134","119","101","95","50","75","69","60","60","71","99","117","116","109","105",
"제주특별자치도","남자","42세","수급자수","","127","138","138","105","100","49","68","70","65","65","67","90","129","125","123","128",
"제주특별자치도","남자","43세","수급자수","","166","136","144","133","100","57","117","67","70","78","76","101","121","136","148","142",
"제주특별자치도","남자","44세","수급자수","","154","171","136","125","141","56","115","109","76","96","84","101","128","122","146","162",
"제주특별자치도","남자","45 - 49세","수급자수","","943","900","883","753","711","690","761","669","643","634","648","775","817","774","794","822",
"제주특별자치도","남자","45세","수급자수","","153","164","172","127","135","97","117","107","110","86","116","119","134","131","135","142",
"제주특별자치도","남자","46세","수급자수","","191","155","168","161","124","99","166","111","112","123","106","134","135","143","140","155",
"제주특별자치도","남자","47세","수급자수","","195","189","149","153","160","95","164","162","112","120","135","155","166","149","173","155",
"제주특별자치도","남자","48세","수급자수","","194","201","197","133","151","134","147","151","162","131","150","175","179","174","163","184",
"제주특별자치도","남자","49세","수급자수","","210","191","197","179","141","138","167","138","147","174","141","192","203","177","183","186",
"제주특별자치도","남자","50 - 54세","수급자수","","812","870","882","817","874","844","867","836","773","841","892","1115","1256","1268","1254","1276",
"제주특별자치도","남자","50세","수급자수","","188","211","178","182","171","127","148","162","141","163","196","208","236","216","199","208",
"제주특별자치도","남자","51세","수급자수","","167","180","207","158","183","149","167","136","155","151","172","242","255","252","217","219",
"제주특별자치도","남자","52세","수급자수","","169","172","178","177","168","142","187","165","127","179","159","214","279","258","271","248",
"제주특별자치도","남자","53세","수급자수","","131","173","157","162","183","155","194","179","174","157","195","197","251","286","263","310",
"제주특별자치도","남자","54세","수급자수","","157","134","162","138","169","165","171","194","176","191","170","254","235","256","304","291",
"제주특별자치도","남자","55 - 59세","수급자수","","505","570","617","612","657","690","835","826","871","940","1053","1258","1402","1408","1393","1547",
"제주특별자치도","남자","55세","수급자수","","120","156","141","152","141","186","201","155","183","192","219","218","277","255","266","323",
"제주특별자치도","남자","56세","수급자수","","79","124","140","121","151","154","172","192","161","173","202","267","257","279","252","295",
"제주특별자치도","남자","57세","수급자수","","123","83","134","129","126","184","154","166","195","177","192","252","284","267","312","281",
"제주특별자치도","남자","58세","수급자수","","95","118","86","130","125","163","162","153","177","206","205","253","297","292","275","348",
"제주특별자치도","남자","59세","수급자수","","88","89","116","80","114","131","146","160","155","192","235","268","287","315","288","300",
"제주특별자치도","남자","60 - 64세","수급자수","","432","453","438","425","425","482","609","638","685","836","988","1263","1500","1547","1675","1774",
"제주특별자치도","남자","60세","수급자수","","77","92","84","107","78","143","150","147","162","178","204","287","302","298","329","319",
"제주특별자치도","남자","61세","수급자수","","91","78","92","79","107","131","136","139","149","171","197","272","330","305","343","344",
"제주특별자치도","남자","62세","수급자수","","92","91","76","76","85","122","97","131","138","170","209","236","316","331","324","359",
"제주특별자치도","남자","63세","수급자수","","101","97","91","68","82","120","122","101","133","163","192","242","275","310","348","355",
"제주특별자치도","남자","64세","수급자수","","71","95","95","95","73","80","104","120","103","154","186","226","277","303","331","397",
"제주특별자치도","남자","65 - 69세","수급자수","","475","493","484","470","478","483","573","555","570","645","788","1039","1243","1419","1609","1810",
"제주특별자치도","남자","65세","수급자수","","82","76","96","110","100","110","100","102","130","122","199","277","264","322","338","380",
"제주특별자치도","남자","66세","수급자수","","85","90","84","101","114","88","109","95","108","151","145","231","311","292","350","377",
"제주특별자치도","남자","67세","수급자수","","116","89","96","83","93","84","120","110","99","134","168","172","259","336","305","383",
"제주특별자치도","남자","68세","수급자수","","98","126","89","87","86","83","135","118","118","112","147","196","196","272","335","334",
"제주특별자치도","남자","69세","수급자수","","94","112","119","89","85","102","109","130","115","126","129","163","213","197","281","336",
"제주특별자치도","남자","70 - 74세","수급자수","","415","446","459","481","470","449","508","476","483","588","644","748","858","965","1008","1132",
"제주특별자치도","남자","70세","수급자수","","93","96","98","116","96","117","87","100","128","135","133","142","181","224","216","288",
"제주특별자치도","남자","71세","수급자수","","95","98","90","96","115","98","94","85","96","141","145","148","167","191","236","219",
"제주특별자치도","남자","72세","수급자수","","81","99","97","86","94","83","105","89","78","126","144","165","176","172","187","244",
"제주특별자치도","남자","73세","수급자수","","74","85","97","94","82","84","125","94","89","87","127","157","169","199","171","197",
"제주특별자치도","남자","74세","수급자수","","72","68","77","89","83","92","97","108","92","99","95","136","165","179","198","184",
"제주특별자치도","남자","75 - 79세","수급자수","","237","265","273","285","316","314","379","385","412","482","497","537","608","659","717","813",
"제주특별자치도","남자","75세","수급자수","","70","73","57","75","89","109","75","87","103","99","104","102","141","176","180","192",
"제주특별자치도","남자","76세","수급자수","","53","66","68","50","68","91","93","68","83","117","95","107","114","143","166","181",
"제주특별자치도","남자","77세","수급자수","","51","50","62","56","54","73","90","87","61","94","121","100","107","117","152","172",
"제주특별자치도","남자","78세","수급자수","","31","46","46","59","50","78","61","90","83","75","96","125","113","106","110","151",
"제주특별자치도","남자","79세","수급자수","","32","30","40","45","55","80","60","53","82","97","81","103","133","117","109","117",
"제주특별자치도","남자","80 - 84세","수급자수","","94","103","104","121","136","152","206","211","216","292","337","372","447","495","522","543",
"제주특별자치도","남자","80세","수급자수","","24","32","28","35","45","59","62","53","51","91","91","76","111","128","110","110",
"제주특별자치도","남자","81세","수급자수","","25","23","26","27","31","51","52","49","47","70","88","92","85","110","130","110",
"제주특별자치도","남자","82세","수급자수","","15","23","20","25","25","46","45","47","44","46","71","88","91","89","109","126",
"제주특별자치도","남자","83세","수급자수","","13","16","21","17","20","47","28","38","42","41","46","70","85","90","89","107",
"제주특별자치도","남자","84세","수급자수","","17","9","9","17","15","41","19","24","32","44","41","46","75","78","84","90",
"제주특별자치도","남자","85 - 89세","수급자수","","49","60","51","45","33","35","48","50","55","84","114","143","177","211","253","300",
"제주특별자치도","남자","85세","수급자수","","9","14","8","9","13","27","17","16","19","32","43","41","43","65","75","82",
"제주특별자치도","남자","86세","수급자수","","22","13","12","7","6","21","12","13","12","16","32","39","44","37","63","77",
"제주특별자치도","남자","87세","수급자수","","7","17","11","9","3","16","8","9","10","14","16","34","40","41","40","56",
"제주특별자치도","남자","88세","수급자수","","8","7","14","10","7","13","7","8","7","12","14","18","33","36","46","44",
"제주특별자치도","남자","89세","수급자수","","3","9","6","10","4","9","4","4","7","10","9","11","17","32","29","41",
"제주특별자치도","남자","90 - 94세","수급자수","","12","10","12","18","24","20","16","12","7","10","23","33","38","43","54","75",
"제주특별자치도","남자","90세","수급자수","","8","3","7","6","8","6","5","2","1","4","11","9","9","13","27","27",
"제주특별자치도","남자","91세","수급자수","","1","5","2","7","7","3","3","3","2","1","4","11","10","8","10","21",
"제주특별자치도","남자","92세","수급자수","","2","1","2","2","7","4","1","3","2","2","2","4","12","9","8","12",
"제주특별자치도","남자","93세","수급자수","","0","1","1","2","1","4","4","1","2","1","5","4","5","7","4","10",
"제주특별자치도","남자","94세","수급자수","","1","0","0","1","1","6","3","3","0","2","1","5","2","6","5","5",
"제주특별자치도","남자","95 - 99세","수급자수","","3","3","3","2","1","0","0","2","3","1","6","5","5","4","6","8",
"제주특별자치도","남자","95세","수급자수","","1","1","0","0","0","4","0","2","2","0","2","0","2","0","2","6",
"제주특별자치도","남자","96세","수급자수","","0","1","1","0","0","5","0","0","1","0","1","1","-","2","1","1",
"제주특별자치도","남자","97세","수급자수","","1","0","1","1","0","1","0","0","0","1","1","1","2","0","1","1",
"제주특별자치도","남자","98세","수급자수","","1","1","0","1","0","0","0","0","0","0","2","1","-","2","0","0",
"제주특별자치도","남자","99세","수급자수","","0","0","1","0","1","0","0","0","0","0","0","2","1","0","2","0",
"제주특별자치도","남자","100세 이상","수급자수","","1","1","1","2","0","1","0","0","","0","0","0","1","1","2","1",
"제주특별자치도","여자","계","수급자수","","12707","12803","12387","11333","10787","10110","12394","11668","10889","11599","12186","14422","16482","17176","18053","19162",
"제주특별자치도","여자","0 - 4세","수급자수","","288","287","265","247","215","201","241","200","163","168","175","217","264","250","249","259",
"제주특별자치도","여자","0세","수급자수","","42","31","37","34","19","32","24","16","15","22","18","21","22","25","25","28",
"제주특별자치도","여자","1세","수급자수","","42","54","47","52","45","26","46","35","27","19","31","44","45","35","38","38",
"제주특별자치도","여자","2세","수급자수","","62","55","59","46","50","47","37","49","36","36","36","44","64","55","46","61",
"제주특별자치도","여자","3세","수급자수","","68","69","52","59","47","50","66","34","49","44","34","56","60","60","63","51",
"제주특별자치도","여자","4세","수급자수","","74","78","70","56","54","46","68","66","36","47","56","52","73","75","77","81",
"제주특별자치도","여자","5 - 9세","수급자수","","626","566","527","448","406","361","729","645","570","579","607","732","796","733","735","716",
"제주특별자치도","여자","5세","수급자수","","81","75","87","72","57","50","59","60","71","47","65","86","81","81","79","99",
"제주특별자치도","여자","6세","수급자수","","86","92","88","89","83","58","74","60","56","82","62","104","112","91","107","98",
"제주특별자치도","여자","7세","수급자수","","118","97","105","86","88","78","183","139","146","139","152","156","185","161","146","153",
"제주특별자치도","여자","8세","수급자수","","150","138","112","95","83","7","197","174","135","161","153","196","188","200","184","169",
"제주특별자치도","여자","9세","수급자수","","191","164","135","106","95","6","216","212","162","150","175","190","230","200","219","197",
"제주특별자치도","여자","10 - 14세","수급자수","","1226","1194","1103","897","780","683","1109","1097","1024","937","907","1081","1217","1250","1263","1318",
"제주특별자치도","여자","10세","수급자수","","191","210","172","125","100","5","183","204","199","176","162","210","229","238","219","242",
"제주특별자치도","여자","11세","수급자수","","213","199","218","160","126","90","206","203","190","178","175","202","235","232","266","242",
"제주특별자치도","여자","12세","수급자수","","266","220","195","212","158","85","219","211","197","192","188","226","237","245","244","288",
"제주특별자치도","여자","13세","수급자수","","273","283","222","180","206","91","223","244","197","190","194","219","268","255","262","267",
"제주특별자치도","여자","14세","수급자수","","283","282","296","220","190","93","278","235","241","201","188","224","248","280","272","279",
"제주특별자치도","여자","15 - 19세","수급자수","","1635","1663","1561","1404","1300","1142","1733","1688","1360","1255","1132","1162","1213","1235","1326","1426",
"제주특별자치도","여자","15세","수급자수","","332","294","288","281","214","126","363","312","223","236","196","219","256","257","298","295",
"제주특별자치도","여자","16세","수급자수","","341","354","296","274","278","164","336","415","299","220","252","229","240","270","275","317",
"제주특별자치도","여자","17세","수급자수","","374","345","354","285","268","209","390","357","374","291","208","275","258","247","297","301",
"제주특별자치도","여자","18세","수급자수","","342","364","325","316","269","181","402","365","303","342","275","225","279","264","264","314",
"제주특별자치도","여자","19세","수급자수","","246","306","298","248","271","209","242","239","161","166","201","214","180","197","192","199",
"제주특별자치도","여자","20 - 24세","수급자수","","501","541","611","575","582","586","664","615","577","550","531","669","802","773","751","768",
"제주특별자치도","여자","20세","수급자수","","190","216","238","214","202","262","216","187","196","141","156","207","216","172","180","177",
"제주특별자치도","여자","21세","수급자수","","132","143","158","164","164","253","191","163","127","163","118","167","216","194","158","179",
"제주특별자치도","여자","22세","수급자수","","82","80","107","93","111","237","124","136","117","112","125","117","156","190","163","143",
"제주특별자치도","여자","23세","수급자수","","57","51","69","60","57","234","81","75","77","73","75","105","113","122","148","144",
"제주특별자치도","여자","24세","수급자수","","40","51","39","44","48","140","52","54","60","61","57","73","101","95","102","125",
"제주특별자치도","여자","25 - 29세","수급자수","","139","134","137","146","137","138","152","126","147","159","184","228","272","282","305","349",
"제주특별자치도","여자","25세","수급자수","","19","27","35","29","39","114","32","34","43","50","50","59","65","80","81","87",
"제주특별자치도","여자","26세","수급자수","","36","20","24","31","22","68","30","23","25","25","29","54","50","51","71","75",
"제주특별자치도","여자","27세","수급자수","","21","34","19","20","32","30","35","26","24","25","36","42","62","42","47","75",
"제주특별자치도","여자","28세","수급자수","","32","20","37","29","15","38","20","28","29","27","30","37","50","57","43","49",
"제주특별자치도","여자","29세","수급자수","","31","33","22","37","29","30","35","15","26","32","39","36","45","52","63","63",
"제주특별자치도","여자","30 - 34세","수급자수","","263","257","245","203","180","173","200","176","154","162","183","291","350","374","390","412",
"제주특별자치도","여자","30세","수급자수","","43","36","37","26","35","22","19","37","17","25","39","59","48","56","68","76",
"제주특별자치도","여자","31세","수급자수","","36","48","42","33","30","32","37","18","33","26","36","59","78","66","61","71",
"제주특별자치도","여자","32세","수급자수","","60","47","49","42","30","16","45","30","18","36","30","60","74","93","77","71",
"제주특별자치도","여자","33세","수급자수","","59","64","50","50","39","28","47","46","36","32","36","49","80","73","96","86",
"제주특별자치도","여자","34세","수급자수","","65","62","67","52","46","37","52","45","50","43","42","64","70","86","88","108",
"제주특별자치도","여자","35 - 39세","수급자수","","626","616","533","426","368","331","376","325","302","347","399","531","624","597","597","605",
"제주특별자치도","여자","35세","수급자수","","92","80","64","61","53","31","61","51","51","59","63","69","99","79","94","88",
"제주특별자치도","여자","36세","수급자수","","119","98","85","64","65","31","70","67","56","68","79","105","106","115","79","121",
"제주특별자치도","여자","37세","수급자수","","136","137","107","75","65","46","67","61","67","59","83","113","125","114","125","92",
"제주특별자치도","여자","38세","수급자수","","147","144","133","108","78","56","82","66","63","83","80","120","142","137","137","147",
"제주특별자치도","여자","39세","수급자수","","132","157","144","118","107","59","96","80","65","78","94","124","152","152","162","157",
"제주특별자치도","여자","40 - 44세","수급자수","","933","904","890","791","733","666","699","594","521","519","537","731","862","919","1008","1085",
"제주특별자치도","여자","40세","수급자수","","163","152","167","139","123","63","104","90","83","73","90","146","165","158","177","179",
"제주특별자치도","여자","41세","수급자수","","198","167","167","160","142","69","123","104","87","99","96","154","177","192","183","214",
"제주특별자치도","여자","42세","수급자수","","182","204","163","164","161","84","145","110","99","94","115","135","184","192","226","218",
"제주특별자치도","여자","43세","수급자수","","194","191","211","138","171","106","153","143","117","120","111","140","169","200","213","254",
"제주특별자치도","여자","44세","수급자수","","196","190","182","190","136","119","174","147","135","133","125","156","167","177","209","220",
"제주특별자치도","여자","45 - 49세","수급자수","","850","892","895","832","846","783","851","777","727","765","804","961","1074","1085","1111","1132",
"제주특별자치도","여자","45세","수급자수","","176","195","184","173","196","134","186","161","140","147","144","162","192","193","197","229",
"제주특별자치도","여자","46세","수급자수","","184","181","180","174","170","150","142","162","148","156","147","189","185","201","226","216",
"제주특별자치도","여자","47세","수급자수","","206","189","175","166","177","157","188","124","156","160","155","191","231","204","217","234",
"제주특별자치도","여자","48세","수급자수","","136","194","183","159","157","128","168","172","120","168","167","205","226","239","218","226",
"제주특별자치도","여자","49세","수급자수","","148","133","173","160","146","187","167","158","163","134","191","214","240","248","253","227",
"제주특별자치도","여자","50 - 54세","수급자수","","598","635","637","641","674","631","698","705","680","739","782","992","1172","1205","1251","1343",
"제주특별자치도","여자","50세","수급자수","","144","142","128","163","153","157","157","152","147","170","139","228","244","265","258","277",
"제주특별자치도","여자","51세","수급자수","","118","145","139","117","159","165","126","143","145","154","175","172","260","238","259","260",
"제주특별자치도","여자","52세","수급자수","","104","112","151","121","111","146","149","123","139","156","171","203","197","253","257","261",
"제주특별자치도","여자","53세","수급자수","","116","112","107","139","112","128","154","136","121","138","160","198","243","209","264","275",
"제주특별자치도","여자","54세","수급자수","","116","124","112","101","139","143","112","151","128","121","137","191","228","240","213","270",
"제주특별자치도","여자","55 - 59세","수급자수","","407","444","510","473","496","540","587","578","610","718","731","881","1007","1057","1128","1242",
"제주특별자치도","여자","55세","수급자수","","84","115","115","102","97","151","120","113","139","140","116","163","223","227","240","239",
"제주특별자치도","여자","56세","수급자수","","84","84","118","99","100","102","150","113","110","160","148","143","190","232","238","255",
"제주특별자치도","여자","57세","수급자수","","93","83","92","114","98","107","101","143","123","126","176","179","165","201","246","256",
"제주특별자치도","여자","58세","수급자수","","64","100","85","78","115","139","113","100","141","138","142","207","204","176","214","256",
"제주특별자치도","여자","59세","수급자수","","82","62","100","80","86","92","103","109","97","154","149","189","225","221","190","236",
"제주특별자치도","여자","60 - 64세","수급자수","","479","484","476","452","421","392","515","535","538","628","772","990","1148","1249","1325","1334",
"제주특별자치도","여자","60세","수급자수","","96","86","63","100","85","99","127","102","112","115","165","195","218","245","233","204",
"제주특별자치도","여자","61세","수급자수","","100","107","82","60","93","96","91","126","105","139","134","223","231","246","253","249",
"제주특별자치도","여자","62세","수급자수","","87","107","112","75","60","114","98","94","130","118","164","174","255","252","269","286",
"제주특별자치도","여자","63세","수급자수","","92","90","117","104","73","81","117","97","95","143","142","202","202","280","272","299",
"제주특별자치도","여자","64세","수급자수","","104","94","102","113","110","79","82","116","96","113","167","196","242","226","298","296",
"제주특별자치도","여자","65 - 69세","수급자수","","734","711","638","595","570","595","697","657","646","745","806","980","1190","1344","1452","1641",
"제주특별자치도","여자","65세","수급자수","","107","113","93","109","118","95","114","92","119","133","151","238","249","272","268","337",
"제주특별자치도","여자","66세","수급자수","","144","114","111","104","117","63","146","119","107","150","162","192","281","287","306","294",
"제주특별자치도","여자","67세","수급자수","","152","152","117","110","103","74","149","143","122","125","181","184","231","302","301","326",
"제주특별자치도","여자","68세","수급자수","","163","167","150","125","108","124","157","152","145","155","142","198","204","255","328","326",
"제주특별자치도","여자","69세","수급자수","","168","165","167","147","124","127","131","151","153","182","170","168","225","228","249","358",
"제주특별자치도","여자","70 - 74세","수급자수","","943","949","902","852","799","738","803","709","679","796","871","974","1082","1152","1236","1335",
"제주특별자치도","여자","70세","수급자수","","186","179","164","166","151","127","134","128","148","176","192","196","197","249","250","282",
"제주특별자치도","여자","71세","수급자수","","194","199","176","159","165","108","147","126","130","180","179","208","222","211","266","273",
"제주특별자치도","여자","72세","수급자수","","187","195","199","167","155","109","163","126","120","147","190","191","224","231","232","283",
"제주특별자치도","여자","73세","수급자수","","175","190","187","186","159","122","184","154","129","142","160","203","211","229","247","240",
"제주특별자치도","여자","74세","수급자수","","201","186","176","174","169","141","175","175","152","151","150","176","228","232","241","257",
"제주특별자치도","여자","75 - 79세","수급자수","","1005","1014","1008","945","853","783","850","783","772","916","966","1003","1053","1082","1137","1219",
"제주특별자치도","여자","75세","수급자수","","219","210","177","169","172","166","175","169","174","175","171","176","191","243","242","254",
"제주특별자치도","여자","76세","수급자수","","237","229","204","171","160","151","185","158","154","202","189","178","181","203","258","262",
"제주특별자치도","여자","77세","수급자수","","195","242","209","200","161","158","171","165","146","190","226","196","196","186","230","283",
"제주특별자치도","여자","78세","수급자수","","147","188","231","192","189","158","158","149","158","170","206","232","229","206","192","228",
"제주특별자치도","여자","79세","수급자수","","207","145","187","213","171","157","161","142","140","179","174","221","256","244","215","192",
"제주특별자치도","여자","80 - 84세","수급자수","","686","735","741","726","750","694","767","762","701","766","827","888","1048","1143","1231","1267",
"제주특별자치도","여자","80세","수급자수","","196","183","136","174","205","144","176","149","134","159","185","188","240","260","265","228",
"제주특별자치도","여자","81세","수급자수","","165","181","164","126","169","151","166","162","136","156","159","195","209","245","270","260",
"제주특별자치도","여자","82세","수급자수","","149","152","169","152","110","173","178","153","143","146","165","165","219","222","252","282",
"제주특별자치도","여자","83세","수급자수","","82","141","141","149","136","154","154","160","140","162","149","181","182","216","224","272",
"제주특별자치도","여자","84세","수급자수","","94","78","131","125","130","180","93","138","148","143","169","159","198","200","220","225",
"제주특별자치도","여자","85 - 89세","수급자수","","514","500","415","379","360","394","456","438","434","540","610","694","818","883","913","977",
"제주특별자치도","여자","85세","수급자수","","51","91","74","108","114","144","119","86","113","148","154","174","181","194","193","237",
"제주특별자치도","여자","86세","수급자수","","162","46","86","64","97","95","109","102","75","112","158","158","194","184","191","198",
"제주특별자치도","여자","87세","수급자수","","118","149","43","71","55","121","94","98","91","87","118","154","159","197","188","188",
"제주특별자치도","여자","88세","수급자수","","115","107","118","37","63","113","82","76","91","93","82","125","152","153","186","172",
"제주특별자치도","여자","89세","수급자수","","68","107","94","99","31","99","52","76","64","100","98","83","132","155","155","182",
"제주특별자치도","여자","90 - 94세","수급자수","","193","211","229","244","262","227","205","188","196","195","263","311","369","429","499","556",
"제주특별자치도","여자","90세","수급자수","","46","73","87","86","83","88","43","44","69","66","88","95","91","129","154","153",
"제주특별자치도","여자","91세","수급자수","","50","37","57","62","71","48","25","36","37","61","65","85","96","83","119","142",
"제주특별자치도","여자","92세","수급자수","","39","40","31","46","52","46","57","20","30","32","57","63","79","91","83","112",
"제주특별자치도","여자","93세","수급자수","","32","35","29","25","38","31","50","46","18","25","30","45","58","77","77","72",
"제주특별자치도","여자","94세","수급자수","","26","26","25","25","18","71","30","42","42","11","23","23","45","49","66","77",
"제주특별자치도","여자","95 - 99세","수급자수","","48","55","55","47","45","45","53","60","77","101","86","88","98","97","108","147",
"제주특별자치도","여자","95세","수급자수","","14","22","20","15","15","61","21","23","32","41","12","20","24","41","45","55",
"제주특별자치도","여자","96세","수급자수","","12","10","15","15","11","34","14","16","19","23","37","10","17","17","32","41",
"제주특별자치도","여자","97세","수급자수","","9","8","7","9","9","30","10","12","14","18","16","36","8","13","16","27",
"제주특별자치도","여자","98세","수급자수","","12","7","8","4","6","17","3","6","8","14","11","12","34","6","10","12",
"제주특별자치도","여자","99세","수급자수","","1","8","5","4","4","10","5","3","4","5","10","10","15","20","5","12",
"제주특별자치도","여자","100세 이상","수급자수","","13","11","9","10","10","7","9","10","11","14","13","18","23","37","38","31",
